profile_variant,scenario,scenario_seed,planner,node_count,lora_nodes,zigbee_nodes,ble_nodes,wifi_nodes,total_time_s,flight_distance_m,max_blackout_s,meets_90s_budget,mission_feasible,wait_time_s,service_time_s,protocol_switches,radio_obstacle_hits,runtime_ms,route
public_measurement_informed,random_heterogeneous_iot_public_measurement_informed_seed_101,101,distance_only,14,1,7,3,3,1323.355,2469.723,105.716,0,1,620.767,524.105,8,2,0.03,N14 -> N03 -> N07 -> N08 -> N06 -> N12 -> N11 -> N02 -> N01 -> N13 -> N10 -> N09 -> N04 -> N05
public_measurement_informed,random_heterogeneous_iot_public_measurement_informed_seed_101,101,ordinary_collection,14,1,7,3,3,1416.677,2510.633,141.478,0,1,681.658,553.58,7,2,7.4,N14 -> N05 -> N04 -> N09 -> N10 -> N13 -> N01 -> N02 -> N11 -> N12 -> N06 -> N08 -> N07 -> N03
public_measurement_informed,random_heterogeneous_iot_public_measurement_informed_seed_101,101,protocol_aware,14,1,7,3,3,1016.546,3537.608,64.994,1,1,227.825,533.065,6,2,306.149,N14 -> N09 -> N04 -> N05 -> N10 -> N02 -> N13 -> N01 -> N08 -> N11 -> N07 -> N12 -> N06 -> N03
public_measurement_informed,random_heterogeneous_iot_public_measurement_informed_seed_101,101,bounded_blackout,14,1,7,3,3,871.871,3336.197,60.503,1,1,97.969,532.801,7,2,1900.313,N03 -> N07 -> N14 -> N06 -> N12 -> N04 -> N05 -> N10 -> N09 -> N02 -> N13 -> N01 -> N08 -> N11
public_measurement_informed,random_heterogeneous_iot_public_measurement_informed_seed_101,101,genetic_algorithm,14,1,7,3,3,1034.788,4208.801,101.435,0,1,196.323,534.301,8,2,621.658,N05 -> N03 -> N04 -> N09 -> N12 -> N06 -> N08 -> N01 -> N02 -> N11 -> N10 -> N13 -> N14 -> N07
public_measurement_informed,random_heterogeneous_iot_public_measurement_informed_seed_101,101,particle_swarm,14,1,7,3,3,1034.788,4213.764,98.734,0,1,199.578,530.688,7,2,185.146,N05 -> N03 -> N04 -> N09 -> N06 -> N12 -> N08 -> N11 -> N01 -> N02 -> N10 -> N13 -> N14 -> N07
public_measurement_informed,random_heterogeneous_iot_public_measurement_informed_seed_102,102,distance_only,14,1,8,4,1,1831.075,2356.04,107.818,0,0,605.774,1006.136,10,2,0.025,N06 -> N05 -> N11 -> N04 -> N09 -> N14 -> N02 -> N12 -> N03 -> N01 -> N07 -> N13 -> N08 -> N10
public_measurement_informed,random_heterogeneous_iot_public_measurement_informed_seed_102,102,ordinary_collection,14,1,8,4,1,2000.796,2118.398,290.557,0,0,768.868,1034.869,10,2,15.421,N06 -> N01 -> N03 -> N07 -> N12 -> N02 -> N14 -> N09 -> N04 -> N11 -> N05 -> N10 -> N08 -> N13
public_measurement_informed,random_heterogeneous_iot_public_measurement_informed_seed_102,102,protocol_aware,14,1,8,4,1,1486.921,2627.533,107.504,0,1,250.932,991.569,7,2,242.965,N08 -> N10 -> N07 -> N02 -> N03 -> N14 -> N04 -> N01 -> N09 -> N12 -> N05 -> N13 -> N06 -> N11
public_measurement_informed,random_heterogeneous_iot_public_measurement_informed_seed_102,102,bounded_blackout,14,1,8,4,1,1409.544,2708.314,48.818,1,1,148.799,1008.81,10,2,1827.861,N06 -> N08 -> N03 -> N07 -> N11 -> N14 -> N04 -> N09 -> N10 -> N02 -> N05 -> N01 -> N12 -> N13
public_measurement_informed,random_heterogeneous_iot_public_measurement_informed_seed_102,102,genetic_algorithm,14,1,8,4,1,1505.162,2658.529,83.849,1,0,245.428,1012.429,10,2,688.698,N10 -> N02 -> N04 -> N12 -> N03 -> N14 -> N09 -> N11 -> N07 -> N01 -> N06 -> N13 -> N08 -> N05
public_measurement_informed,random_heterogeneous_iot_public_measurement_informed_seed_102,102,particle_swarm,14,1,8,4,1,1386.278,2817.74,83.849,1,1,130.308,993.857,8,2,222.799,N10 -> N02 -> N03 -> N04 -> N14 -> N12 -> N09 -> N11 -> N07 -> N01 -> N13 -> N06 -> N08 -> N05
public_measurement_informed,random_heterogeneous_iot_public_measurement_informed_seed_103,103,distance_only,14,3,4,3,4,2013.338,2390.659,228.101,0,0,757.02,1063.331,10,0,0.026,N14 -> N04 -> N08 -> N11 -> N02 -> N13 -> N09 -> N01 -> N07 -> N06 -> N12 -> N03 -> N05 -> N10
public_measurement_informed,random_heterogeneous_iot_public_measurement_informed_seed_103,103,ordinary_collection,14,3,4,3,4,2197.473,2386.047,193.951,0,0,934.738,1070.121,12,0,10.199,N05 -> N10 -> N03 -> N12 -> N06 -> N07 -> N01 -> N13 -> N09 -> N02 -> N08 -> N11 -> N04 -> N14
public_measurement_informed,random_heterogeneous_iot_public_measurement_informed_seed_103,103,protocol_aware,14,3,4,3,4,1692.389,3596.999,105.027,0,0,292.914,1109.106,10,0,307.021,N05 -> N09 -> N11 -> N04 -> N08 -> N01 -> N13 -> N03 -> N07 -> N06 -> N12 -> N14 -> N02 -> N10
public_measurement_informed,random_heterogeneous_iot_public_measurement_informed_seed_103,103,bounded_blackout,14,3,4,3,4,1412.726,3185.277,57.065,1,1,72.36,1083.233,8,0,2100.739,N14 -> N05 -> N12 -> N07 -> N11 -> N01 -> N13 -> N09 -> N06 -> N04 -> N08 -> N02 -> N03 -> N10
public_measurement_informed,random_heterogeneous_iot_public_measurement_informed_seed_103,103,genetic_algorithm,14,3,4,3,4,1692.093,2699.194,118.949,0,0,370.724,1103.475,9,0,673.025,N13 -> N08 -> N11 -> N04 -> N09 -> N01 -> N07 -> N06 -> N03 -> N05 -> N12 -> N14 -> N02 -> N10
public_measurement_informed,random_heterogeneous_iot_public_measurement_informed_seed_103,103,particle_swarm,14,3,4,3,4,1692.389,3596.999,105.027,0,0,292.914,1109.106,10,0,219.197,N05 -> N09 -> N11 -> N04 -> N08 -> N01 -> N13 -> N03 -> N07 -> N06 -> N12 -> N14 -> N02 -> N10
public_measurement_informed,random_heterogeneous_iot_public_measurement_informed_seed_104,104,distance_only,14,6,4,1,3,3479.441,2283.23,178.474,0,0,757.85,2509.084,8,1,0.028,N10 -> N14 -> N06 -> N04 -> N11 -> N01 -> N12 -> N03 -> N08 -> N07 -> N05 -> N02 -> N13 -> N09
public_measurement_informed,random_heterogeneous_iot_public_measurement_informed_seed_104,104,ordinary_collection,14,6,4,1,3,3888.088,2272.307,206.271,0,0,993.755,2682.842,7,1,12.954,N10 -> N09 -> N13 -> N07 -> N05 -> N02 -> N01 -> N12 -> N08 -> N03 -> N11 -> N04 -> N06 -> N14
public_measurement_informed,random_heterogeneous_iot_public_measurement_informed_seed_104,104,protocol_aware,14,6,4,1,3,3325.305,3147.474,105.532,0,0,495.721,2536.64,10,1,348.361,N03 -> N08 -> N14 -> N10 -> N11 -> N01 -> N12 -> N06 -> N09 -> N07 -> N05 -> N02 -> N04 -> N13
public_measurement_informed,random_heterogeneous_iot_public_measurement_informed_seed_104,104,bounded_blackout,14,6,4,1,3,3131.103,2952.418,63.564,1,0,167.149,2689.163,9,1,1883.46,N14 -> N02 -> N01 -> N08 -> N11 -> N03 -> N06 -> N05 -> N13 -> N04 -> N10 -> N07 -> N09 -> N12
public_measurement_informed,random_heterogeneous_iot_public_measurement_informed_seed_104,104,genetic_algorithm,14,6,4,1,3,3255.566,2873.884,99.235,0,0,436.517,2551.569,8,1,695.37,N11 -> N08 -> N03 -> N04 -> N13 -> N01 -> N12 -> N07 -> N09 -> N06 -> N05 -> N14 -> N02 -> N10
public_measurement_informed,random_heterogeneous_iot_public_measurement_informed_seed_104,104,particle_swarm,14,6,4,1,3,3255.566,2873.884,94.295,0,0,497.621,2490.465,9,1,290.174,N11 -> N01 -> N08 -> N12 -> N03 -> N04 -> N07 -> N02 -> N09 -> N06 -> N05 -> N14 -> N13 -> N10
public_measurement_informed,random_heterogeneous_iot_public_measurement_informed_seed_105,105,distance_only,14,2,5,5,2,1932.473,2859.292,237.77,0,0,862.259,839.682,9,0,0.026,N05 -> N02 -> N10 -> N08 -> N14 -> N04 -> N11 -> N01 -> N09 -> N13 -> N07 -> N12 -> N03 -> N06
public_measurement_informed,random_heterogeneous_iot_public_measurement_informed_seed_105,105,ordinary_collection,14,2,5,5,2,2115.259,2423.22,233.907,0,0,1097.673,822.212,10,0,18.79,N05 -> N02 -> N10 -> N12 -> N06 -> N03 -> N07 -> N13 -> N09 -> N14 -> N04 -> N11 -> N01 -> N08
public_measurement_informed,random_heterogeneous_iot_public_measurement_informed_seed_105,105,protocol_aware,14,2,5,5,2,1417.329,4462.851,81.677,1,1,224.616,832.892,10,0,377.836,N01 -> N11 -> N09 -> N03 -> N10 -> N06 -> N04 -> N07 -> N12 -> N08 -> N05 -> N02 -> N14 -> N13
public_measurement_informed,random_heterogeneous_iot_public_measurement_informed_seed_105,105,bounded_blackout,14,2,5,5,2,1417.329,4462.851,81.677,1,1,224.616,832.892,10,0,1809.106,N01 -> N11 -> N09 -> N03 -> N10 -> N06 -> N04 -> N07 -> N12 -> N08 -> N05 -> N02 -> N14 -> N13
public_measurement_informed,random_heterogeneous_iot_public_measurement_informed_seed_105,105,genetic_algorithm,14,2,5,5,2,1417.327,4005.901,100.933,0,1,269.703,824.646,8,0,659.27,N01 -> N11 -> N12 -> N03 -> N06 -> N04 -> N10 -> N09 -> N07 -> N08 -> N05 -> N02 -> N14 -> N13
public_measurement_informed,random_heterogeneous_iot_public_measurement_informed_seed_105,105,particle_swarm,14,2,5,5,2,1417.329,4462.851,81.677,1,1,224.616,832.892,10,0,217.72,N01 -> N11 -> N09 -> N03 -> N10 -> N06 -> N04 -> N07 -> N12 -> N08 -> N05 -> N02 -> N14 -> N13
public_measurement_informed,random_heterogeneous_iot_public_measurement_informed_seed_106,106,distance_only,14,5,3,2,4,3266.373,2152.72,290.987,0,0,1594.818,1498.206,12,1,0.025,N04 -> N07 -> N06 -> N03 -> N13 -> N09 -> N11 -> N12 -> N10 -> N08 -> N02 -> N01 -> N05 -> N14
public_measurement_informed,random_heterogeneous_iot_public_measurement_informed_seed_106,106,ordinary_collection,14,5,3,2,4,2666.372,2165.928,213.072,0,0,984.741,1507.218,12,1,8.945,N04 -> N07 -> N13 -> N03 -> N06 -> N09 -> N11 -> N12 -> N10 -> N08 -> N02 -> N01 -> N05 -> N14
public_measurement_informed,random_heterogeneous_iot_public_measurement_informed_seed_106,106,protocol_aware,14,5,3,2,4,2057.959,2735.428,108.152,0,0,254.207,1583.479,8,1,154.283,N06 -> N07 -> N12 -> N09 -> N03 -> N08 -> N01 -> N10 -> N04 -> N05 -> N11 -> N13 -> N02 -> N14
public_measurement_informed,random_heterogeneous_iot_public_measurement_informed_seed_106,106,bounded_blackout,14,5,3,2,4,2055.441,3356.594,53.783,1,0,154.117,1631.032,9,1,1352.414,N11 -> N12 -> N05 -> N10 -> N13 -> N07 -> N08 -> N03 -> N06 -> N09 -> N01 -> N04 -> N02 -> N14
public_measurement_informed,random_heterogeneous_iot_public_measurement_informed_seed_106,106,genetic_algorithm,14,5,3,2,4,2057.959,2735.428,108.152,0,0,254.207,1583.479,8,1,626.757,N06 -> N07 -> N12 -> N09 -> N03 -> N08 -> N01 -> N10 -> N04 -> N05 -> N11 -> N13 -> N02 -> N14
public_measurement_informed,random_heterogeneous_iot_public_measurement_informed_seed_106,106,particle_swarm,14,5,3,2,4,2057.951,2452.788,108.148,0,0,278.16,1582.278,7,1,163.807,N06 -> N07 -> N09 -> N03 -> N08 -> N12 -> N01 -> N10 -> N04 -> N05 -> N11 -> N13 -> N02 -> N14
public_measurement_informed,random_heterogeneous_iot_public_measurement_informed_seed_107,107,distance_only,14,1,5,5,3,1199.506,2983.429,125.848,0,1,341.306,615.633,11,4,0.024,N04 -> N07 -> N05 -> N06 -> N10 -> N02 -> N12 -> N01 -> N09 -> N14 -> N03 -> N13 -> N08 -> N11
public_measurement_informed,random_heterogeneous_iot_public_measurement_informed_seed_107,107,ordinary_collection,14,1,5,5,3,1199.661,2513.35,109.45,0,1,381.244,614.069,10,4,12.803,N04 -> N07 -> N05 -> N06 -> N10 -> N03 -> N14 -> N09 -> N13 -> N08 -> N01 -> N12 -> N02 -> N11
public_measurement_informed,random_heterogeneous_iot_public_measurement_informed_seed_107,107,protocol_aware,14,1,5,5,3,1065.382,4242.588,67.874,1,1,113.493,606.945,7,4,379.077,N11 -> N12 -> N06 -> N02 -> N10 -> N01 -> N05 -> N13 -> N08 -> N04 -> N09 -> N14 -> N03 -> N07
public_measurement_informed,random_heterogeneous_iot_public_measurement_informed_seed_107,107,bounded_blackout,14,1,5,5,3,1065.382,4242.588,67.874,1,1,113.493,606.945,7,4,2469.875,N11 -> N12 -> N06 -> N02 -> N10 -> N01 -> N05 -> N13 -> N08 -> N04 -> N09 -> N14 -> N03 -> N07
public_measurement_informed,random_heterogeneous_iot_public_measurement_informed_seed_107,107,genetic_algorithm,14,1,5,5,3,1010.496,3287.467,89.988,1,1,132.535,610.673,8,4,766.305,N11 -> N07 -> N05 -> N02 -> N10 -> N06 -> N03 -> N01 -> N09 -> N14 -> N12 -> N13 -> N08 -> N04
public_measurement_informed,random_heterogeneous_iot_public_measurement_informed_seed_107,107,particle_swarm,14,1,5,5,3,1065.382,4242.588,67.874,1,1,113.493,606.945,7,4,300.237,N11 -> N12 -> N06 -> N02 -> N10 -> N01 -> N05 -> N13 -> N08 -> N04 -> N09 -> N14 -> N03 -> N07
public_measurement_informed,random_heterogeneous_iot_public_measurement_informed_seed_108,108,distance_only,14,6,3,0,5,3555.11,2094.897,288.541,0,0,1146.674,2226.096,10,0,0.024,N06 -> N02 -> N14 -> N01 -> N12 -> N07 -> N03 -> N08 -> N04 -> N11 -> N10 -> N05 -> N09 -> N13
public_measurement_informed,random_heterogeneous_iot_public_measurement_informed_seed_108,108,ordinary_collection,14,6,3,0,5,3555.11,2094.897,288.541,0,0,1137.934,2234.835,11,0,8.881,N06 -> N02 -> N14 -> N01 -> N07 -> N12 -> N03 -> N08 -> N04 -> N11 -> N10 -> N05 -> N09 -> N13
public_measurement_informed,random_heterogeneous_iot_public_measurement_informed_seed_108,108,protocol_aware,14,6,3,0,5,2935.383,2742.445,227.498,0,0,509.271,2187.409,11,0,220.071,N03 -> N13 -> N12 -> N01 -> N07 -> N05 -> N11 -> N10 -> N04 -> N08 -> N09 -> N06 -> N14 -> N02
public_measurement_informed,random_heterogeneous_iot_public_measurement_informed_seed_108,108,bounded_blackout,14,6,3,0,5,2935.383,2742.445,227.498,0,0,509.271,2187.409,11,0,1697.717,N03 -> N13 -> N12 -> N01 -> N07 -> N05 -> N11 -> N10 -> N04 -> N08 -> N09 -> N06 -> N14 -> N02
public_measurement_informed,random_heterogeneous_iot_public_measurement_informed_seed_108,108,genetic_algorithm,14,6,3,0,5,2935.324,2695.779,95.024,0,0,398.79,2301.893,9,0,667.085,N03 -> N07 -> N01 -> N11 -> N12 -> N04 -> N13 -> N10 -> N05 -> N08 -> N09 -> N06 -> N14 -> N02
public_measurement_informed,random_heterogeneous_iot_public_measurement_informed_seed_108,108,particle_swarm,14,6,3,0,5,2935.444,3108.975,107.727,0,0,335.339,2329.499,11,0,239.268,N03 -> N13 -> N05 -> N07 -> N01 -> N12 -> N11 -> N10 -> N04 -> N08 -> N09 -> N06 -> N14 -> N02
public_measurement_informed,random_heterogeneous_iot_public_measurement_informed_seed_109,109,distance_only,14,4,5,3,2,3494.632,3179.012,231.686,0,0,1048.674,2192.97,13,3,0.025,N12 -> N04 -> N08 -> N10 -> N03 -> N09 -> N02 -> N14 -> N01 -> N06 -> N11 -> N13 -> N07 -> N05
public_measurement_informed,random_heterogeneous_iot_public_measurement_informed_seed_109,109,ordinary_collection,14,4,5,3,2,3270.276,2883.014,231.686,0,0,853.003,2187.84,13,3,11.498,N12 -> N04 -> N08 -> N10 -> N03 -> N09 -> N05 -> N07 -> N13 -> N11 -> N06 -> N02 -> N14 -> N01
public_measurement_informed,random_heterogeneous_iot_public_measurement_informed_seed_109,109,protocol_aware,14,4,5,3,2,2937.881,4045.716,104.689,0,0,355.792,2260.128,6,3,366.762,N11 -> N01 -> N10 -> N02 -> N14 -> N13 -> N05 -> N06 -> N03 -> N07 -> N04 -> N09 -> N12 -> N08
public_measurement_informed,random_heterogeneous_iot_public_measurement_informed_seed_109,109,bounded_blackout,14,4,5,3,2,2937.881,4045.716,104.689,0,0,355.792,2260.128,6,3,1986.404,N11 -> N01 -> N10 -> N02 -> N14 -> N13 -> N05 -> N06 -> N03 -> N07 -> N04 -> N09 -> N12 -> N08
public_measurement_informed,random_heterogeneous_iot_public_measurement_informed_seed_109,109,genetic_algorithm,14,4,5,3,2,2937.881,4045.716,104.689,0,0,355.792,2260.128,6,3,655.187,N11 -> N01 -> N10 -> N02 -> N14 -> N13 -> N05 -> N06 -> N03 -> N07 -> N04 -> N09 -> N12 -> N08
public_measurement_informed,random_heterogeneous_iot_public_measurement_informed_seed_109,109,particle_swarm,14,4,5,3,2,2937.881,4045.716,104.689,0,0,355.792,2260.128,6,3,213.397,N11 -> N01 -> N10 -> N02 -> N14 -> N13 -> N05 -> N06 -> N03 -> N07 -> N04 -> N09 -> N12 -> N08
public_measurement_informed,random_heterogeneous_iot_public_measurement_informed_seed_110,110,distance_only,14,3,4,3,4,2708.963,2418.829,265.775,0,0,792.112,1696.773,12,4,0.025,N14 -> N07 -> N04 -> N06 -> N03 -> N05 -> N02 -> N09 -> N12 -> N01 -> N13 -> N11 -> N08 -> N10
public_measurement_informed,random_heterogeneous_iot_public_measurement_informed_seed_110,110,ordinary_collection,14,3,4,3,4,2708.963,2418.829,265.775,0,0,792.112,1696.773,12,4,6.588,N14 -> N07 -> N04 -> N06 -> N03 -> N05 -> N02 -> N09 -> N12 -> N01 -> N13 -> N11 -> N08 -> N10
public_measurement_informed,random_heterogeneous_iot_public_measurement_informed_seed_110,110,protocol_aware,14,3,4,3,4,2068.832,2862.135,65.801,1,0,184.125,1624.295,12,4,299.104,N14 -> N07 -> N09 -> N05 -> N03 -> N13 -> N12 -> N01 -> N02 -> N11 -> N08 -> N10 -> N06 -> N04
public_measurement_informed,random_heterogeneous_iot_public_measurement_informed_seed_110,110,bounded_blackout,14,3,4,3,4,2068.832,2862.135,65.801,1,0,184.125,1624.295,12,4,1973.793,N14 -> N07 -> N09 -> N05 -> N03 -> N13 -> N12 -> N01 -> N02 -> N11 -> N08 -> N10 -> N06 -> N04
public_measurement_informed,random_heterogeneous_iot_public_measurement_informed_seed_110,110,genetic_algorithm,14,3,4,3,4,2068.831,2868.678,65.801,1,0,180.478,1627.346,12,4,745.781,N14 -> N07 -> N09 -> N05 -> N03 -> N01 -> N13 -> N12 -> N02 -> N11 -> N08 -> N10 -> N06 -> N04
public_measurement_informed,random_heterogeneous_iot_public_measurement_informed_seed_110,110,particle_swarm,14,3,4,3,4,2005.7,2703.951,59.535,1,0,169.309,1590.371,10,4,253.411,N14 -> N06 -> N05 -> N03 -> N13 -> N09 -> N12 -> N02 -> N01 -> N11 -> N10 -> N08 -> N04 -> N07
public_measurement_informed,random_heterogeneous_iot_public_measurement_informed_seed_111,111,distance_only,14,3,5,3,3,3004.072,2884.901,227.466,0,0,838.578,1883.522,13,5,0.025,N09 -> N12 -> N10 -> N02 -> N07 -> N06 -> N13 -> N01 -> N05 -> N08 -> N03 -> N04 -> N11 -> N14
public_measurement_informed,random_heterogeneous_iot_public_measurement_informed_seed_111,111,ordinary_collection,14,3,5,3,3,3071.781,2657.742,290.369,0,0,929.46,1882.553,12,5,8.643,N14 -> N11 -> N03 -> N04 -> N12 -> N10 -> N02 -> N07 -> N06 -> N13 -> N01 -> N08 -> N05 -> N09
public_measurement_informed,random_heterogeneous_iot_public_measurement_informed_seed_111,111,protocol_aware,14,3,5,3,3,2284.071,3970.901,72.426,1,0,164.112,1731.841,10,5,472.912,N08 -> N12 -> N09 -> N04 -> N13 -> N01 -> N05 -> N07 -> N02 -> N10 -> N03 -> N06 -> N11 -> N14
public_measurement_informed,random_heterogeneous_iot_public_measurement_informed_seed_111,111,bounded_blackout,14,3,5,3,3,2284.071,3970.901,72.426,1,0,164.112,1731.841,10,5,2478.675,N08 -> N12 -> N09 -> N04 -> N13 -> N01 -> N05 -> N07 -> N02 -> N10 -> N03 -> N06 -> N11 -> N14
public_measurement_informed,random_heterogeneous_iot_public_measurement_informed_seed_111,111,genetic_algorithm,14,3,5,3,3,2449.646,3910.108,69.531,1,0,175.034,1892.435,10,5,730.382,N14 -> N07 -> N02 -> N03 -> N11 -> N06 -> N12 -> N04 -> N01 -> N08 -> N09 -> N05 -> N10 -> N13
public_measurement_informed,random_heterogeneous_iot_public_measurement_informed_seed_111,111,particle_swarm,14,3,5,3,3,2449.715,3257.776,69.654,1,0,240.88,1890.418,11,5,277.048,N12 -> N14 -> N04 -> N03 -> N11 -> N06 -> N01 -> N07 -> N02 -> N09 -> N05 -> N08 -> N10 -> N13
public_measurement_informed,random_heterogeneous_iot_public_measurement_informed_seed_112,112,distance_only,14,5,5,2,2,3690.824,1725.909,258.801,0,0,1015.471,2531.036,10,3,0.027,N06 -> N14 -> N12 -> N02 -> N08 -> N10 -> N07 -> N04 -> N01 -> N05 -> N03 -> N09 -> N11 -> N13
public_measurement_informed,random_heterogeneous_iot_public_measurement_informed_seed_112,112,ordinary_collection,14,5,5,2,2,3587.6,1703.371,233.268,0,0,964.198,2480.969,9,3,10.524,N11 -> N09 -> N03 -> N05 -> N07 -> N04 -> N01 -> N10 -> N08 -> N02 -> N12 -> N13 -> N14 -> N06
public_measurement_informed,random_heterogeneous_iot_public_measurement_informed_seed_112,112,protocol_aware,14,5,5,2,2,2977.779,2369.151,85.488,1,0,282.098,2497.577,12,3,352.277,N01 -> N04 -> N03 -> N09 -> N05 -> N07 -> N08 -> N10 -> N13 -> N11 -> N14 -> N12 -> N02 -> N06
public_measurement_informed,random_heterogeneous_iot_public_measurement_informed_seed_112,112,bounded_blackout,14,5,5,2,2,2977.779,2369.151,85.488,1,0,282.098,2497.577,12,3,2292.079,N01 -> N04 -> N03 -> N09 -> N05 -> N07 -> N08 -> N10 -> N13 -> N11 -> N14 -> N12 -> N02 -> N06
public_measurement_informed,random_heterogeneous_iot_public_measurement_informed_seed_112,112,genetic_algorithm,14,5,5,2,2,3016.54,2193.667,114.753,0,0,298.598,2534.512,11,3,701.659,N08 -> N09 -> N10 -> N05 -> N02 -> N13 -> N07 -> N03 -> N06 -> N01 -> N04 -> N12 -> N11 -> N14
public_measurement_informed,random_heterogeneous_iot_public_measurement_informed_seed_112,112,particle_swarm,14,5,5,2,2,3016.473,1790.736,61.555,1,0,244.885,2621.85,10,3,247.942,N03 -> N09 -> N10 -> N05 -> N08 -> N07 -> N01 -> N13 -> N06 -> N04 -> N02 -> N12 -> N11 -> N14
public_measurement_informed,random_heterogeneous_iot_public_measurement_informed_seed_113,113,distance_only,14,4,5,3,2,3105.267,2662.371,267.875,0,0,1151.718,1742.421,9,2,0.032,N06 -> N14 -> N03 -> N04 -> N05 -> N13 -> N10 -> N12 -> N11 -> N01 -> N02 -> N08 -> N09 -> N07
public_measurement_informed,random_heterogeneous_iot_public_measurement_informed_seed_113,113,ordinary_collection,14,4,5,3,2,2944.452,2587.569,242.802,0,0,981.029,1758.227,8,2,15.321,N06 -> N03 -> N09 -> N07 -> N08 -> N01 -> N02 -> N11 -> N12 -> N10 -> N13 -> N05 -> N04 -> N14
public_measurement_informed,random_heterogeneous_iot_public_measurement_informed_seed_113,113,protocol_aware,14,4,5,3,2,2380.569,3938.026,109.987,0,0,303.215,1765.067,8,2,334.024,N13 -> N12 -> N05 -> N07 -> N02 -> N08 -> N10 -> N11 -> N03 -> N01 -> N06 -> N04 -> N09 -> N14
public_measurement_informed,random_heterogeneous_iot_public_measurement_informed_seed_113,113,bounded_blackout,14,4,5,3,2,2143.145,3199.716,66.253,1,0,117.06,1772.345,11,2,1845.367,N14 -> N04 -> N03 -> N06 -> N08 -> N13 -> N05 -> N10 -> N09 -> N07 -> N01 -> N02 -> N11 -> N12
public_measurement_informed,random_heterogeneous_iot_public_measurement_informed_seed_113,113,genetic_algorithm,14,4,5,3,2,2380.569,3938.026,109.987,0,0,303.215,1765.067,8,2,659.065,N13 -> N12 -> N05 -> N07 -> N02 -> N08 -> N10 -> N11 -> N03 -> N01 -> N06 -> N04 -> N09 -> N14
public_measurement_informed,random_heterogeneous_iot_public_measurement_informed_seed_113,113,particle_swarm,14,4,5,3,2,2355.984,3673.674,95.962,0,0,286.392,1778.267,9,2,228.519,N07 -> N03 -> N09 -> N11 -> N12 -> N02 -> N08 -> N10 -> N13 -> N01 -> N14 -> N06 -> N04 -> N05
public_measurement_informed,random_heterogeneous_iot_public_measurement_informed_seed_114,114,distance_only,14,4,2,7,1,2607.33,2558.928,205.972,0,0,1008.15,1354.187,9,2,0.025,N09 -> N13 -> N14 -> N12 -> N01 -> N10 -> N02 -> N04 -> N03 -> N06 -> N07 -> N05 -> N08 -> N11
public_measurement_informed,random_heterogeneous_iot_public_measurement_informed_seed_114,114,ordinary_collection,14,4,2,7,1,2803.144,2551.795,289.12,0,0,1269.439,1289.396,8,2,10.842,N08 -> N05 -> N07 -> N02 -> N06 -> N04 -> N03 -> N01 -> N10 -> N12 -> N11 -> N14 -> N13 -> N09
public_measurement_informed,random_heterogeneous_iot_public_measurement_informed_seed_114,114,protocol_aware,14,4,2,7,1,1911.833,4162.547,107.586,0,0,218.696,1294.613,7,2,482.164,N05 -> N07 -> N06 -> N14 -> N11 -> N10 -> N04 -> N02 -> N08 -> N13 -> N01 -> N12 -> N03 -> N09
public_measurement_informed,random_heterogeneous_iot_public_measurement_informed_seed_114,114,bounded_blackout,14,4,2,7,1,1911.833,4162.547,107.586,0,0,218.696,1294.613,7,2,2193.704,N05 -> N07 -> N06 -> N14 -> N11 -> N10 -> N04 -> N02 -> N08 -> N13 -> N01 -> N12 -> N03 -> N09
public_measurement_informed,random_heterogeneous_iot_public_measurement_informed_seed_114,114,genetic_algorithm,14,4,2,7,1,1911.833,4162.547,107.586,0,0,218.696,1294.613,7,2,714.283,N05 -> N07 -> N06 -> N14 -> N11 -> N10 -> N04 -> N02 -> N08 -> N13 -> N01 -> N12 -> N03 -> N09
public_measurement_informed,random_heterogeneous_iot_public_measurement_informed_seed_114,114,particle_swarm,14,4,2,7,1,1911.833,4162.547,107.586,0,0,218.696,1294.613,7,2,262.654,N05 -> N07 -> N06 -> N14 -> N11 -> N10 -> N04 -> N02 -> N08 -> N13 -> N01 -> N12 -> N03 -> N09
public_measurement_informed,random_heterogeneous_iot_public_measurement_informed_seed_115,115,distance_only,14,3,4,5,2,1939.849,2739.928,111.279,0,0,727.764,1011.829,10,2,0.028,N05 -> N03 -> N01 -> N12 -> N14 -> N07 -> N02 -> N08 -> N10 -> N06 -> N09 -> N11 -> N13 -> N04
public_measurement_informed,random_heterogeneous_iot_public_measurement_informed_seed_115,115,ordinary_collection,14,3,4,5,2,1973.82,2718.611,240.297,0,0,786.793,988.329,11,2,7.701,N01 -> N03 -> N12 -> N14 -> N07 -> N02 -> N10 -> N06 -> N09 -> N08 -> N11 -> N13 -> N04 -> N05
public_measurement_informed,random_heterogeneous_iot_public_measurement_informed_seed_115,115,protocol_aware,14,3,4,5,2,1525.351,4073.11,72.293,1,0,208.03,1019.625,9,2,378.248,N12 -> N04 -> N01 -> N09 -> N06 -> N02 -> N08 -> N03 -> N07 -> N14 -> N05 -> N11 -> N10 -> N13
public_measurement_informed,random_heterogeneous_iot_public_measurement_informed_seed_115,115,bounded_blackout,14,3,4,5,2,1525.351,4073.11,72.293,1,0,208.03,1019.625,9,2,1984.438,N12 -> N04 -> N01 -> N09 -> N06 -> N02 -> N08 -> N03 -> N07 -> N14 -> N05 -> N11 -> N10 -> N13
public_measurement_informed,random_heterogeneous_iot_public_measurement_informed_seed_115,115,genetic_algorithm,14,3,4,5,2,1525.351,4073.11,72.293,1,0,208.03,1019.625,9,2,646.508,N12 -> N04 -> N01 -> N09 -> N06 -> N02 -> N08 -> N03 -> N07 -> N14 -> N05 -> N11 -> N10 -> N13
public_measurement_informed,random_heterogeneous_iot_public_measurement_informed_seed_115,115,particle_swarm,14,3,4,5,2,1523.651,4080.112,54.621,1,0,206.078,1019.365,9,2,219.673,N12 -> N07 -> N06 -> N09 -> N01 -> N02 -> N08 -> N14 -> N05 -> N04 -> N03 -> N11 -> N10 -> N13
public_measurement_informed,random_heterogeneous_iot_public_measurement_informed_seed_116,116,distance_only,14,4,2,6,2,2556.027,2710.37,233.959,0,0,702.696,1607.863,10,1,0.025,N13 -> N14 -> N09 -> N04 -> N10 -> N06 -> N05 -> N12 -> N07 -> N08 -> N11 -> N01 -> N03 -> N02
public_measurement_informed,random_heterogeneous_iot_public_measurement_informed_seed_116,116,ordinary_collection,14,4,2,6,2,3077.134,2532.146,284.013,0,0,1276.802,1571.005,8,1,16.052,N13 -> N14 -> N06 -> N10 -> N04 -> N09 -> N05 -> N12 -> N07 -> N03 -> N02 -> N01 -> N11 -> N08
public_measurement_informed,random_heterogeneous_iot_public_measurement_informed_seed_116,116,protocol_aware,14,4,2,6,2,2179.966,3610.461,96.284,0,0,242.542,1610.438,9,1,294.98,N02 -> N04 -> N08 -> N11 -> N12 -> N13 -> N09 -> N14 -> N10 -> N06 -> N01 -> N05 -> N07 -> N03
public_measurement_informed,random_heterogeneous_iot_public_measurement_informed_seed_116,116,bounded_blackout,14,4,2,6,2,2025.475,2801.97,69.252,1,0,115.178,1656.534,12,1,1987.749,N03 -> N13 -> N05 -> N14 -> N06 -> N04 -> N10 -> N02 -> N01 -> N12 -> N08 -> N07 -> N09 -> N11
public_measurement_informed,random_heterogeneous_iot_public_measurement_informed_seed_116,116,genetic_algorithm,14,4,2,6,2,2366.769,4047.543,113.78,0,0,408.363,1591.836,10,1,683.622,N12 -> N04 -> N07 -> N03 -> N02 -> N13 -> N10 -> N06 -> N11 -> N01 -> N09 -> N14 -> N08 -> N05
public_measurement_informed,random_heterogeneous_iot_public_measurement_informed_seed_116,116,particle_swarm,14,4,2,6,2,2364.568,3535.244,92.078,0,0,461.258,1583.136,10,1,196.995,N06 -> N10 -> N13 -> N12 -> N07 -> N01 -> N09 -> N11 -> N02 -> N14 -> N04 -> N08 -> N03 -> N05
public_measurement_informed,random_heterogeneous_iot_public_measurement_informed_seed_117,117,distance_only,14,2,3,3,6,1924.315,2862.027,219.558,0,0,709.97,956.654,8,1,0.037,N01 -> N14 -> N08 -> N05 -> N12 -> N09 -> N04 -> N03 -> N02 -> N13 -> N06 -> N11 -> N07 -> N10
public_measurement_informed,random_heterogeneous_iot_public_measurement_informed_seed_117,117,ordinary_collection,14,2,3,3,6,2168.299,2677.423,237.879,0,0,965.39,961.838,11,1,11.463,N01 -> N10 -> N03 -> N13 -> N06 -> N11 -> N02 -> N07 -> N04 -> N09 -> N12 -> N05 -> N08 -> N14
public_measurement_informed,random_heterogeneous_iot_public_measurement_informed_seed_117,117,protocol_aware,14,2,3,3,6,1553.572,4254.425,95.388,0,0,159.385,1011.126,10,1,214.902,N11 -> N08 -> N05 -> N12 -> N13 -> N07 -> N03 -> N02 -> N10 -> N09 -> N14 -> N01 -> N06 -> N04
public_measurement_informed,random_heterogeneous_iot_public_measurement_informed_seed_117,117,bounded_blackout,14,2,3,3,6,1553.572,4254.425,95.388,0,0,159.385,1011.126,10,1,1532.287,N11 -> N08 -> N05 -> N12 -> N13 -> N07 -> N03 -> N02 -> N10 -> N09 -> N14 -> N01 -> N06 -> N04
public_measurement_informed,random_heterogeneous_iot_public_measurement_informed_seed_117,117,genetic_algorithm,14,2,3,3,6,1638.49,3174.273,99.202,0,0,365.692,986.993,9,1,670.014,N14 -> N01 -> N03 -> N07 -> N04 -> N02 -> N13 -> N11 -> N06 -> N12 -> N10 -> N05 -> N08 -> N09
public_measurement_informed,random_heterogeneous_iot_public_measurement_informed_seed_117,117,particle_swarm,14,2,3,3,6,1613.528,4019.362,112.436,0,0,275.091,976.541,10,1,205.997,N01 -> N14 -> N11 -> N13 -> N12 -> N04 -> N07 -> N06 -> N02 -> N03 -> N08 -> N10 -> N05 -> N09
public_measurement_informed,random_heterogeneous_iot_public_measurement_informed_seed_118,118,distance_only,14,3,6,4,1,2560.575,2751.851,174.547,0,0,931.456,1422.711,11,2,0.026,N12 -> N09 -> N04 -> N06 -> N03 -> N05 -> N10 -> N02 -> N01 -> N14 -> N07 -> N11 -> N13 -> N08
public_measurement_informed,random_heterogeneous_iot_public_measurement_informed_seed_118,118,ordinary_collection,14,3,6,4,1,2503.473,2696.814,174.547,0,0,878.483,1422.711,11,2,16.075,N12 -> N09 -> N04 -> N06 -> N03 -> N05 -> N10 -> N02 -> N01 -> N14 -> N07 -> N08 -> N11 -> N13
public_measurement_informed,random_heterogeneous_iot_public_measurement_informed_seed_118,118,protocol_aware,14,3,6,4,1,1932.433,3501.143,87.195,1,0,304.623,1365.201,5,2,242.318,N13 -> N12 -> N01 -> N07 -> N14 -> N11 -> N08 -> N05 -> N04 -> N09 -> N10 -> N03 -> N02 -> N06
public_measurement_informed,random_heterogeneous_iot_public_measurement_informed_seed_118,118,bounded_blackout,14,3,6,4,1,1821.31,4032.214,47.493,1,0,46.704,1472.163,10,2,1458.896,N06 -> N04 -> N03 -> N05 -> N01 -> N07 -> N13 -> N12 -> N14 -> N11 -> N08 -> N10 -> N02 -> N09
public_measurement_informed,random_heterogeneous_iot_public_measurement_informed_seed_118,118,genetic_algorithm,14,3,6,4,1,1932.433,3501.143,87.195,1,0,304.623,1365.201,5,2,655.749,N13 -> N12 -> N01 -> N07 -> N14 -> N11 -> N08 -> N05 -> N04 -> N09 -> N10 -> N03 -> N02 -> N06
public_measurement_informed,random_heterogeneous_iot_public_measurement_informed_seed_118,118,particle_swarm,14,3,6,4,1,1932.433,3501.143,87.195,1,0,304.623,1365.201,5,2,199.37,N13 -> N12 -> N01 -> N07 -> N14 -> N11 -> N08 -> N05 -> N04 -> N09 -> N10 -> N03 -> N02 -> N06
public_measurement_informed,random_heterogeneous_iot_public_measurement_informed_seed_119,119,distance_only,14,3,3,4,4,2186.967,2987.389,285.603,0,0,921.655,1042.411,10,2,0.025,N09 -> N08 -> N11 -> N03 -> N13 -> N01 -> N02 -> N06 -> N07 -> N05 -> N14 -> N12 -> N04 -> N10
public_measurement_informed,random_heterogeneous_iot_public_measurement_informed_seed_119,119,ordinary_collection,14,3,3,4,4,1983.809,2949.879,208.38,0,0,708.509,1055.197,10,2,12.246,N09 -> N10 -> N04 -> N12 -> N14 -> N05 -> N07 -> N06 -> N02 -> N01 -> N13 -> N03 -> N11 -> N08
public_measurement_informed,random_heterogeneous_iot_public_measurement_informed_seed_119,119,protocol_aware,14,3,3,4,4,1654.341,4018.776,84.458,1,0,306.412,1048.071,8,2,163.489,N10 -> N05 -> N07 -> N06 -> N01 -> N03 -> N02 -> N09 -> N08 -> N13 -> N12 -> N04 -> N14 -> N11
public_measurement_informed,random_heterogeneous_iot_public_measurement_informed_seed_119,119,bounded_blackout,14,3,3,4,4,1462.988,4230.288,59.934,1,1,56.089,1091.259,8,2,1315.65,N04 -> N08 -> N13 -> N01 -> N11 -> N03 -> N10 -> N06 -> N05 -> N07 -> N14 -> N02 -> N09 -> N12
public_measurement_informed,random_heterogeneous_iot_public_measurement_informed_seed_119,119,genetic_algorithm,14,3,3,4,4,1654.341,4018.776,84.458,1,0,306.412,1048.071,8,2,620.787,N10 -> N05 -> N07 -> N06 -> N01 -> N03 -> N02 -> N09 -> N08 -> N13 -> N12 -> N04 -> N14 -> N11
public_measurement_informed,random_heterogeneous_iot_public_measurement_informed_seed_119,119,particle_swarm,14,3,3,4,4,1654.341,4018.776,84.458,1,0,306.412,1048.071,8,2,184.972,N10 -> N05 -> N07 -> N06 -> N01 -> N03 -> N02 -> N09 -> N08 -> N13 -> N12 -> N04 -> N14 -> N11
public_measurement_informed,random_heterogeneous_iot_public_measurement_informed_seed_120,120,distance_only,14,3,7,2,2,2563.037,2677.816,206.835,0,0,913.138,1439.189,10,0,0.026,N10 -> N07 -> N14 -> N02 -> N05 -> N03 -> N06 -> N13 -> N12 -> N08 -> N09 -> N01 -> N04 -> N11
public_measurement_informed,random_heterogeneous_iot_public_measurement_informed_seed_120,120,ordinary_collection,14,3,7,2,2,2650.679,2521.897,279.366,0,0,992.422,1459.816,10,0,20.235,N02 -> N05 -> N03 -> N06 -> N13 -> N12 -> N08 -> N09 -> N01 -> N04 -> N11 -> N14 -> N07 -> N10
public_measurement_informed,random_heterogeneous_iot_public_measurement_informed_seed_120,120,protocol_aware,14,3,7,2,2,2003.355,3088.448,79.615,1,0,244.223,1516.112,7,0,404.52,N05 -> N14 -> N04 -> N11 -> N01 -> N08 -> N03 -> N06 -> N12 -> N09 -> N10 -> N02 -> N13 -> N07
public_measurement_informed,random_heterogeneous_iot_public_measurement_informed_seed_120,120,bounded_blackout,14,3,7,2,2,2003.355,3088.448,79.615,1,0,244.223,1516.112,7,0,2046.121,N05 -> N14 -> N04 -> N11 -> N01 -> N08 -> N03 -> N06 -> N12 -> N09 -> N10 -> N02 -> N13 -> N07
public_measurement_informed,random_heterogeneous_iot_public_measurement_informed_seed_120,120,genetic_algorithm,14,3,7,2,2,2037.5,3861.774,108.929,0,0,238.401,1495.227,7,0,717.408,N10 -> N11 -> N07 -> N06 -> N05 -> N04 -> N02 -> N13 -> N01 -> N09 -> N08 -> N03 -> N12 -> N14
public_measurement_informed,random_heterogeneous_iot_public_measurement_informed_seed_120,120,particle_swarm,14,3,7,2,2,2037.5,3861.774,108.929,0,0,238.401,1495.227,7,0,272.949,N10 -> N11 -> N07 -> N06 -> N05 -> N04 -> N02 -> N13 -> N01 -> N09 -> N08 -> N03 -> N12 -> N14
public_measurement_informed,random_heterogeneous_iot_public_measurement_informed_seed_121,121,distance_only,14,1,7,1,5,1173.88,3088.356,87.229,1,1,335.315,550.449,10,5,0.025,N10 -> N11 -> N05 -> N06 -> N12 -> N02 -> N14 -> N04 -> N03 -> N07 -> N13 -> N08 -> N01 -> N09
public_measurement_informed,random_heterogeneous_iot_public_measurement_informed_seed_121,121,ordinary_collection,14,1,7,1,5,1478.475,2676.632,203.107,0,1,674.669,554.1,10,5,20.88,N10 -> N11 -> N08 -> N01 -> N09 -> N13 -> N05 -> N07 -> N06 -> N12 -> N02 -> N03 -> N14 -> N04
public_measurement_informed,random_heterogeneous_iot_public_measurement_informed_seed_121,121,protocol_aware,14,1,7,1,5,1119.003,4030.74,81.649,1,1,106.251,636.719,11,5,250.777,N13 -> N08 -> N09 -> N10 -> N02 -> N14 -> N04 -> N01 -> N07 -> N03 -> N05 -> N12 -> N06 -> N11
public_measurement_informed,random_heterogeneous_iot_public_measurement_informed_seed_121,121,bounded_blackout,14,1,7,1,5,1119.003,4030.74,81.649,1,1,106.251,636.719,11,5,1479.929,N13 -> N08 -> N09 -> N10 -> N02 -> N14 -> N04 -> N01 -> N07 -> N03 -> N05 -> N12 -> N06 -> N11
public_measurement_informed,random_heterogeneous_iot_public_measurement_informed_seed_121,121,genetic_algorithm,14,1,7,1,5,1119.824,3974.748,83.167,1,1,204.487,544.529,8,5,685.779,N10 -> N11 -> N07 -> N06 -> N13 -> N02 -> N14 -> N05 -> N04 -> N03 -> N12 -> N08 -> N09 -> N01
public_measurement_informed,random_heterogeneous_iot_public_measurement_informed_seed_121,121,particle_swarm,14,1,7,1,5,1130.673,3985.592,93.116,0,1,215.711,543.141,7,5,214.252,N10 -> N11 -> N07 -> N06 -> N02 -> N03 -> N12 -> N14 -> N08 -> N05 -> N04 -> N09 -> N01 -> N13
public_measurement_informed,random_heterogeneous_iot_public_measurement_informed_seed_122,122,distance_only,14,2,5,3,4,1851.633,2809.915,293.369,0,0,693.512,925.834,9,3,0.025,N08 -> N13 -> N04 -> N07 -> N06 -> N03 -> N01 -> N12 -> N11 -> N05 -> N10 -> N02 -> N14 -> N09
public_measurement_informed,random_heterogeneous_iot_public_measurement_informed_seed_122,122,ordinary_collection,14,2,5,3,4,1957.492,2804.769,293.369,0,0,781.859,943.772,9,3,6.951,N08 -> N13 -> N04 -> N07 -> N06 -> N03 -> N01 -> N12 -> N11 -> N10 -> N02 -> N05 -> N09 -> N14
public_measurement_informed,random_heterogeneous_iot_public_measurement_informed_seed_122,122,protocol_aware,14,2,5,3,4,1429.115,2854.65,70.888,1,1,193.254,999.877,10,3,264.432,N08 -> N13 -> N04 -> N06 -> N02 -> N11 -> N12 -> N05 -> N10 -> N03 -> N01 -> N14 -> N09 -> N07
public_measurement_informed,random_heterogeneous_iot_public_measurement_informed_seed_122,122,bounded_blackout,14,2,5,3,4,1429.115,2854.65,70.888,1,1,193.254,999.877,10,3,1381.592,N08 -> N13 -> N04 -> N06 -> N02 -> N11 -> N12 -> N05 -> N10 -> N03 -> N01 -> N14 -> N09 -> N07
public_measurement_informed,random_heterogeneous_iot_public_measurement_informed_seed_122,122,genetic_algorithm,14,2,5,3,4,1429.115,2854.65,70.888,1,1,193.254,999.877,10,3,667.566,N08 -> N13 -> N04 -> N06 -> N02 -> N11 -> N12 -> N05 -> N10 -> N03 -> N01 -> N14 -> N09 -> N07
public_measurement_informed,random_heterogeneous_iot_public_measurement_informed_seed_122,122,particle_swarm,14,2,5,3,4,1429.115,2854.65,70.888,1,1,193.254,999.877,10,3,185.408,N08 -> N13 -> N04 -> N06 -> N02 -> N11 -> N12 -> N05 -> N10 -> N03 -> N01 -> N14 -> N09 -> N07
public_measurement_informed,random_heterogeneous_iot_public_measurement_informed_seed_123,123,distance_only,14,5,1,3,5,3579.222,2767.986,272.659,0,0,1320.102,2060.575,11,2,0.026,N14 -> N04 -> N11 -> N01 -> N05 -> N07 -> N12 -> N06 -> N09 -> N10 -> N02 -> N08 -> N03 -> N13
public_measurement_informed,random_heterogeneous_iot_public_measurement_informed_seed_123,123,ordinary_collection,14,5,1,3,5,2877.966,2754.228,156.9,0,0,650.992,2029.416,10,2,16.084,N14 -> N02 -> N08 -> N10 -> N03 -> N13 -> N09 -> N06 -> N12 -> N01 -> N05 -> N07 -> N11 -> N04
public_measurement_informed,random_heterogeneous_iot_public_measurement_informed_seed_123,123,protocol_aware,14,5,1,3,5,2751.585,4820.162,189.691,0,0,407.282,1998.558,8,2,426.175,N05 -> N06 -> N12 -> N07 -> N08 -> N10 -> N01 -> N14 -> N09 -> N11 -> N13 -> N04 -> N02 -> N03
public_measurement_informed,random_heterogeneous_iot_public_measurement_informed_seed_123,123,bounded_blackout,14,5,1,3,5,2611.365,3584.912,52.15,1,0,157.138,2197.085,9,2,2131.106,N10 -> N04 -> N11 -> N13 -> N08 -> N07 -> N01 -> N05 -> N06 -> N02 -> N03 -> N09 -> N14 -> N12
public_measurement_informed,random_heterogeneous_iot_public_measurement_informed_seed_123,123,genetic_algorithm,14,5,1,3,5,2830.291,3653.547,118.733,0,0,548.608,2019.619,9,2,677.959,N11 -> N04 -> N02 -> N03 -> N10 -> N08 -> N13 -> N05 -> N01 -> N07 -> N06 -> N09 -> N14 -> N12
public_measurement_informed,random_heterogeneous_iot_public_measurement_informed_seed_123,123,particle_swarm,14,5,1,3,5,2803.017,3886.576,117.865,0,0,401.099,2123.139,8,2,227.172,N07 -> N05 -> N01 -> N10 -> N13 -> N03 -> N04 -> N11 -> N02 -> N08 -> N06 -> N14 -> N12 -> N09
public_measurement_informed,random_heterogeneous_iot_public_measurement_informed_seed_124,124,distance_only,14,5,3,3,3,4734.647,2295.027,200.121,0,0,1059.504,3481.589,11,3,0.028,N03 -> N06 -> N02 -> N05 -> N14 -> N10 -> N04 -> N11 -> N12 -> N07 -> N08 -> N01 -> N09 -> N13
public_measurement_informed,random_heterogeneous_iot_public_measurement_informed_seed_124,124,ordinary_collection,14,5,3,3,3,4494.647,2181.06,200.121,0,0,863.083,3447.621,10,3,13.712,N03 -> N06 -> N02 -> N05 -> N14 -> N11 -> N04 -> N10 -> N12 -> N07 -> N08 -> N01 -> N09 -> N13
public_measurement_informed,random_heterogeneous_iot_public_measurement_informed_seed_124,124,protocol_aware,14,5,3,3,3,3773.474,3621.345,90.353,0,0,316.821,3151.241,10,3,265.184,N13 -> N04 -> N08 -> N07 -> N09 -> N14 -> N05 -> N01 -> N11 -> N02 -> N12 -> N06 -> N10 -> N03
public_measurement_informed,random_heterogeneous_iot_public_measurement_informed_seed_124,124,bounded_blackout,14,5,3,3,3,3773.474,3621.345,90.353,0,0,316.821,3151.241,10,3,1914.065,N13 -> N04 -> N08 -> N07 -> N09 -> N14 -> N05 -> N01 -> N11 -> N02 -> N12 -> N06 -> N10 -> N03
public_measurement_informed,random_heterogeneous_iot_public_measurement_informed_seed_124,124,genetic_algorithm,14,5,3,3,3,3773.474,3621.345,90.353,0,0,316.821,3151.241,10,3,696.41,N13 -> N04 -> N08 -> N07 -> N09 -> N14 -> N05 -> N01 -> N11 -> N02 -> N12 -> N06 -> N10 -> N03
public_measurement_informed,random_heterogeneous_iot_public_measurement_informed_seed_124,124,particle_swarm,14,5,3,3,3,3773.473,3698.43,108.858,0,0,314.208,3147.353,11,3,239.187,N04 -> N08 -> N07 -> N13 -> N09 -> N14 -> N05 -> N01 -> N11 -> N02 -> N12 -> N06 -> N10 -> N03
public_measurement_informed,random_heterogeneous_iot_public_measurement_informed_seed_125,125,distance_only,14,2,7,2,3,2783.892,3179.242,145.349,0,0,794.218,1761.048,6,5,0.026,N10 -> N02 -> N13 -> N08 -> N12 -> N03 -> N07 -> N11 -> N09 -> N14 -> N01 -> N06 -> N05 -> N04
public_measurement_informed,random_heterogeneous_iot_public_measurement_informed_seed_125,125,ordinary_collection,14,2,7,2,3,2699.935,2490.358,252.65,0,0,762.832,1758.017,7,5,20.541,N05 -> N06 -> N01 -> N14 -> N09 -> N11 -> N07 -> N12 -> N03 -> N04 -> N08 -> N13 -> N02 -> N10
public_measurement_informed,random_heterogeneous_iot_public_measurement_informed_seed_125,125,protocol_aware,14,2,7,2,3,2282.284,3991.87,97.048,0,0,209.93,1785.29,9,5,195.257,N08 -> N02 -> N13 -> N12 -> N10 -> N11 -> N06 -> N03 -> N04 -> N05 -> N09 -> N07 -> N14 -> N01
public_measurement_informed,random_heterogeneous_iot_public_measurement_informed_seed_125,125,bounded_blackout,14,2,7,2,3,2282.284,3991.87,97.048,0,0,209.93,1785.29,9,5,1779.982,N08 -> N02 -> N13 -> N12 -> N10 -> N11 -> N06 -> N03 -> N04 -> N05 -> N09 -> N07 -> N14 -> N01
public_measurement_informed,random_heterogeneous_iot_public_measurement_informed_seed_125,125,genetic_algorithm,14,2,7,2,3,2282.284,3991.87,97.048,0,0,209.93,1785.29,9,5,662.455,N08 -> N02 -> N13 -> N12 -> N10 -> N11 -> N06 -> N03 -> N04 -> N05 -> N09 -> N07 -> N14 -> N01
public_measurement_informed,random_heterogeneous_iot_public_measurement_informed_seed_125,125,particle_swarm,14,2,7,2,3,2282.284,3991.87,97.048,0,0,209.93,1785.29,9,5,223.665,N08 -> N02 -> N13 -> N12 -> N10 -> N11 -> N06 -> N03 -> N04 -> N05 -> N09 -> N07 -> N14 -> N01
public_measurement_informed,random_heterogeneous_iot_public_measurement_informed_seed_126,126,distance_only,14,3,8,1,2,2751.11,2381.425,239.393,0,0,1081.755,1479.268,9,2,0.027,N10 -> N05 -> N01 -> N11 -> N13 -> N09 -> N14 -> N02 -> N04 -> N03 -> N08 -> N06 -> N12 -> N07
public_measurement_informed,random_heterogeneous_iot_public_measurement_informed_seed_126,126,ordinary_collection,14,3,8,1,2,2631.11,2419.463,246.967,0,0,946.139,1491.848,11,2,9.4,N10 -> N01 -> N05 -> N11 -> N13 -> N14 -> N09 -> N02 -> N04 -> N03 -> N06 -> N08 -> N12 -> N07
public_measurement_informed,random_heterogeneous_iot_public_measurement_informed_seed_126,126,protocol_aware,14,3,8,1,2,2069.08,3557.271,85.13,1,0,309.719,1475.417,10,2,397.112,N14 -> N13 -> N11 -> N02 -> N04 -> N03 -> N12 -> N06 -> N09 -> N07 -> N08 -> N05 -> N10 -> N01
public_measurement_informed,random_heterogeneous_iot_public_measurement_informed_seed_126,126,bounded_blackout,14,3,8,1,2,2047.36,4301.676,56.724,1,0,159.776,1544.221,10,2,2379.138,N05 -> N13 -> N01 -> N06 -> N09 -> N07 -> N10 -> N11 -> N03 -> N14 -> N08 -> N02 -> N04 -> N12
public_measurement_informed,random_heterogeneous_iot_public_measurement_informed_seed_126,126,genetic_algorithm,14,3,8,1,2,2018.308,2923.181,68.142,1,0,221.679,1563.298,8,2,676.695,N07 -> N06 -> N11 -> N08 -> N12 -> N04 -> N09 -> N02 -> N01 -> N14 -> N13 -> N05 -> N10 -> N03
public_measurement_informed,random_heterogeneous_iot_public_measurement_informed_seed_126,126,particle_swarm,14,3,8,1,2,2019.08,3199.184,107.42,0,0,280.972,1482.747,9,2,188.56,N13 -> N01 -> N02 -> N14 -> N09 -> N11 -> N04 -> N03 -> N12 -> N06 -> N08 -> N05 -> N10 -> N07
public_measurement_informed,random_heterogeneous_iot_public_measurement_informed_seed_127,127,distance_only,14,4,8,1,1,2859.223,2660.111,257.292,0,0,910.258,1706.364,10,2,0.033,N06 -> N02 -> N11 -> N07 -> N03 -> N13 -> N08 -> N05 -> N04 -> N14 -> N09 -> N01 -> N12 -> N10
public_measurement_informed,random_heterogeneous_iot_public_measurement_informed_seed_127,127,ordinary_collection,14,4,8,1,1,2781.417,2659.268,217.43,0,0,813.082,1725.811,9,2,10.867,N06 -> N10 -> N12 -> N01 -> N14 -> N09 -> N04 -> N05 -> N03 -> N08 -> N13 -> N07 -> N11 -> N02
public_measurement_informed,random_heterogeneous_iot_public_measurement_informed_seed_127,127,protocol_aware,14,4,8,1,1,2281.384,3108.168,79.955,1,0,284.799,1713.12,7,2,468.375,N07 -> N02 -> N10 -> N05 -> N14 -> N12 -> N09 -> N01 -> N08 -> N03 -> N13 -> N11 -> N06 -> N04
public_measurement_informed,random_heterogeneous_iot_public_measurement_informed_seed_127,127,bounded_blackout,14,4,8,1,1,2273.013,2890.797,72.426,1,0,219.976,1789.397,7,2,2768.142,N06 -> N04 -> N02 -> N10 -> N05 -> N14 -> N03 -> N12 -> N09 -> N01 -> N08 -> N07 -> N13 -> N11
public_measurement_informed,random_heterogeneous_iot_public_measurement_informed_seed_127,127,genetic_algorithm,14,4,8,1,1,2353.866,3718.949,114.946,0,0,311.106,1703.593,9,2,718.971,N06 -> N08 -> N11 -> N07 -> N03 -> N09 -> N05 -> N13 -> N12 -> N14 -> N04 -> N02 -> N10 -> N01
public_measurement_informed,random_heterogeneous_iot_public_measurement_informed_seed_127,127,particle_swarm,14,4,8,1,1,2356.462,3343.737,104.135,0,0,310.619,1740.895,9,2,253.671,N06 -> N08 -> N13 -> N10 -> N03 -> N05 -> N07 -> N14 -> N09 -> N04 -> N02 -> N12 -> N11 -> N01
public_measurement_informed,random_heterogeneous_iot_public_measurement_informed_seed_128,128,distance_only,14,3,6,3,2,3130.084,2767.491,130.984,0,0,852.37,2042.393,8,4,0.026,N14 -> N13 -> N05 -> N01 -> N08 -> N03 -> N11 -> N06 -> N12 -> N02 -> N10 -> N07 -> N09 -> N04
public_measurement_informed,random_heterogeneous_iot_public_measurement_informed_seed_128,128,ordinary_collection,14,3,6,3,2,3162.823,2401.982,290.877,0,0,874.157,2084.424,9,4,25.565,N14 -> N06 -> N11 -> N13 -> N05 -> N01 -> N08 -> N02 -> N12 -> N04 -> N09 -> N10 -> N07 -> N03
public_measurement_informed,random_heterogeneous_iot_public_measurement_informed_seed_128,128,protocol_aware,14,3,6,3,2,2505.789,3272.004,82.054,1,0,159.288,2068.281,10,4,315.466,N09 -> N04 -> N02 -> N12 -> N13 -> N14 -> N08 -> N07 -> N01 -> N03 -> N10 -> N11 -> N06 -> N05
public_measurement_informed,random_heterogeneous_iot_public_measurement_informed_seed_128,128,bounded_blackout,14,3,6,3,2,2505.789,3272.004,82.054,1,0,159.288,2068.281,10,4,2052.675,N09 -> N04 -> N02 -> N12 -> N13 -> N14 -> N08 -> N07 -> N01 -> N03 -> N10 -> N11 -> N06 -> N05
public_measurement_informed,random_heterogeneous_iot_public_measurement_informed_seed_128,128,genetic_algorithm,14,3,6,3,2,2505.789,3272.004,82.054,1,0,159.288,2068.281,10,4,734.07,N09 -> N04 -> N02 -> N12 -> N13 -> N14 -> N08 -> N07 -> N01 -> N03 -> N10 -> N11 -> N06 -> N05
public_measurement_informed,random_heterogeneous_iot_public_measurement_informed_seed_128,128,particle_swarm,14,3,6,3,2,2505.789,3272.004,82.054,1,0,159.288,2068.281,10,4,286.906,N09 -> N04 -> N02 -> N12 -> N13 -> N14 -> N08 -> N07 -> N01 -> N03 -> N10 -> N11 -> N06 -> N05
public_measurement_informed,random_heterogeneous_iot_public_measurement_informed_seed_129,129,distance_only,14,1,8,3,2,1442.356,2859.521,115.513,0,1,577.444,654.382,9,1,0.033,N11 -> N10 -> N13 -> N06 -> N08 -> N07 -> N01 -> N02 -> N03 -> N09 -> N04 -> N14 -> N05 -> N12
public_measurement_informed,random_heterogeneous_iot_public_measurement_informed_seed_129,129,ordinary_collection,14,1,8,3,2,1504.327,2714.724,105.28,0,0,647.752,656.704,9,1,17.309,N11 -> N06 -> N02 -> N01 -> N07 -> N08 -> N03 -> N14 -> N04 -> N09 -> N05 -> N12 -> N13 -> N10
public_measurement_informed,random_heterogeneous_iot_public_measurement_informed_seed_129,129,protocol_aware,14,1,8,3,2,1072.484,3648.491,82.573,1,1,157.593,646.273,6,1,274.638,N13 -> N11 -> N10 -> N07 -> N14 -> N04 -> N01 -> N02 -> N03 -> N08 -> N05 -> N09 -> N06 -> N12
public_measurement_informed,random_heterogeneous_iot_public_measurement_informed_seed_129,129,bounded_blackout,14,1,8,3,2,973.798,3486.916,55.532,1,1,57.234,659.841,7,1,1723.783,N13 -> N11 -> N12 -> N03 -> N08 -> N07 -> N09 -> N14 -> N04 -> N05 -> N02 -> N06 -> N10 -> N01
public_measurement_informed,random_heterogeneous_iot_public_measurement_informed_seed_129,129,genetic_algorithm,14,1,8,3,2,1072.484,3648.491,82.573,1,1,157.593,646.273,6,1,671.855,N13 -> N11 -> N10 -> N07 -> N14 -> N04 -> N01 -> N02 -> N03 -> N08 -> N05 -> N09 -> N06 -> N12
public_measurement_informed,random_heterogeneous_iot_public_measurement_informed_seed_129,129,particle_swarm,14,1,8,3,2,1072.484,3648.491,82.573,1,1,157.593,646.273,6,1,244.854,N13 -> N11 -> N10 -> N07 -> N14 -> N04 -> N01 -> N02 -> N03 -> N08 -> N05 -> N09 -> N06 -> N12
public_measurement_informed,random_heterogeneous_iot_public_measurement_informed_seed_130,130,distance_only,14,3,3,3,5,2901.172,2518.863,259.112,0,0,934.222,1732.269,12,4,0.025,N12 -> N14 -> N09 -> N01 -> N10 -> N03 -> N11 -> N07 -> N06 -> N04 -> N08 -> N02 -> N13 -> N05
public_measurement_informed,random_heterogeneous_iot_public_measurement_informed_seed_130,130,ordinary_collection,14,3,3,3,5,2842.033,2432.892,259.112,0,0,883.468,1731.894,12,4,12.221,N12 -> N14 -> N09 -> N01 -> N10 -> N03 -> N06 -> N07 -> N11 -> N04 -> N08 -> N05 -> N02 -> N13
public_measurement_informed,random_heterogeneous_iot_public_measurement_informed_seed_130,130,protocol_aware,14,3,3,3,5,2511.654,3840.799,120.993,0,0,407.959,1745.85,11,4,201.836,N08 -> N12 -> N10 -> N06 -> N04 -> N01 -> N11 -> N03 -> N07 -> N13 -> N09 -> N02 -> N05 -> N14
public_measurement_informed,random_heterogeneous_iot_public_measurement_informed_seed_130,130,bounded_blackout,14,3,3,3,5,2228.228,3156.258,56.265,1,0,148.707,1785.454,11,4,1566.094,N13 -> N14 -> N02 -> N12 -> N01 -> N03 -> N11 -> N10 -> N07 -> N06 -> N09 -> N08 -> N05 -> N04
public_measurement_informed,random_heterogeneous_iot_public_measurement_informed_seed_130,130,genetic_algorithm,14,3,3,3,5,2363.651,3659.787,115.068,0,0,252.831,1769.84,9,4,684.876,N12 -> N01 -> N03 -> N04 -> N10 -> N11 -> N07 -> N02 -> N09 -> N06 -> N05 -> N14 -> N08 -> N13
public_measurement_informed,random_heterogeneous_iot_public_measurement_informed_seed_130,130,particle_swarm,14,3,3,3,5,2336.066,3469.98,97.188,0,0,229.328,1783.442,12,4,208.46,N01 -> N10 -> N07 -> N03 -> N08 -> N06 -> N11 -> N09 -> N12 -> N02 -> N04 -> N13 -> N14 -> N05
public_measurement_informed,random_heterogeneous_iot_public_measurement_informed_seed_131,131,distance_only,14,5,3,1,5,3234.737,2659.505,190.58,0,0,1091.685,1894.263,9,1,0.028,N10 -> N07 -> N08 -> N01 -> N02 -> N09 -> N13 -> N06 -> N03 -> N04 -> N12 -> N11 -> N05 -> N14
public_measurement_informed,random_heterogeneous_iot_public_measurement_informed_seed_131,131,ordinary_collection,14,5,3,1,5,3234.722,2625.622,190.58,0,0,1096.051,1893.052,8,1,10.835,N10 -> N07 -> N08 -> N01 -> N02 -> N09 -> N06 -> N13 -> N03 -> N04 -> N12 -> N11 -> N05 -> N14
public_measurement_informed,random_heterogeneous_iot_public_measurement_informed_seed_131,131,protocol_aware,14,5,3,1,5,2717.38,3519.078,120.307,0,0,444.396,1943.784,8,1,240.732,N06 -> N13 -> N07 -> N01 -> N14 -> N09 -> N05 -> N08 -> N03 -> N11 -> N04 -> N10 -> N12 -> N02
public_measurement_informed,random_heterogeneous_iot_public_measurement_informed_seed_131,131,bounded_blackout,14,5,3,1,5,2708.302,2889.133,101.518,0,0,466.827,1971.206,10,1,1594.807,N05 -> N01 -> N14 -> N11 -> N04 -> N03 -> N13 -> N08 -> N09 -> N02 -> N07 -> N06 -> N12 -> N10
public_measurement_informed,random_heterogeneous_iot_public_measurement_informed_seed_131,131,genetic_algorithm,14,5,3,1,5,2717.38,3574.336,102.61,0,0,432.931,1950.081,8,1,673.472,N06 -> N07 -> N13 -> N01 -> N14 -> N09 -> N05 -> N08 -> N03 -> N11 -> N04 -> N10 -> N12 -> N02
public_measurement_informed,random_heterogeneous_iot_public_measurement_informed_seed_131,131,particle_swarm,14,5,3,1,5,2667.361,4341.346,104.921,0,0,385.323,1875.918,8,1,227.699,N13 -> N06 -> N11 -> N01 -> N14 -> N09 -> N05 -> N08 -> N03 -> N10 -> N02 -> N07 -> N04 -> N12
public_measurement_informed,random_heterogeneous_iot_public_measurement_informed_seed_132,132,distance_only,14,5,3,2,4,2791.628,3088.243,174.219,0,0,655.234,1864.279,10,0,0.025,N01 -> N10 -> N12 -> N14 -> N02 -> N03 -> N06 -> N04 -> N05 -> N11 -> N09 -> N08 -> N07 -> N13
public_measurement_informed,random_heterogeneous_iot_public_measurement_informed_seed_132,132,ordinary_collection,14,5,3,2,4,2797.09,2371.262,170.383,0,0,707.187,1880.963,8,0,16.154,N10 -> N02 -> N03 -> N13 -> N06 -> N04 -> N05 -> N11 -> N09 -> N08 -> N07 -> N14 -> N12 -> N01
public_measurement_informed,random_heterogeneous_iot_public_measurement_informed_seed_132,132,protocol_aware,14,5,3,2,4,2432.027,3298.812,85.632,1,0,288.159,1853.198,11,0,191.426,N01 -> N10 -> N12 -> N08 -> N04 -> N03 -> N13 -> N07 -> N06 -> N02 -> N14 -> N09 -> N05 -> N11
public_measurement_informed,random_heterogeneous_iot_public_measurement_informed_seed_132,132,bounded_blackout,14,5,3,2,4,2432.027,3298.812,85.632,1,0,288.159,1853.198,11,0,1435.819,N01 -> N10 -> N12 -> N08 -> N04 -> N03 -> N13 -> N07 -> N06 -> N02 -> N14 -> N09 -> N05 -> N11
public_measurement_informed,random_heterogeneous_iot_public_measurement_informed_seed_132,132,genetic_algorithm,14,5,3,2,4,2444.318,2743.515,86.024,1,0,397.769,1804.809,8,0,664.186,N14 -> N12 -> N02 -> N10 -> N01 -> N03 -> N04 -> N06 -> N13 -> N07 -> N08 -> N09 -> N05 -> N11
public_measurement_informed,random_heterogeneous_iot_public_measurement_informed_seed_132,132,particle_swarm,14,5,3,2,4,2444.318,2743.515,86.024,1,0,397.769,1804.809,8,0,221.857,N14 -> N12 -> N02 -> N10 -> N01 -> N03 -> N04 -> N06 -> N13 -> N07 -> N08 -> N09 -> N05 -> N11
public_measurement_informed,random_heterogeneous_iot_public_measurement_informed_seed_133,133,distance_only,14,6,3,0,5,3689.969,2894.589,193.467,0,0,1027.739,2432.301,8,0,0.026,N11 -> N07 -> N01 -> N03 -> N09 -> N10 -> N08 -> N14 -> N02 -> N06 -> N05 -> N04 -> N13 -> N12
public_measurement_informed,random_heterogeneous_iot_public_measurement_informed_seed_133,133,ordinary_collection,14,6,3,0,5,3957.634,2547.351,289.622,0,0,1263.99,2491.298,9,0,10.711,N07 -> N01 -> N03 -> N09 -> N12 -> N08 -> N10 -> N14 -> N02 -> N06 -> N05 -> N04 -> N13 -> N11
public_measurement_informed,random_heterogeneous_iot_public_measurement_informed_seed_133,133,protocol_aware,14,6,3,0,5,2990.858,3288.154,116.48,0,0,325.615,2404.051,10,0,410.249,N12 -> N08 -> N03 -> N09 -> N05 -> N14 -> N13 -> N06 -> N10 -> N04 -> N02 -> N07 -> N01 -> N11
public_measurement_informed,random_heterogeneous_iot_public_measurement_informed_seed_133,133,bounded_blackout,14,6,3,0,5,2987.906,2734.55,62.861,1,0,236.333,2534.356,11,0,2351.358,N02 -> N01 -> N10 -> N13 -> N11 -> N06 -> N05 -> N04 -> N09 -> N14 -> N03 -> N08 -> N12 -> N07
public_measurement_informed,random_heterogeneous_iot_public_measurement_informed_seed_133,133,genetic_algorithm,14,6,3,0,5,3202.69,4130.327,101.976,0,0,347.493,2527.108,9,0,672.123,N05 -> N12 -> N09 -> N14 -> N04 -> N07 -> N11 -> N02 -> N10 -> N06 -> N01 -> N08 -> N03 -> N13
public_measurement_informed,random_heterogeneous_iot_public_measurement_informed_seed_133,133,particle_swarm,14,6,3,0,5,3195.024,3795.941,144.149,0,0,402.521,2490.975,8,0,195.588,N10 -> N12 -> N06 -> N07 -> N11 -> N09 -> N05 -> N08 -> N01 -> N04 -> N02 -> N14 -> N03 -> N13
public_measurement_informed,random_heterogeneous_iot_public_measurement_informed_seed_134,134,distance_only,14,2,6,4,2,1661.198,2227.305,134.21,0,0,773.573,705.388,12,0,0.025,N04 -> N10 -> N09 -> N05 -> N07 -> N12 -> N08 -> N01 -> N14 -> N13 -> N03 -> N06 -> N11 -> N02
public_measurement_informed,random_heterogeneous_iot_public_measurement_informed_seed_134,134,ordinary_collection,14,2,6,4,2,1839.709,2313.541,272.263,0,0,935.4,715.017,11,0,14.256,N02 -> N06 -> N11 -> N14 -> N01 -> N13 -> N03 -> N08 -> N12 -> N07 -> N05 -> N09 -> N10 -> N04
public_measurement_informed,random_heterogeneous_iot_public_measurement_informed_seed_134,134,protocol_aware,14,2,6,4,2,1280.801,3157.222,112.908,0,1,275.948,746.531,12,0,275.62,N06 -> N10 -> N02 -> N11 -> N01 -> N03 -> N13 -> N12 -> N07 -> N05 -> N08 -> N04 -> N14 -> N09
public_measurement_informed,random_heterogeneous_iot_public_measurement_informed_seed_134,134,bounded_blackout,14,2,6,4,2,1267.084,4113.171,54.037,1,1,180.644,749.904,10,0,1989.563,N04 -> N07 -> N03 -> N12 -> N10 -> N13 -> N09 -> N06 -> N08 -> N01 -> N14 -> N02 -> N05 -> N11
public_measurement_informed,random_heterogeneous_iot_public_measurement_informed_seed_134,134,genetic_algorithm,14,2,6,4,2,1280.801,3157.222,112.908,0,1,265.262,757.217,12,0,732.091,N06 -> N02 -> N10 -> N01 -> N03 -> N11 -> N13 -> N12 -> N07 -> N05 -> N08 -> N04 -> N14 -> N09
public_measurement_informed,random_heterogeneous_iot_public_measurement_informed_seed_134,134,particle_swarm,14,2,6,4,2,1199.485,3068.282,63.655,1,1,181.66,766.781,9,0,246.145,N02 -> N06 -> N10 -> N13 -> N07 -> N11 -> N01 -> N03 -> N12 -> N05 -> N14 -> N08 -> N09 -> N04
public_measurement_informed,random_heterogeneous_iot_public_measurement_informed_seed_135,135,distance_only,14,4,2,6,2,3656.849,2584.05,216.51,0,0,703.567,2735.849,11,3,0.025,N04 -> N09 -> N08 -> N13 -> N06 -> N03 -> N07 -> N02 -> N11 -> N14 -> N01 -> N05 -> N12 -> N10
public_measurement_informed,random_heterogeneous_iot_public_measurement_informed_seed_135,135,ordinary_collection,14,4,2,6,2,4141.383,2325.541,280.187,0,0,1132.51,2813.19,11,3,9.504,N04 -> N10 -> N12 -> N05 -> N01 -> N14 -> N06 -> N03 -> N07 -> N02 -> N13 -> N11 -> N08 -> N09
public_measurement_informed,random_heterogeneous_iot_public_measurement_informed_seed_135,135,protocol_aware,14,4,2,6,2,3339.993,3734.456,72.628,1,0,216.795,2808.963,8,3,288.674,N10 -> N03 -> N09 -> N04 -> N07 -> N02 -> N05 -> N12 -> N14 -> N01 -> N11 -> N13 -> N08 -> N06
public_measurement_informed,random_heterogeneous_iot_public_measurement_informed_seed_135,135,bounded_blackout,14,4,2,6,2,3339.993,3734.456,72.628,1,0,216.795,2808.963,8,3,1908.907,N10 -> N03 -> N09 -> N04 -> N07 -> N02 -> N05 -> N12 -> N14 -> N01 -> N11 -> N13 -> N08 -> N06
public_measurement_informed,random_heterogeneous_iot_public_measurement_informed_seed_135,135,genetic_algorithm,14,4,2,6,2,3339.993,3734.456,72.628,1,0,216.795,2808.963,8,3,706.126,N10 -> N03 -> N09 -> N04 -> N07 -> N02 -> N05 -> N12 -> N14 -> N01 -> N11 -> N13 -> N08 -> N06
public_measurement_informed,random_heterogeneous_iot_public_measurement_informed_seed_135,135,particle_swarm,14,4,2,6,2,3339.993,3734.456,72.628,1,0,216.795,2808.963,8,3,242.595,N10 -> N03 -> N09 -> N04 -> N07 -> N02 -> N05 -> N12 -> N14 -> N01 -> N11 -> N13 -> N08 -> N06
public_measurement_informed,random_heterogeneous_iot_public_measurement_informed_seed_136,136,distance_only,14,2,3,5,4,1809.869,2334.773,108.048,0,0,593.683,1019.099,10,4,0.025,N10 -> N07 -> N05 -> N13 -> N12 -> N03 -> N06 -> N01 -> N04 -> N11 -> N09 -> N02 -> N14 -> N08
public_measurement_informed,random_heterogeneous_iot_public_measurement_informed_seed_136,136,ordinary_collection,14,2,3,5,4,1756.586,2247.85,163.899,0,0,618.451,948.385,9,4,10.831,N05 -> N13 -> N12 -> N08 -> N03 -> N06 -> N01 -> N04 -> N11 -> N09 -> N02 -> N14 -> N07 -> N10
public_measurement_informed,random_heterogeneous_iot_public_measurement_informed_seed_136,136,protocol_aware,14,2,3,5,4,1416.985,3495.972,103.899,0,1,188.179,933.698,8,4,181.42,N10 -> N05 -> N07 -> N02 -> N14 -> N09 -> N06 -> N11 -> N01 -> N04 -> N03 -> N13 -> N12 -> N08
public_measurement_informed,random_heterogeneous_iot_public_measurement_informed_seed_136,136,bounded_blackout,14,2,3,5,4,1418.139,3229.036,53.423,1,1,138.034,1007.53,8,4,1341.772,N12 -> N10 -> N05 -> N14 -> N09 -> N04 -> N02 -> N11 -> N07 -> N13 -> N03 -> N06 -> N01 -> N08
public_measurement_informed,random_heterogeneous_iot_public_measurement_informed_seed_136,136,genetic_algorithm,14,2,3,5,4,1416.985,3495.972,103.899,0,1,188.179,933.698,8,4,709.191,N10 -> N05 -> N07 -> N02 -> N14 -> N09 -> N06 -> N11 -> N01 -> N04 -> N03 -> N13 -> N12 -> N08
public_measurement_informed,random_heterogeneous_iot_public_measurement_informed_seed_136,136,particle_swarm,14,2,3,5,4,1416.985,3495.972,103.899,0,1,188.179,933.698,8,4,207.718,N10 -> N05 -> N07 -> N02 -> N14 -> N09 -> N06 -> N11 -> N01 -> N04 -> N03 -> N13 -> N12 -> N08
public_measurement_informed,random_heterogeneous_iot_public_measurement_informed_seed_137,137,distance_only,14,3,4,3,4,2358.864,2633.672,254.695,0,0,1000.221,1136.996,12,1,0.026,N12 -> N14 -> N01 -> N10 -> N09 -> N07 -> N13 -> N11 -> N02 -> N03 -> N05 -> N08 -> N06 -> N04
public_measurement_informed,random_heterogeneous_iot_public_measurement_informed_seed_137,137,ordinary_collection,14,3,4,3,4,1975.682,2631.437,126.922,0,0,616.219,1138.003,11,1,15.193,N01 -> N10 -> N09 -> N07 -> N13 -> N11 -> N03 -> N02 -> N05 -> N08 -> N06 -> N04 -> N14 -> N12
public_measurement_informed,random_heterogeneous_iot_public_measurement_informed_seed_137,137,protocol_aware,14,3,4,3,4,1673.347,3868.29,99.738,0,0,215.171,1132.624,7,1,324.258,N05 -> N02 -> N04 -> N03 -> N13 -> N11 -> N09 -> N10 -> N06 -> N08 -> N01 -> N07 -> N14 -> N12
public_measurement_informed,random_heterogeneous_iot_public_measurement_informed_seed_137,137,bounded_blackout,14,3,4,3,4,1612.414,3275.985,75.172,1,0,118.237,1218.473,11,1,1624.247,N14 -> N08 -> N01 -> N06 -> N03 -> N05 -> N02 -> N10 -> N09 -> N07 -> N12 -> N04 -> N11 -> N13
public_measurement_informed,random_heterogeneous_iot_public_measurement_informed_seed_137,137,genetic_algorithm,14,3,4,3,4,1673.347,3868.29,99.738,0,0,215.171,1132.624,7,1,663.824,N05 -> N02 -> N04 -> N03 -> N13 -> N11 -> N09 -> N10 -> N06 -> N08 -> N01 -> N07 -> N14 -> N12
public_measurement_informed,random_heterogeneous_iot_public_measurement_informed_seed_137,137,particle_swarm,14,3,4,3,4,1815.112,4974.865,103.303,0,0,209.658,1186.773,10,1,189.838,N05 -> N02 -> N10 -> N04 -> N09 -> N07 -> N06 -> N11 -> N13 -> N08 -> N01 -> N14 -> N12 -> N03
public_measurement_informed,random_heterogeneous_iot_public_measurement_informed_seed_138,138,distance_only,14,3,5,1,5,3086.933,2684.763,261.138,0,0,998.806,1868.21,10,3,0.024,N10 -> N08 -> N05 -> N04 -> N11 -> N02 -> N14 -> N12 -> N03 -> N13 -> N06 -> N07 -> N01 -> N09
public_measurement_informed,random_heterogeneous_iot_public_measurement_informed_seed_138,138,ordinary_collection,14,3,5,1,5,2862.312,2369.4,248.764,0,0,904.597,1763.63,9,3,19.958,N10 -> N08 -> N06 -> N13 -> N03 -> N07 -> N01 -> N09 -> N12 -> N14 -> N02 -> N04 -> N05 -> N11
public_measurement_informed,random_heterogeneous_iot_public_measurement_informed_seed_138,138,protocol_aware,14,3,5,1,5,2255.722,3056.545,73.259,1,0,236.057,1769.295,10,3,362.532,N12 -> N14 -> N06 -> N01 -> N13 -> N07 -> N03 -> N09 -> N02 -> N04 -> N11 -> N05 -> N10 -> N08
public_measurement_informed,random_heterogeneous_iot_public_measurement_informed_seed_138,138,bounded_blackout,14,3,5,1,5,2209.85,2739.306,64.361,1,0,181.919,1803.545,7,3,2608.315,N11 -> N10 -> N02 -> N08 -> N06 -> N07 -> N13 -> N09 -> N01 -> N12 -> N14 -> N03 -> N04 -> N05
public_measurement_informed,random_heterogeneous_iot_public_measurement_informed_seed_138,138,genetic_algorithm,14,3,5,1,5,2331.008,3075.917,103.897,0,0,339.659,1739.392,10,3,708.63,N02 -> N14 -> N01 -> N09 -> N07 -> N13 -> N03 -> N10 -> N12 -> N04 -> N05 -> N11 -> N08 -> N06
public_measurement_informed,random_heterogeneous_iot_public_measurement_informed_seed_138,138,particle_swarm,14,3,5,1,5,2330.9,2967.934,85.981,1,0,238.43,1849.358,7,3,284.843,N12 -> N14 -> N03 -> N07 -> N13 -> N01 -> N09 -> N02 -> N04 -> N11 -> N05 -> N10 -> N08 -> N06
public_measurement_informed,random_heterogeneous_iot_public_measurement_informed_seed_139,139,distance_only,14,5,2,5,2,3468.55,2873.205,217.854,0,0,945.865,2259.016,8,1,0.025,N10 -> N11 -> N09 -> N08 -> N12 -> N04 -> N03 -> N13 -> N02 -> N01 -> N07 -> N05 -> N06 -> N14
public_measurement_informed,random_heterogeneous_iot_public_measurement_informed_seed_139,139,ordinary_collection,14,5,2,5,2,3353.807,2249.305,186.291,0,0,841.436,2305.956,8,1,8.7,N06 -> N09 -> N08 -> N12 -> N14 -> N03 -> N04 -> N13 -> N02 -> N01 -> N07 -> N05 -> N11 -> N10
public_measurement_informed,random_heterogeneous_iot_public_measurement_informed_seed_139,139,protocol_aware,14,5,2,5,2,2753.538,2542.283,115.151,0,0,206.08,2314.157,9,1,625.452,N06 -> N02 -> N13 -> N07 -> N03 -> N04 -> N12 -> N14 -> N09 -> N01 -> N08 -> N05 -> N11 -> N10
public_measurement_informed,random_heterogeneous_iot_public_measurement_informed_seed_139,139,bounded_blackout,14,5,2,5,2,2753.538,2542.283,115.151,0,0,206.08,2314.157,9,1,3174.397,N06 -> N02 -> N13 -> N07 -> N03 -> N04 -> N12 -> N14 -> N09 -> N01 -> N08 -> N05 -> N11 -> N10
public_measurement_informed,random_heterogeneous_iot_public_measurement_informed_seed_139,139,genetic_algorithm,14,5,2,5,2,2877.043,3438.301,81.77,1,0,255.705,2305.811,9,1,738.0,N13 -> N02 -> N04 -> N03 -> N05 -> N06 -> N12 -> N11 -> N08 -> N01 -> N07 -> N14 -> N10 -> N09
public_measurement_informed,random_heterogeneous_iot_public_measurement_informed_seed_139,139,particle_swarm,14,5,2,5,2,2877.043,3438.301,81.77,1,0,255.705,2305.811,9,1,277.027,N13 -> N02 -> N04 -> N03 -> N05 -> N06 -> N12 -> N11 -> N08 -> N01 -> N07 -> N14 -> N10 -> N09
public_measurement_informed,random_heterogeneous_iot_public_measurement_informed_seed_140,140,distance_only,14,3,5,3,3,2214.78,3016.64,217.929,0,0,835.525,1134.443,7,1,0.026,N01 -> N05 -> N03 -> N14 -> N04 -> N09 -> N06 -> N11 -> N02 -> N07 -> N10 -> N13 -> N08 -> N12
public_measurement_informed,random_heterogeneous_iot_public_measurement_informed_seed_140,140,ordinary_collection,14,3,5,3,3,2163.038,2379.644,156.371,0,0,822.244,1147.677,8,1,27.885,N01 -> N05 -> N03 -> N14 -> N12 -> N10 -> N13 -> N08 -> N11 -> N02 -> N06 -> N09 -> N04 -> N07
public_measurement_informed,random_heterogeneous_iot_public_measurement_informed_seed_140,140,protocol_aware,14,3,5,3,3,1606.333,2751.899,79.632,1,0,209.526,1173.48,8,1,409.09,N12 -> N03 -> N05 -> N01 -> N04 -> N09 -> N14 -> N11 -> N02 -> N08 -> N13 -> N10 -> N06 -> N07
public_measurement_informed,random_heterogeneous_iot_public_measurement_informed_seed_140,140,bounded_blackout,14,3,5,3,3,1606.296,3619.355,46.573,1,0,142.498,1170.074,7,1,2231.897,N12 -> N14 -> N03 -> N01 -> N04 -> N02 -> N05 -> N11 -> N09 -> N08 -> N13 -> N10 -> N06 -> N07
public_measurement_informed,random_heterogeneous_iot_public_measurement_informed_seed_140,140,genetic_algorithm,14,3,5,3,3,1606.333,3029.934,59.409,1,0,124.872,1235.571,8,1,740.634,N04 -> N09 -> N14 -> N01 -> N12 -> N03 -> N05 -> N11 -> N02 -> N08 -> N13 -> N10 -> N06 -> N07
public_measurement_informed,random_heterogeneous_iot_public_measurement_informed_seed_140,140,particle_swarm,14,3,5,3,3,1606.333,2751.899,79.632,1,0,209.526,1173.48,8,1,298.36,N12 -> N03 -> N05 -> N01 -> N04 -> N09 -> N14 -> N11 -> N02 -> N08 -> N13 -> N10 -> N06 -> N07
public_measurement_informed,random_heterogeneous_iot_public_measurement_informed_seed_141,141,distance_only,14,3,4,3,4,2576.897,2365.575,245.992,0,0,1084.601,1297.449,12,0,0.025,N06 -> N14 -> N10 -> N03 -> N07 -> N13 -> N05 -> N09 -> N01 -> N04 -> N11 -> N12 -> N08 -> N02
public_measurement_informed,random_heterogeneous_iot_public_measurement_informed_seed_141,141,ordinary_collection,14,3,4,3,4,2158.967,2614.051,102.898,0,0,647.707,1295.946,10,0,18.534,N06 -> N11 -> N12 -> N08 -> N02 -> N05 -> N13 -> N09 -> N04 -> N01 -> N07 -> N03 -> N10 -> N14
public_measurement_informed,random_heterogeneous_iot_public_measurement_informed_seed_141,141,protocol_aware,14,3,4,3,4,1991.528,3819.224,95.573,0,0,340.076,1336.87,9,0,167.299,N13 -> N01 -> N05 -> N09 -> N11 -> N02 -> N10 -> N04 -> N12 -> N03 -> N14 -> N08 -> N07 -> N06
public_measurement_informed,random_heterogeneous_iot_public_measurement_informed_seed_141,141,bounded_blackout,14,3,4,3,4,1770.121,3615.566,66.395,1,0,116.397,1355.918,8,0,1199.397,N06 -> N12 -> N01 -> N13 -> N11 -> N08 -> N05 -> N02 -> N10 -> N04 -> N03 -> N07 -> N14 -> N09
public_measurement_informed,random_heterogeneous_iot_public_measurement_informed_seed_141,141,genetic_algorithm,14,3,4,3,4,1992.751,3262.128,107.406,0,0,417.791,1306.265,10,0,655.017,N09 -> N13 -> N05 -> N03 -> N07 -> N11 -> N08 -> N01 -> N04 -> N14 -> N10 -> N12 -> N02 -> N06
public_measurement_informed,random_heterogeneous_iot_public_measurement_informed_seed_141,141,particle_swarm,14,3,4,3,4,1872.872,3501.243,103.673,0,0,265.9,1318.583,10,0,213.896,N14 -> N09 -> N01 -> N12 -> N04 -> N11 -> N08 -> N13 -> N07 -> N03 -> N05 -> N02 -> N10 -> N06
public_measurement_informed,random_heterogeneous_iot_public_measurement_informed_seed_142,142,distance_only,14,3,6,2,3,2370.756,2780.53,277.632,0,0,947.93,1190.261,11,1,0.025,N01 -> N08 -> N07 -> N10 -> N02 -> N13 -> N04 -> N09 -> N11 -> N03 -> N12 -> N06 -> N14 -> N05
public_measurement_informed,random_heterogeneous_iot_public_measurement_informed_seed_142,142,ordinary_collection,14,3,6,2,3,2155.949,2673.904,231.302,0,0,724.256,1208.046,9,1,11.097,N07 -> N05 -> N14 -> N03 -> N12 -> N06 -> N11 -> N09 -> N04 -> N13 -> N02 -> N10 -> N08 -> N01
public_measurement_informed,random_heterogeneous_iot_public_measurement_informed_seed_142,142,protocol_aware,14,3,6,2,3,1919.526,3183.131,112.319,0,0,445.661,1207.626,9,1,333.209,N14 -> N06 -> N03 -> N12 -> N11 -> N05 -> N10 -> N09 -> N02 -> N01 -> N07 -> N08 -> N04 -> N13
public_measurement_informed,random_heterogeneous_iot_public_measurement_informed_seed_142,142,bounded_blackout,14,3,6,2,3,1919.526,3183.131,112.319,0,0,445.661,1207.626,9,1,2110.943,N14 -> N06 -> N03 -> N12 -> N11 -> N05 -> N10 -> N09 -> N02 -> N01 -> N07 -> N08 -> N04 -> N13
public_measurement_informed,random_heterogeneous_iot_public_measurement_informed_seed_142,142,genetic_algorithm,14,3,6,2,3,1919.687,3187.563,93.673,0,0,452.551,1200.526,9,1,735.661,N14 -> N05 -> N11 -> N12 -> N03 -> N06 -> N10 -> N08 -> N07 -> N09 -> N02 -> N01 -> N04 -> N13
public_measurement_informed,random_heterogeneous_iot_public_measurement_informed_seed_142,142,particle_swarm,14,3,6,2,3,1919.686,3115.951,105.59,0,0,437.172,1221.894,9,1,226.617,N14 -> N05 -> N12 -> N03 -> N06 -> N11 -> N10 -> N08 -> N09 -> N02 -> N07 -> N01 -> N04 -> N13
public_measurement_informed,random_heterogeneous_iot_public_measurement_informed_seed_143,143,distance_only,14,5,4,4,1,3483.288,2612.308,256.034,0,0,1170.717,2107.437,10,1,0.025,N02 -> N04 -> N10 -> N12 -> N01 -> N08 -> N09 -> N07 -> N05 -> N11 -> N06 -> N03 -> N14 -> N13
public_measurement_informed,random_heterogeneous_iot_public_measurement_informed_seed_143,143,ordinary_collection,14,5,4,4,1,3110.039,2537.65,152.473,0,0,764.316,2146.451,11,1,15.026,N02 -> N05 -> N07 -> N11 -> N13 -> N06 -> N03 -> N14 -> N09 -> N08 -> N01 -> N12 -> N10 -> N04
public_measurement_informed,random_heterogeneous_iot_public_measurement_informed_seed_143,143,protocol_aware,14,5,4,4,1,2875.622,3655.04,91.679,0,0,456.187,2132.42,11,1,278.723,N05 -> N02 -> N04 -> N10 -> N07 -> N08 -> N01 -> N12 -> N14 -> N03 -> N09 -> N11 -> N06 -> N13
public_measurement_informed,random_heterogeneous_iot_public_measurement_informed_seed_143,143,bounded_blackout,14,5,4,4,1,2842.219,3375.854,76.32,1,0,397.209,2179.918,12,1,2046.889,N05 -> N01 -> N04 -> N10 -> N02 -> N08 -> N07 -> N12 -> N14 -> N03 -> N13 -> N11 -> N06 -> N09
public_measurement_informed,random_heterogeneous_iot_public_measurement_informed_seed_143,143,genetic_algorithm,14,5,4,4,1,2867.298,3842.804,89.066,1,0,293.627,2271.911,9,1,669.977,N08 -> N04 -> N09 -> N07 -> N01 -> N03 -> N14 -> N05 -> N06 -> N02 -> N12 -> N11 -> N10 -> N13
public_measurement_informed,random_heterogeneous_iot_public_measurement_informed_seed_143,143,particle_swarm,14,5,4,4,1,3023.539,4617.3,118.94,0,0,406.255,2254.706,10,1,195.989,N07 -> N14 -> N11 -> N02 -> N03 -> N12 -> N01 -> N05 -> N13 -> N04 -> N10 -> N09 -> N06 -> N08
public_measurement_informed,random_heterogeneous_iot_public_measurement_informed_seed_144,144,distance_only,14,2,1,3,8,2207.589,2451.748,177.594,0,0,615.949,1384.386,9,3,0.025,N01 -> N06 -> N02 -> N11 -> N07 -> N09 -> N08 -> N13 -> N10 -> N14 -> N04 -> N05 -> N12 -> N03
public_measurement_informed,random_heterogeneous_iot_public_measurement_informed_seed_144,144,ordinary_collection,14,2,1,3,8,2397.798,2066.682,257.594,0,0,841.171,1381.923,10,3,21.249,N01 -> N13 -> N08 -> N09 -> N07 -> N11 -> N10 -> N12 -> N03 -> N05 -> N04 -> N14 -> N02 -> N06
public_measurement_informed,random_heterogeneous_iot_public_measurement_informed_seed_144,144,protocol_aware,14,2,1,3,8,1761.374,2859.455,73.889,1,0,120.43,1399.225,8,3,419.565,N02 -> N07 -> N12 -> N04 -> N03 -> N05 -> N14 -> N13 -> N11 -> N09 -> N08 -> N10 -> N01 -> N06
public_measurement_informed,random_heterogeneous_iot_public_measurement_informed_seed_144,144,bounded_blackout,14,2,1,3,8,1761.374,2859.455,73.889,1,0,120.43,1399.225,8,3,2347.761,N02 -> N07 -> N12 -> N04 -> N03 -> N05 -> N14 -> N13 -> N11 -> N09 -> N08 -> N10 -> N01 -> N06
public_measurement_informed,random_heterogeneous_iot_public_measurement_informed_seed_144,144,genetic_algorithm,14,2,1,3,8,1907.321,2924.39,105.132,0,0,280.282,1379.831,9,3,764.351,N01 -> N06 -> N10 -> N13 -> N07 -> N09 -> N08 -> N14 -> N04 -> N02 -> N11 -> N05 -> N12 -> N03
public_measurement_informed,random_heterogeneous_iot_public_measurement_informed_seed_144,144,particle_swarm,14,2,1,3,8,1791.159,3051.116,67.354,1,0,124.25,1408.989,11,3,260.75,N02 -> N06 -> N12 -> N04 -> N03 -> N07 -> N10 -> N14 -> N05 -> N11 -> N09 -> N13 -> N01 -> N08
public_measurement_informed,random_heterogeneous_iot_public_measurement_informed_seed_145,145,distance_only,14,1,4,1,8,2592.864,2617.332,235.045,0,0,840.451,1496.11,6,1,0.025,N03 -> N14 -> N08 -> N09 -> N02 -> N04 -> N12 -> N01 -> N13 -> N07 -> N10 -> N06 -> N05 -> N11
public_measurement_informed,random_heterogeneous_iot_public_measurement_informed_seed_145,145,ordinary_collection,14,1,4,1,8,2560.421,2525.552,164.38,0,0,692.395,1620.71,7,1,9.204,N03 -> N14 -> N05 -> N11 -> N06 -> N10 -> N07 -> N13 -> N12 -> N01 -> N04 -> N02 -> N09 -> N08
public_measurement_informed,random_heterogeneous_iot_public_measurement_informed_seed_145,145,protocol_aware,14,1,4,1,8,2071.969,3675.287,82.287,1,0,214.036,1498.029,7,1,315.121,N14 -> N02 -> N04 -> N05 -> N09 -> N06 -> N10 -> N11 -> N07 -> N12 -> N13 -> N01 -> N03 -> N08
public_measurement_informed,random_heterogeneous_iot_public_measurement_informed_seed_145,145,bounded_blackout,14,1,4,1,8,2043.957,3984.858,88.557,1,0,208.934,1444.804,5,1,1993.048,N13 -> N05 -> N11 -> N07 -> N12 -> N02 -> N01 -> N08 -> N09 -> N04 -> N10 -> N06 -> N14 -> N03
public_measurement_informed,random_heterogeneous_iot_public_measurement_informed_seed_145,145,genetic_algorithm,14,1,4,1,8,2056.195,3834.658,94.444,0,0,230.257,1450.428,9,1,698.469,N02 -> N06 -> N10 -> N13 -> N07 -> N12 -> N09 -> N01 -> N08 -> N04 -> N11 -> N14 -> N05 -> N03
public_measurement_informed,random_heterogeneous_iot_public_measurement_informed_seed_145,145,particle_swarm,14,1,4,1,8,2056.2,4045.8,92.131,0,0,209.267,1450.747,9,1,240.382,N13 -> N07 -> N12 -> N09 -> N06 -> N10 -> N01 -> N08 -> N02 -> N04 -> N11 -> N14 -> N05 -> N03
public_measurement_informed,random_heterogeneous_iot_public_measurement_informed_seed_146,146,distance_only,14,3,3,1,7,2248.039,2434.96,188.98,0,0,828.609,1235.746,8,1,0.027,N07 -> N02 -> N08 -> N03 -> N01 -> N11 -> N06 -> N10 -> N05 -> N12 -> N09 -> N04 -> N13 -> N14
public_measurement_informed,random_heterogeneous_iot_public_measurement_informed_seed_146,146,ordinary_collection,14,3,3,1,7,2401.165,2239.248,213.239,0,0,992.641,1239.604,8,1,16.438,N07 -> N02 -> N08 -> N05 -> N12 -> N09 -> N04 -> N13 -> N14 -> N10 -> N06 -> N11 -> N01 -> N03
public_measurement_informed,random_heterogeneous_iot_public_measurement_informed_seed_146,146,protocol_aware,14,3,3,1,7,1679.492,2893.792,90.673,0,0,223.423,1237.773,9,1,273.236,N10 -> N02 -> N11 -> N08 -> N05 -> N07 -> N03 -> N01 -> N04 -> N09 -> N12 -> N14 -> N13 -> N06
public_measurement_informed,random_heterogeneous_iot_public_measurement_informed_seed_146,146,bounded_blackout,14,3,3,1,7,1643.622,2888.28,40.624,1,0,165.406,1260.335,10,1,2055.534,N01 -> N05 -> N02 -> N11 -> N06 -> N12 -> N14 -> N13 -> N09 -> N07 -> N04 -> N03 -> N10 -> N08
public_measurement_informed,random_heterogeneous_iot_public_measurement_informed_seed_146,146,genetic_algorithm,14,3,3,1,7,1728.997,2465.412,108.156,0,0,296.634,1246.382,8,1,673.453,N04 -> N09 -> N10 -> N05 -> N06 -> N14 -> N13 -> N11 -> N01 -> N02 -> N03 -> N08 -> N12 -> N07
public_measurement_informed,random_heterogeneous_iot_public_measurement_informed_seed_146,146,particle_swarm,14,3,3,1,7,1728.742,2471.194,107.874,0,0,296.567,1245.757,6,1,222.308,N04 -> N09 -> N10 -> N05 -> N11 -> N06 -> N14 -> N13 -> N01 -> N02 -> N03 -> N08 -> N12 -> N07
public_measurement_informed,random_heterogeneous_iot_public_measurement_informed_seed_147,147,distance_only,14,3,4,4,3,2259.022,2529.724,258.427,0,0,1216.637,855.936,9,0,0.024,N10 -> N05 -> N06 -> N02 -> N03 -> N14 -> N08 -> N13 -> N11 -> N07 -> N12 -> N09 -> N01 -> N04
public_measurement_informed,random_heterogeneous_iot_public_measurement_informed_seed_147,147,ordinary_collection,14,3,4,4,3,2027.589,2251.465,231.886,0,0,986.631,875.017,11,0,13.654,N10 -> N05 -> N06 -> N07 -> N11 -> N08 -> N13 -> N14 -> N03 -> N02 -> N04 -> N01 -> N12 -> N09
public_measurement_informed,random_heterogeneous_iot_public_measurement_informed_seed_147,147,protocol_aware,14,3,4,4,3,1403.884,3464.688,84.158,1,1,269.843,878.682,9,0,440.899,N09 -> N01 -> N14 -> N03 -> N04 -> N05 -> N06 -> N13 -> N02 -> N12 -> N11 -> N08 -> N07 -> N10
public_measurement_informed,random_heterogeneous_iot_public_measurement_informed_seed_147,147,bounded_blackout,14,3,4,4,3,1352.617,4100.978,45.07,1,1,136.521,913.84,9,0,2314.46,N06 -> N13 -> N07 -> N10 -> N03 -> N02 -> N09 -> N12 -> N04 -> N05 -> N14 -> N01 -> N11 -> N08
public_measurement_informed,random_heterogeneous_iot_public_measurement_informed_seed_147,147,genetic_algorithm,14,3,4,4,3,1510.963,2840.916,120.811,0,0,370.984,930.595,12,0,714.152,N06 -> N05 -> N10 -> N08 -> N07 -> N14 -> N03 -> N12 -> N01 -> N04 -> N09 -> N02 -> N11 -> N13
public_measurement_informed,random_heterogeneous_iot_public_measurement_informed_seed_147,147,particle_swarm,14,3,4,4,3,1510.963,2840.916,120.811,0,0,370.984,930.595,12,0,234.461,N06 -> N05 -> N10 -> N08 -> N07 -> N14 -> N03 -> N12 -> N01 -> N04 -> N09 -> N02 -> N11 -> N13
public_measurement_informed,random_heterogeneous_iot_public_measurement_informed_seed_148,148,distance_only,14,6,2,3,3,3563.063,1993.365,281.058,0,0,862.407,2510.884,11,3,0.033,N14 -> N04 -> N02 -> N03 -> N11 -> N13 -> N01 -> N07 -> N09 -> N06 -> N08 -> N10 -> N12 -> N05
public_measurement_informed,random_heterogeneous_iot_public_measurement_informed_seed_148,148,ordinary_collection,14,6,2,3,3,3829.332,1924.981,248.266,0,0,1156.58,2489.49,11,3,20.712,N14 -> N04 -> N02 -> N10 -> N08 -> N06 -> N09 -> N07 -> N12 -> N05 -> N01 -> N13 -> N03 -> N11
public_measurement_informed,random_heterogeneous_iot_public_measurement_informed_seed_148,148,protocol_aware,14,6,2,3,3,3083.721,3098.024,85.644,1,0,237.501,2551.282,9,3,274.87,N08 -> N09 -> N12 -> N05 -> N02 -> N14 -> N03 -> N01 -> N10 -> N04 -> N13 -> N06 -> N07 -> N11
public_measurement_informed,random_heterogeneous_iot_public_measurement_informed_seed_148,148,bounded_blackout,14,6,2,3,3,3083.721,3098.024,85.644,1,0,237.501,2551.282,9,3,1832.42,N08 -> N09 -> N12 -> N05 -> N02 -> N14 -> N03 -> N01 -> N10 -> N04 -> N13 -> N06 -> N07 -> N11
public_measurement_informed,random_heterogeneous_iot_public_measurement_informed_seed_148,148,genetic_algorithm,14,6,2,3,3,3083.721,3098.024,85.644,1,0,237.501,2551.282,9,3,694.102,N08 -> N09 -> N12 -> N05 -> N02 -> N14 -> N03 -> N01 -> N10 -> N04 -> N13 -> N06 -> N07 -> N11
public_measurement_informed,random_heterogeneous_iot_public_measurement_informed_seed_148,148,particle_swarm,14,6,2,3,3,3068.071,3111.722,85.644,1,0,220.669,2551.159,8,3,251.866,N08 -> N09 -> N12 -> N05 -> N14 -> N02 -> N03 -> N11 -> N01 -> N10 -> N04 -> N13 -> N06 -> N07
public_measurement_informed,random_heterogeneous_iot_public_measurement_informed_seed_149,149,distance_only,14,4,5,1,4,2861.813,3069.003,226.586,0,0,1096.129,1476.479,11,3,0.027,N03 -> N07 -> N05 -> N02 -> N04 -> N12 -> N06 -> N11 -> N14 -> N01 -> N13 -> N08 -> N10 -> N09
public_measurement_informed,random_heterogeneous_iot_public_measurement_informed_seed_149,149,ordinary_collection,14,4,5,1,4,2591.533,2476.555,289.441,0,0,877.777,1480.38,12,3,15.197,N01 -> N13 -> N10 -> N08 -> N14 -> N06 -> N11 -> N12 -> N09 -> N04 -> N02 -> N05 -> N07 -> N03
public_measurement_informed,random_heterogeneous_iot_public_measurement_informed_seed_149,149,protocol_aware,14,4,5,1,4,2270.452,3449.347,140.337,0,0,399.657,1545.749,11,3,290.64,N03 -> N10 -> N12 -> N02 -> N09 -> N06 -> N13 -> N07 -> N04 -> N08 -> N14 -> N05 -> N01 -> N11
public_measurement_informed,random_heterogeneous_iot_public_measurement_informed_seed_149,149,bounded_blackout,14,4,5,1,4,2140.409,3212.474,73.775,1,0,275.251,1562.433,10,3,1853.025,N13 -> N02 -> N01 -> N11 -> N07 -> N08 -> N05 -> N03 -> N10 -> N14 -> N12 -> N06 -> N04 -> N09
public_measurement_informed,random_heterogeneous_iot_public_measurement_informed_seed_149,149,genetic_algorithm,14,4,5,1,4,2272.355,3069.768,115.337,0,0,468.133,1514.945,9,3,680.615,N01 -> N03 -> N13 -> N10 -> N04 -> N09 -> N12 -> N14 -> N05 -> N07 -> N08 -> N06 -> N02 -> N11
public_measurement_informed,random_heterogeneous_iot_public_measurement_informed_seed_149,149,particle_swarm,14,4,5,1,4,2270.27,3726.033,98.206,0,0,432.94,1486.21,9,3,234.206,N01 -> N10 -> N07 -> N05 -> N03 -> N09 -> N12 -> N13 -> N08 -> N06 -> N04 -> N14 -> N02 -> N11
public_measurement_informed,random_heterogeneous_iot_public_measurement_informed_seed_150,150,distance_only,14,8,1,3,2,5226.67,2834.525,284.583,0,0,1420.457,3559.025,9,3,0.027,N11 -> N12 -> N13 -> N04 -> N05 -> N08 -> N06 -> N07 -> N14 -> N10 -> N09 -> N03 -> N02 -> N01
public_measurement_informed,random_heterogeneous_iot_public_measurement_informed_seed_150,150,ordinary_collection,14,8,1,3,2,4946.282,2373.674,228.701,0,0,1351.847,3387.437,9,3,17.694,N11 -> N03 -> N10 -> N14 -> N07 -> N09 -> N06 -> N05 -> N08 -> N01 -> N02 -> N04 -> N13 -> N12
public_measurement_informed,random_heterogeneous_iot_public_measurement_informed_seed_150,150,protocol_aware,14,8,1,3,2,4116.847,2548.688,111.943,0,0,384.549,3510.037,9,3,405.305,N14 -> N03 -> N07 -> N13 -> N05 -> N10 -> N06 -> N01 -> N08 -> N09 -> N12 -> N04 -> N11 -> N02
public_measurement_informed,random_heterogeneous_iot_public_measurement_informed_seed_150,150,bounded_blackout,14,8,1,3,2,4116.847,2548.688,111.943,0,0,384.549,3510.037,9,3,2474.419,N14 -> N03 -> N07 -> N13 -> N05 -> N10 -> N06 -> N01 -> N08 -> N09 -> N12 -> N04 -> N11 -> N02
public_measurement_informed,random_heterogeneous_iot_public_measurement_informed_seed_150,150,genetic_algorithm,14,8,1,3,2,4287.591,3142.719,119.964,0,0,526.624,3486.904,9,3,785.166,N07 -> N05 -> N02 -> N04 -> N01 -> N08 -> N06 -> N03 -> N14 -> N10 -> N09 -> N11 -> N12 -> N13
public_measurement_informed,random_heterogeneous_iot_public_measurement_informed_seed_150,150,particle_swarm,14,8,1,3,2,4285.391,3142.719,125.074,0,0,495.872,3515.455,9,3,293.494,N07 -> N05 -> N11 -> N04 -> N01 -> N03 -> N06 -> N14 -> N08 -> N09 -> N10 -> N12 -> N02 -> N13
