profile_variant,scenario,scenario_seed,planner,node_count,lora_nodes,zigbee_nodes,ble_nodes,wifi_nodes,total_time_s,flight_distance_m,max_blackout_s,meets_90s_budget,wait_time_s,service_time_s,protocol_switches,radio_obstacle_hits,runtime_ms,route
public_trace_calibrated,random_heterogeneous_iot_public_trace_calibrated_seed_101,101,distance_only,14,1,7,3,3,1443.232,3086.215,113.677,0,683.532,536.664,8,2,0.036,N14 -> N03 -> N07 -> N08 -> N06 -> N12 -> N11 -> N02 -> N01 -> N13 -> N10 -> N09 -> N04 -> N05
public_trace_calibrated,random_heterogeneous_iot_public_trace_calibrated_seed_101,101,ordinary_collection,14,1,7,3,3,1332.759,3035.554,141.918,0,577.32,536.064,7,2,12.708,N14 -> N05 -> N04 -> N09 -> N10 -> N13 -> N01 -> N02 -> N11 -> N12 -> N06 -> N08 -> N07 -> N03
public_trace_calibrated,random_heterogeneous_iot_public_trace_calibrated_seed_101,101,protocol_aware,14,1,7,3,3,1113.574,5809.731,95.475,0,157.15,536.564,8,2,156.966,N03 -> N11 -> N06 -> N08 -> N01 -> N02 -> N13 -> N04 -> N05 -> N09 -> N14 -> N07 -> N12 -> N10
public_trace_calibrated,random_heterogeneous_iot_public_trace_calibrated_seed_101,101,bounded_blackout,14,1,7,3,3,1113.574,5219.662,64.288,1,200.194,536.164,7,2,667.642,N07 -> N06 -> N11 -> N12 -> N01 -> N02 -> N13 -> N04 -> N05 -> N09 -> N14 -> N03 -> N08 -> N10
public_trace_calibrated,random_heterogeneous_iot_public_trace_calibrated_seed_101,101,genetic_algorithm,14,1,7,3,3,1133.488,5359.742,89.332,1,207.384,538.764,9,2,658.152,N03 -> N10 -> N07 -> N08 -> N06 -> N12 -> N01 -> N02 -> N11 -> N13 -> N04 -> N05 -> N09 -> N14
public_trace_calibrated,random_heterogeneous_iot_public_trace_calibrated_seed_101,101,particle_swarm,14,1,7,3,3,1133.488,5359.742,89.332,1,207.384,538.764,9,2,191.159,N03 -> N10 -> N07 -> N08 -> N06 -> N12 -> N01 -> N02 -> N11 -> N13 -> N04 -> N05 -> N09 -> N14
public_trace_calibrated,random_heterogeneous_iot_public_trace_calibrated_seed_102,102,distance_only,14,1,8,4,1,1959.847,3146.23,111.078,0,621.423,1045.753,10,2,0.032,N06 -> N05 -> N11 -> N04 -> N09 -> N14 -> N02 -> N12 -> N03 -> N01 -> N07 -> N13 -> N08 -> N10
public_trace_calibrated,random_heterogeneous_iot_public_trace_calibrated_seed_102,102,ordinary_collection,14,1,8,4,1,1991.412,2773.924,290.945,0,686.62,1046.753,10,2,26.216,N06 -> N01 -> N03 -> N07 -> N12 -> N02 -> N14 -> N09 -> N04 -> N11 -> N05 -> N10 -> N08 -> N13
public_trace_calibrated,random_heterogeneous_iot_public_trace_calibrated_seed_102,102,protocol_aware,14,1,8,4,1,1566.591,3802.113,73.463,1,170.255,1042.653,7,2,157.242,N06 -> N01 -> N02 -> N05 -> N04 -> N12 -> N07 -> N03 -> N14 -> N10 -> N13 -> N08 -> N09 -> N11
public_trace_calibrated,random_heterogeneous_iot_public_trace_calibrated_seed_102,102,bounded_blackout,14,1,8,4,1,1566.591,3922.086,56.027,1,159.695,1042.053,6,2,944.08,N06 -> N01 -> N02 -> N12 -> N03 -> N04 -> N07 -> N05 -> N14 -> N10 -> N13 -> N08 -> N09 -> N11
public_trace_calibrated,random_heterogeneous_iot_public_trace_calibrated_seed_102,102,genetic_algorithm,14,1,8,4,1,1640.394,4551.855,64.926,1,172.114,1044.853,8,2,676.299,N01 -> N05 -> N09 -> N04 -> N08 -> N14 -> N07 -> N12 -> N10 -> N03 -> N02 -> N11 -> N06 -> N13
public_trace_calibrated,random_heterogeneous_iot_public_trace_calibrated_seed_102,102,particle_swarm,14,1,8,4,1,1746.735,4311.338,108.428,0,297.929,1047.753,10,2,197.747,N09 -> N07 -> N11 -> N04 -> N08 -> N14 -> N02 -> N12 -> N03 -> N01 -> N06 -> N13 -> N10 -> N05
public_trace_calibrated,random_heterogeneous_iot_public_trace_calibrated_seed_103,103,distance_only,14,3,4,3,4,2023.809,2823.181,206.229,0,683.166,1112.741,10,0,0.033,N14 -> N04 -> N08 -> N11 -> N02 -> N13 -> N09 -> N01 -> N07 -> N06 -> N12 -> N03 -> N05 -> N10
public_trace_calibrated,random_heterogeneous_iot_public_trace_calibrated_seed_103,103,ordinary_collection,14,3,4,3,4,2037.44,2778.623,245.158,0,694.294,1118.841,12,0,19.03,N14 -> N04 -> N11 -> N08 -> N02 -> N09 -> N13 -> N01 -> N07 -> N06 -> N12 -> N03 -> N10 -> N05
public_trace_calibrated,random_heterogeneous_iot_public_trace_calibrated_seed_103,103,protocol_aware,14,3,4,3,4,1723.809,3032.669,69.39,1,363.055,1115.941,11,0,153.674,N14 -> N04 -> N08 -> N11 -> N09 -> N13 -> N02 -> N01 -> N07 -> N06 -> N12 -> N03 -> N05 -> N10
public_trace_calibrated,random_heterogeneous_iot_public_trace_calibrated_seed_103,103,bounded_blackout,14,3,4,3,4,1723.809,3032.669,69.39,1,363.055,1115.941,11,0,1061.593,N14 -> N04 -> N08 -> N11 -> N09 -> N13 -> N02 -> N01 -> N07 -> N06 -> N12 -> N03 -> N05 -> N10
public_trace_calibrated,random_heterogeneous_iot_public_trace_calibrated_seed_103,103,genetic_algorithm,14,3,4,3,4,1733.443,6447.862,97.215,0,99.896,1113.041,9,0,677.155,N05 -> N12 -> N11 -> N03 -> N06 -> N01 -> N08 -> N13 -> N09 -> N04 -> N07 -> N14 -> N02 -> N10
public_trace_calibrated,random_heterogeneous_iot_public_trace_calibrated_seed_103,103,particle_swarm,14,3,4,3,4,1733.443,6447.862,97.215,0,99.896,1113.041,9,0,207.059,N05 -> N12 -> N11 -> N03 -> N06 -> N01 -> N08 -> N13 -> N09 -> N04 -> N07 -> N14 -> N02 -> N10
public_trace_calibrated,random_heterogeneous_iot_public_trace_calibrated_seed_104,104,distance_only,14,6,4,1,3,3471.588,3171.911,174.139,0,599.981,2576.388,8,1,0.033,N10 -> N14 -> N06 -> N04 -> N11 -> N01 -> N12 -> N03 -> N08 -> N07 -> N05 -> N02 -> N13 -> N09
public_trace_calibrated,random_heterogeneous_iot_public_trace_calibrated_seed_104,104,ordinary_collection,14,6,4,1,3,3758.675,2859.577,247.801,0,919.338,2573.188,7,1,22.138,N10 -> N09 -> N13 -> N07 -> N05 -> N02 -> N01 -> N12 -> N08 -> N03 -> N11 -> N04 -> N06 -> N14
public_trace_calibrated,random_heterogeneous_iot_public_trace_calibrated_seed_104,104,protocol_aware,14,6,4,1,3,3442.218,3996.238,120.015,0,491.089,2579.188,10,1,268.418,N10 -> N14 -> N09 -> N04 -> N11 -> N01 -> N12 -> N03 -> N08 -> N07 -> N13 -> N02 -> N05 -> N06
public_trace_calibrated,random_heterogeneous_iot_public_trace_calibrated_seed_104,104,bounded_blackout,14,6,4,1,3,3443.618,5236.257,88.878,1,377.677,2578.588,9,1,995.705,N04 -> N11 -> N03 -> N08 -> N09 -> N05 -> N07 -> N02 -> N10 -> N14 -> N13 -> N01 -> N12 -> N06
public_trace_calibrated,random_heterogeneous_iot_public_trace_calibrated_seed_104,104,genetic_algorithm,14,6,4,1,3,3471.588,5859.064,97.722,0,352.28,2573.988,6,1,707.068,N11 -> N14 -> N06 -> N08 -> N13 -> N01 -> N12 -> N03 -> N04 -> N07 -> N05 -> N02 -> N10 -> N09
public_trace_calibrated,random_heterogeneous_iot_public_trace_calibrated_seed_104,104,particle_swarm,14,6,4,1,3,3471.588,5859.064,97.722,0,352.28,2573.988,6,1,244.852,N11 -> N14 -> N06 -> N08 -> N13 -> N01 -> N12 -> N03 -> N04 -> N07 -> N05 -> N02 -> N10 -> N09
public_trace_calibrated,random_heterogeneous_iot_public_trace_calibrated_seed_105,105,distance_only,14,2,5,5,2,2060.2,3672.465,238.147,0,911.774,852.331,9,0,0.04,N05 -> N02 -> N10 -> N08 -> N14 -> N04 -> N11 -> N01 -> N09 -> N13 -> N07 -> N12 -> N03 -> N06
public_trace_calibrated,random_heterogeneous_iot_public_trace_calibrated_seed_105,105,ordinary_collection,14,2,5,5,2,2140.21,3131.618,234.208,0,1033.89,853.831,10,0,37.959,N05 -> N02 -> N10 -> N12 -> N06 -> N03 -> N07 -> N13 -> N09 -> N14 -> N04 -> N11 -> N01 -> N08
public_trace_calibrated,random_heterogeneous_iot_public_trace_calibrated_seed_105,105,protocol_aware,14,2,5,5,2,1411.227,4809.321,83.83,1,170.042,853.431,9,0,296.642,N04 -> N08 -> N06 -> N07 -> N09 -> N12 -> N03 -> N13 -> N11 -> N14 -> N01 -> N10 -> N05 -> N02
public_trace_calibrated,random_heterogeneous_iot_public_trace_calibrated_seed_105,105,bounded_blackout,14,2,5,5,2,1411.227,4682.93,69.087,1,180.232,853.431,9,0,1039.947,N14 -> N08 -> N06 -> N07 -> N09 -> N12 -> N03 -> N13 -> N11 -> N04 -> N01 -> N10 -> N05 -> N02
public_trace_calibrated,random_heterogeneous_iot_public_trace_calibrated_seed_105,105,genetic_algorithm,14,2,5,5,2,1491.35,5009.29,83.337,1,232.743,854.731,11,0,731.971,N05 -> N08 -> N10 -> N12 -> N13 -> N03 -> N06 -> N02 -> N14 -> N04 -> N01 -> N11 -> N09 -> N07
public_trace_calibrated,random_heterogeneous_iot_public_trace_calibrated_seed_105,105,particle_swarm,14,2,5,5,2,1579.455,5109.728,96.207,0,311.95,855.531,11,0,264.558,N05 -> N08 -> N12 -> N06 -> N13 -> N03 -> N10 -> N02 -> N11 -> N09 -> N07 -> N01 -> N14 -> N04
public_trace_calibrated,random_heterogeneous_iot_public_trace_calibrated_seed_106,106,distance_only,14,5,3,2,4,3272.377,3142.819,291.513,0,1451.12,1568.179,12,1,0.062,N04 -> N07 -> N06 -> N03 -> N13 -> N09 -> N11 -> N12 -> N10 -> N08 -> N02 -> N01 -> N05 -> N14
public_trace_calibrated,random_heterogeneous_iot_public_trace_calibrated_seed_106,106,ordinary_collection,14,5,3,2,4,2972.377,2991.877,199.668,0,1163.274,1568.179,12,1,20.017,N04 -> N07 -> N13 -> N03 -> N06 -> N09 -> N11 -> N12 -> N10 -> N08 -> N02 -> N01 -> N05 -> N14
public_trace_calibrated,random_heterogeneous_iot_public_trace_calibrated_seed_106,106,protocol_aware,14,5,3,2,4,2237.019,5991.365,99.02,0,187.781,1566.779,11,1,382.492,N06 -> N13 -> N08 -> N07 -> N04 -> N09 -> N11 -> N01 -> N02 -> N14 -> N12 -> N05 -> N10 -> N03
public_trace_calibrated,random_heterogeneous_iot_public_trace_calibrated_seed_106,106,bounded_blackout,14,5,3,2,4,2237.019,6114.323,73.3,1,177.879,1566.779,11,1,950.621,N07 -> N13 -> N08 -> N06 -> N12 -> N11 -> N09 -> N01 -> N02 -> N14 -> N04 -> N05 -> N10 -> N03
public_trace_calibrated,random_heterogeneous_iot_public_trace_calibrated_seed_106,106,genetic_algorithm,14,5,3,2,4,2475.619,6925.989,113.883,0,356.719,1561.179,8,1,884.025,N02 -> N04 -> N12 -> N01 -> N14 -> N09 -> N11 -> N05 -> N13 -> N10 -> N08 -> N06 -> N07 -> N03
public_trace_calibrated,random_heterogeneous_iot_public_trace_calibrated_seed_106,106,particle_swarm,14,5,3,2,4,2389.498,6564.79,113.883,0,299.684,1561.179,8,1,310.248,N02 -> N04 -> N12 -> N01 -> N14 -> N09 -> N11 -> N05 -> N13 -> N10 -> N08 -> N03 -> N06 -> N07
public_trace_calibrated,random_heterogeneous_iot_public_trace_calibrated_seed_107,107,distance_only,14,1,5,5,3,1516.42,3533.597,157.172,0,597.635,631.486,11,4,0.039,N04 -> N07 -> N05 -> N06 -> N10 -> N02 -> N12 -> N01 -> N09 -> N14 -> N03 -> N13 -> N08 -> N11
public_trace_calibrated,random_heterogeneous_iot_public_trace_calibrated_seed_107,107,ordinary_collection,14,1,5,5,3,1596.42,3008.586,157.172,0,721.721,630.086,10,4,32.792,N04 -> N07 -> N05 -> N06 -> N10 -> N03 -> N14 -> N09 -> N13 -> N08 -> N01 -> N12 -> N02 -> N11
public_trace_calibrated,random_heterogeneous_iot_public_trace_calibrated_seed_107,107,protocol_aware,14,1,5,5,3,1129.288,5684.153,69.841,1,38.253,628.886,10,4,181.95,N11 -> N14 -> N10 -> N02 -> N05 -> N07 -> N01 -> N09 -> N12 -> N13 -> N08 -> N04 -> N06 -> N03
public_trace_calibrated,random_heterogeneous_iot_public_trace_calibrated_seed_107,107,bounded_blackout,14,1,5,5,3,1199.803,5969.711,68.293,1,84.15,630.286,11,4,857.202,N11 -> N14 -> N02 -> N10 -> N07 -> N04 -> N06 -> N03 -> N01 -> N05 -> N13 -> N08 -> N12 -> N09
public_trace_calibrated,random_heterogeneous_iot_public_trace_calibrated_seed_107,107,genetic_algorithm,14,1,5,5,3,1144.696,3966.082,90.982,0,192.448,629.786,10,4,644.171,N11 -> N05 -> N06 -> N10 -> N02 -> N14 -> N03 -> N09 -> N12 -> N13 -> N08 -> N01 -> N04 -> N07
public_trace_calibrated,random_heterogeneous_iot_public_trace_calibrated_seed_107,107,particle_swarm,14,1,5,5,3,1200.51,4863.997,82.267,1,179.758,625.286,7,4,187.654,N11 -> N07 -> N06 -> N10 -> N09 -> N12 -> N03 -> N02 -> N01 -> N14 -> N13 -> N08 -> N04 -> N05
public_trace_calibrated,random_heterogeneous_iot_public_trace_calibrated_seed_108,108,distance_only,14,6,3,0,5,3558.55,3519.54,288.727,0,1013.068,2239.141,10,0,0.033,N06 -> N02 -> N14 -> N01 -> N12 -> N07 -> N03 -> N08 -> N04 -> N11 -> N10 -> N05 -> N09 -> N13
public_trace_calibrated,random_heterogeneous_iot_public_trace_calibrated_seed_108,108,ordinary_collection,14,6,3,0,5,3558.55,3492.054,288.727,0,1013.26,2241.341,11,0,16.173,N06 -> N02 -> N14 -> N01 -> N07 -> N12 -> N03 -> N08 -> N04 -> N11 -> N10 -> N05 -> N09 -> N13
public_trace_calibrated,random_heterogeneous_iot_public_trace_calibrated_seed_108,108,protocol_aware,14,6,3,0,5,3243.011,6642.497,156.333,0,429.506,2235.341,7,0,378.205,N14 -> N01 -> N07 -> N12 -> N06 -> N08 -> N13 -> N05 -> N04 -> N03 -> N09 -> N10 -> N02 -> N11
public_trace_calibrated,random_heterogeneous_iot_public_trace_calibrated_seed_108,108,bounded_blackout,14,6,3,0,5,3267.153,7725.439,99.425,0,351.988,2242.741,12,0,1459.565,N12 -> N08 -> N13 -> N01 -> N05 -> N07 -> N04 -> N03 -> N09 -> N10 -> N11 -> N14 -> N06 -> N02
public_trace_calibrated,random_heterogeneous_iot_public_trace_calibrated_seed_108,108,genetic_algorithm,14,6,3,0,5,3347.902,5517.389,139.275,0,629.327,2238.341,10,0,860.978,N02 -> N01 -> N07 -> N12 -> N14 -> N08 -> N13 -> N10 -> N04 -> N03 -> N09 -> N11 -> N05 -> N06
public_trace_calibrated,random_heterogeneous_iot_public_trace_calibrated_seed_108,108,particle_swarm,14,6,3,0,5,3190.746,7178.155,115.195,0,321.018,2244.941,13,0,253.462,N04 -> N07 -> N12 -> N01 -> N02 -> N14 -> N09 -> N10 -> N05 -> N11 -> N06 -> N03 -> N13 -> N08
public_trace_calibrated,random_heterogeneous_iot_public_trace_calibrated_seed_109,109,distance_only,14,4,5,3,2,3138.578,3681.588,153.16,0,562.633,2282.962,13,3,0.039,N12 -> N04 -> N08 -> N10 -> N03 -> N09 -> N02 -> N14 -> N01 -> N06 -> N11 -> N13 -> N07 -> N05
public_trace_calibrated,random_heterogeneous_iot_public_trace_calibrated_seed_109,109,ordinary_collection,14,4,5,3,2,3027.031,3363.605,153.16,0,475.591,2283.762,13,3,18.747,N12 -> N04 -> N08 -> N10 -> N03 -> N09 -> N05 -> N07 -> N13 -> N11 -> N06 -> N02 -> N14 -> N01
public_trace_calibrated,random_heterogeneous_iot_public_trace_calibrated_seed_109,109,protocol_aware,14,4,5,3,2,3091.974,3782.08,179.901,0,511.632,2279.362,11,3,190.032,N07 -> N05 -> N13 -> N11 -> N06 -> N01 -> N14 -> N02 -> N09 -> N03 -> N10 -> N04 -> N08 -> N12
public_trace_calibrated,random_heterogeneous_iot_public_trace_calibrated_seed_109,109,bounded_blackout,14,4,5,3,2,3136.999,6902.508,86.13,1,306.13,2281.562,11,3,814.671,N10 -> N01 -> N04 -> N03 -> N12 -> N02 -> N09 -> N05 -> N08 -> N06 -> N11 -> N13 -> N07 -> N14
public_trace_calibrated,random_heterogeneous_iot_public_trace_calibrated_seed_109,109,genetic_algorithm,14,4,5,3,2,3127.141,5149.299,112.893,0,436.494,2280.862,11,3,735.523,N12 -> N04 -> N01 -> N10 -> N03 -> N09 -> N02 -> N14 -> N08 -> N06 -> N11 -> N13 -> N05 -> N07
public_trace_calibrated,random_heterogeneous_iot_public_trace_calibrated_seed_109,109,particle_swarm,14,4,5,3,2,2938.69,3573.21,100.63,0,371.97,2282.362,12,3,220.428,N12 -> N04 -> N08 -> N10 -> N03 -> N05 -> N07 -> N13 -> N09 -> N14 -> N02 -> N11 -> N06 -> N01
public_trace_calibrated,random_heterogeneous_iot_public_trace_calibrated_seed_110,110,distance_only,14,3,4,3,4,2579.598,2975.928,267.083,0,638.482,1670.35,12,4,0.036,N14 -> N07 -> N04 -> N06 -> N03 -> N05 -> N02 -> N09 -> N12 -> N01 -> N13 -> N11 -> N08 -> N10
public_trace_calibrated,random_heterogeneous_iot_public_trace_calibrated_seed_110,110,ordinary_collection,14,3,4,3,4,2579.598,2975.928,267.083,0,638.482,1670.35,12,4,11.976,N14 -> N07 -> N04 -> N06 -> N03 -> N05 -> N02 -> N09 -> N12 -> N01 -> N13 -> N11 -> N08 -> N10
public_trace_calibrated,random_heterogeneous_iot_public_trace_calibrated_seed_110,110,protocol_aware,14,3,4,3,4,2357.13,4838.445,119.177,0,256.353,1660.55,6,4,195.934,N07 -> N09 -> N13 -> N08 -> N11 -> N12 -> N01 -> N10 -> N06 -> N04 -> N05 -> N02 -> N03 -> N14
public_trace_calibrated,random_heterogeneous_iot_public_trace_calibrated_seed_110,110,bounded_blackout,14,3,4,3,4,2352.156,5411.678,69.65,1,189.624,1670.15,11,4,994.787,N06 -> N04 -> N05 -> N01 -> N13 -> N02 -> N09 -> N11 -> N12 -> N08 -> N14 -> N10 -> N07 -> N03
public_trace_calibrated,random_heterogeneous_iot_public_trace_calibrated_seed_110,110,genetic_algorithm,14,3,4,3,4,2359.33,5207.596,99.142,0,217.566,1667.95,10,4,737.783,N03 -> N13 -> N02 -> N11 -> N08 -> N05 -> N06 -> N09 -> N12 -> N01 -> N10 -> N04 -> N07 -> N14
public_trace_calibrated,random_heterogeneous_iot_public_trace_calibrated_seed_110,110,particle_swarm,14,3,4,3,4,2359.33,5207.596,99.142,0,217.566,1667.95,10,4,231.301,N03 -> N13 -> N02 -> N11 -> N08 -> N05 -> N06 -> N09 -> N12 -> N01 -> N10 -> N04 -> N07 -> N14
public_trace_calibrated,random_heterogeneous_iot_public_trace_calibrated_seed_111,111,distance_only,14,3,5,3,3,2994.096,3564.944,233.123,0,883.486,1762.171,13,5,0.061,N09 -> N12 -> N10 -> N02 -> N07 -> N06 -> N13 -> N01 -> N05 -> N08 -> N03 -> N04 -> N11 -> N14
public_trace_calibrated,random_heterogeneous_iot_public_trace_calibrated_seed_111,111,ordinary_collection,14,3,5,3,3,3183.935,3197.451,293.123,0,1109.643,1761.771,12,5,17.961,N14 -> N11 -> N03 -> N04 -> N12 -> N10 -> N02 -> N07 -> N06 -> N13 -> N01 -> N08 -> N05 -> N09
public_trace_calibrated,random_heterogeneous_iot_public_trace_calibrated_seed_111,111,protocol_aware,14,3,5,3,3,2523.104,5451.292,131.46,0,232.12,1758.171,10,5,267.087,N04 -> N03 -> N09 -> N11 -> N10 -> N05 -> N08 -> N01 -> N06 -> N12 -> N02 -> N07 -> N13 -> N14
public_trace_calibrated,random_heterogeneous_iot_public_trace_calibrated_seed_111,111,bounded_blackout,14,3,5,3,3,2562.514,4955.894,88.332,1,320.051,1758.071,10,5,894.996,N14 -> N04 -> N09 -> N12 -> N11 -> N03 -> N07 -> N06 -> N05 -> N08 -> N02 -> N13 -> N01 -> N10
public_trace_calibrated,random_heterogeneous_iot_public_trace_calibrated_seed_111,111,genetic_algorithm,14,3,5,3,3,2603.579,5887.864,105.768,0,270.624,1757.471,9,5,767.28,N12 -> N14 -> N05 -> N09 -> N07 -> N11 -> N10 -> N08 -> N01 -> N06 -> N02 -> N13 -> N03 -> N04
public_trace_calibrated,random_heterogeneous_iot_public_trace_calibrated_seed_111,111,particle_swarm,14,3,5,3,3,2603.579,5887.864,105.768,0,270.624,1757.471,9,5,243.23,N12 -> N14 -> N05 -> N09 -> N07 -> N11 -> N10 -> N08 -> N01 -> N06 -> N02 -> N13 -> N03 -> N04
public_trace_calibrated,random_heterogeneous_iot_public_trace_calibrated_seed_112,112,distance_only,14,5,5,2,2,3997.53,2927.331,242.998,0,1154.249,2598.504,10,3,0.037,N06 -> N14 -> N12 -> N02 -> N08 -> N10 -> N07 -> N04 -> N01 -> N05 -> N03 -> N09 -> N11 -> N13
public_trace_calibrated,random_heterogeneous_iot_public_trace_calibrated_seed_112,112,ordinary_collection,14,5,5,2,2,4176.218,2317.491,307.404,0,1385.331,2597.104,9,3,22.886,N11 -> N09 -> N03 -> N05 -> N07 -> N04 -> N01 -> N10 -> N08 -> N02 -> N12 -> N13 -> N14 -> N06
public_trace_calibrated,random_heterogeneous_iot_public_trace_calibrated_seed_112,112,protocol_aware,14,5,5,2,2,3466.383,4125.364,172.158,0,525.124,2596.304,9,3,273.454,N13 -> N14 -> N12 -> N06 -> N08 -> N03 -> N07 -> N04 -> N01 -> N05 -> N10 -> N09 -> N11 -> N02
public_trace_calibrated,random_heterogeneous_iot_public_trace_calibrated_seed_112,112,bounded_blackout,14,5,5,2,2,3276.218,4351.887,91.85,0,315.319,2597.004,9,3,1063.341,N07 -> N03 -> N05 -> N10 -> N04 -> N01 -> N11 -> N02 -> N09 -> N14 -> N12 -> N08 -> N13 -> N06
public_trace_calibrated,random_heterogeneous_iot_public_trace_calibrated_seed_112,112,genetic_algorithm,14,5,5,2,2,3576.218,5217.975,118.759,0,539.998,2599.904,11,3,777.15,N10 -> N08 -> N07 -> N13 -> N01 -> N11 -> N03 -> N12 -> N09 -> N14 -> N02 -> N04 -> N05 -> N06
public_trace_calibrated,random_heterogeneous_iot_public_trace_calibrated_seed_112,112,particle_swarm,14,5,5,2,2,3576.218,5217.975,118.759,0,539.998,2599.904,11,3,259.814,N10 -> N08 -> N07 -> N13 -> N01 -> N11 -> N03 -> N12 -> N09 -> N14 -> N02 -> N04 -> N05 -> N06
public_trace_calibrated,random_heterogeneous_iot_public_trace_calibrated_seed_113,113,distance_only,14,4,5,3,2,3112.863,3780.301,269.557,0,1013.542,1799.54,9,2,0.035,N06 -> N14 -> N03 -> N04 -> N05 -> N13 -> N10 -> N12 -> N11 -> N01 -> N02 -> N08 -> N09 -> N07
public_trace_calibrated,random_heterogeneous_iot_public_trace_calibrated_seed_113,113,ordinary_collection,14,4,5,3,2,2940.039,3307.778,234.238,0,879.589,1798.14,8,2,26.833,N06 -> N03 -> N09 -> N07 -> N08 -> N01 -> N02 -> N11 -> N12 -> N10 -> N13 -> N05 -> N04 -> N14
public_trace_calibrated,random_heterogeneous_iot_public_trace_calibrated_seed_113,113,protocol_aware,14,4,5,3,2,2623.107,5282.233,192.974,0,405.482,1798.74,9,2,291.834,N08 -> N03 -> N09 -> N07 -> N05 -> N13 -> N10 -> N12 -> N02 -> N11 -> N01 -> N06 -> N14 -> N04
public_trace_calibrated,random_heterogeneous_iot_public_trace_calibrated_seed_113,113,bounded_blackout,14,4,5,3,2,2632.863,7662.683,76.225,1,218.367,1806.84,13,2,911.568,N10 -> N03 -> N13 -> N06 -> N05 -> N14 -> N11 -> N08 -> N02 -> N04 -> N12 -> N09 -> N01 -> N07
public_trace_calibrated,random_heterogeneous_iot_public_trace_calibrated_seed_113,113,genetic_algorithm,14,4,5,3,2,2752.863,5934.638,112.974,0,481.202,1801.04,10,2,743.031,N08 -> N02 -> N03 -> N06 -> N05 -> N13 -> N10 -> N12 -> N11 -> N01 -> N14 -> N04 -> N09 -> N07
public_trace_calibrated,random_heterogeneous_iot_public_trace_calibrated_seed_113,113,particle_swarm,14,4,5,3,2,2620.039,6711.547,101.978,0,287.168,1800.64,9,2,190.658,N08 -> N03 -> N02 -> N05 -> N06 -> N13 -> N11 -> N12 -> N10 -> N04 -> N07 -> N09 -> N01 -> N14
public_trace_calibrated,random_heterogeneous_iot_public_trace_calibrated_seed_114,114,distance_only,14,4,2,7,1,2545.761,3749.768,286.923,0,854.499,1332.258,9,2,0.033,N09 -> N13 -> N14 -> N12 -> N01 -> N10 -> N02 -> N04 -> N03 -> N06 -> N07 -> N05 -> N08 -> N11
public_trace_calibrated,random_heterogeneous_iot_public_trace_calibrated_seed_114,114,ordinary_collection,14,4,2,7,1,2808.453,3293.27,293.086,0,1162.297,1330.858,8,2,18.283,N08 -> N05 -> N07 -> N02 -> N06 -> N04 -> N03 -> N01 -> N10 -> N12 -> N11 -> N14 -> N13 -> N09
public_trace_calibrated,random_heterogeneous_iot_public_trace_calibrated_seed_114,114,protocol_aware,14,4,2,7,1,1982.756,4404.419,112.296,0,227.318,1333.758,10,2,269.113,N10 -> N07 -> N08 -> N05 -> N02 -> N01 -> N14 -> N03 -> N04 -> N06 -> N11 -> N09 -> N13 -> N12
public_trace_calibrated,random_heterogeneous_iot_public_trace_calibrated_seed_114,114,bounded_blackout,14,4,2,7,1,1982.756,4607.091,69.971,1,209.414,1332.258,9,2,1043.264,N10 -> N07 -> N08 -> N05 -> N14 -> N02 -> N01 -> N03 -> N04 -> N06 -> N11 -> N09 -> N13 -> N12
public_trace_calibrated,random_heterogeneous_iot_public_trace_calibrated_seed_114,114,genetic_algorithm,14,4,2,7,1,1998.637,4210.096,95.971,0,264.004,1331.558,9,2,703.695,N11 -> N09 -> N13 -> N12 -> N08 -> N05 -> N07 -> N04 -> N03 -> N06 -> N01 -> N02 -> N10 -> N14
public_trace_calibrated,random_heterogeneous_iot_public_trace_calibrated_seed_114,114,particle_swarm,14,4,2,7,1,1998.637,4210.096,95.971,0,264.004,1331.558,9,2,237.837,N11 -> N09 -> N13 -> N12 -> N08 -> N05 -> N07 -> N04 -> N03 -> N06 -> N01 -> N02 -> N10 -> N14
public_trace_calibrated,random_heterogeneous_iot_public_trace_calibrated_seed_115,115,distance_only,14,3,4,5,2,1942.662,3909.645,126.85,0,677.565,979.348,10,2,0.03,N05 -> N03 -> N01 -> N12 -> N14 -> N07 -> N02 -> N08 -> N10 -> N06 -> N09 -> N11 -> N13 -> N04
public_trace_calibrated,random_heterogeneous_iot_public_trace_calibrated_seed_115,115,ordinary_collection,14,3,4,5,2,2206.334,3588.143,293.663,0,963.535,980.548,11,2,14.44,N01 -> N03 -> N12 -> N14 -> N07 -> N02 -> N10 -> N06 -> N09 -> N08 -> N11 -> N13 -> N04 -> N05
public_trace_calibrated,random_heterogeneous_iot_public_trace_calibrated_seed_115,115,protocol_aware,14,3,4,5,2,1698.559,6220.926,92.662,0,263.935,979.948,10,2,202.027,N03 -> N05 -> N06 -> N01 -> N14 -> N10 -> N04 -> N09 -> N11 -> N12 -> N13 -> N02 -> N08 -> N07
public_trace_calibrated,random_heterogeneous_iot_public_trace_calibrated_seed_115,115,bounded_blackout,14,3,4,5,2,1550.361,5660.241,77.792,1,160.116,976.548,8,2,750.411,N05 -> N01 -> N12 -> N03 -> N07 -> N11 -> N02 -> N08 -> N14 -> N06 -> N04 -> N09 -> N10 -> N13
public_trace_calibrated,random_heterogeneous_iot_public_trace_calibrated_seed_115,115,genetic_algorithm,14,3,4,5,2,1749.671,5059.007,113.663,0,397.87,982.048,12,2,649.218,N13 -> N08 -> N11 -> N04 -> N14 -> N07 -> N02 -> N09 -> N10 -> N06 -> N03 -> N05 -> N12 -> N01
public_trace_calibrated,random_heterogeneous_iot_public_trace_calibrated_seed_115,115,particle_swarm,14,3,4,5,2,1749.671,5059.007,113.663,0,397.87,982.048,12,2,177.562,N13 -> N08 -> N11 -> N04 -> N14 -> N07 -> N02 -> N09 -> N10 -> N06 -> N03 -> N05 -> N12 -> N01
public_trace_calibrated,random_heterogeneous_iot_public_trace_calibrated_seed_116,116,distance_only,14,4,2,6,2,3164.778,3539.174,316.086,0,1254.845,1589.403,10,1,0.033,N13 -> N14 -> N09 -> N04 -> N10 -> N06 -> N05 -> N12 -> N07 -> N08 -> N11 -> N01 -> N03 -> N02
public_trace_calibrated,random_heterogeneous_iot_public_trace_calibrated_seed_116,116,ordinary_collection,14,4,2,6,2,3074.414,2998.023,269.472,0,1217.991,1584.903,8,1,26.405,N13 -> N14 -> N06 -> N10 -> N04 -> N09 -> N05 -> N12 -> N07 -> N03 -> N02 -> N01 -> N11 -> N08
public_trace_calibrated,random_heterogeneous_iot_public_trace_calibrated_seed_116,116,protocol_aware,14,4,2,6,2,2293.068,5363.401,87.615,1,221.522,1585.803,8,1,468.897,N08 -> N02 -> N07 -> N09 -> N10 -> N12 -> N06 -> N04 -> N03 -> N05 -> N11 -> N01 -> N14 -> N13
public_trace_calibrated,random_heterogeneous_iot_public_trace_calibrated_seed_116,116,bounded_blackout,14,4,2,6,2,2408.724,6180.32,78.272,1,264.692,1584.303,7,1,1208.84,N08 -> N02 -> N07 -> N09 -> N06 -> N13 -> N10 -> N05 -> N03 -> N04 -> N11 -> N01 -> N14 -> N12
public_trace_calibrated,random_heterogeneous_iot_public_trace_calibrated_seed_116,116,genetic_algorithm,14,4,2,6,2,2376.968,4949.786,114.687,0,339.981,1588.703,10,1,766.881,N04 -> N14 -> N08 -> N09 -> N10 -> N06 -> N05 -> N12 -> N03 -> N01 -> N11 -> N02 -> N07 -> N13
public_trace_calibrated,random_heterogeneous_iot_public_trace_calibrated_seed_116,116,particle_swarm,14,4,2,6,2,2343.315,5107.628,107.976,0,293.533,1587.203,9,1,315.672,N04 -> N14 -> N10 -> N06 -> N09 -> N08 -> N13 -> N05 -> N12 -> N03 -> N01 -> N11 -> N02 -> N07
public_trace_calibrated,random_heterogeneous_iot_public_trace_calibrated_seed_117,117,distance_only,14,2,3,3,6,1919.298,3766.465,219.948,0,623.761,956.412,8,1,0.032,N01 -> N14 -> N08 -> N05 -> N12 -> N09 -> N04 -> N03 -> N02 -> N13 -> N06 -> N11 -> N07 -> N10
public_trace_calibrated,random_heterogeneous_iot_public_trace_calibrated_seed_117,117,ordinary_collection,14,2,3,3,6,1763.536,3451.856,121.73,0,493.325,959.412,11,1,20.816,N01 -> N10 -> N03 -> N13 -> N06 -> N11 -> N02 -> N07 -> N04 -> N09 -> N12 -> N05 -> N08 -> N14
public_trace_calibrated,random_heterogeneous_iot_public_trace_calibrated_seed_117,117,protocol_aware,14,2,3,3,6,1719.612,6400.252,136.056,0,185.134,958.212,10,1,195.284,N14 -> N10 -> N12 -> N04 -> N02 -> N03 -> N11 -> N13 -> N09 -> N06 -> N07 -> N01 -> N08 -> N05
public_trace_calibrated,random_heterogeneous_iot_public_trace_calibrated_seed_117,117,bounded_blackout,14,2,3,3,6,1884.219,6866.539,82.725,1,306.758,959.212,10,1,662.059,N05 -> N04 -> N08 -> N13 -> N12 -> N09 -> N10 -> N02 -> N14 -> N01 -> N06 -> N11 -> N07 -> N03
public_trace_calibrated,random_heterogeneous_iot_public_trace_calibrated_seed_117,117,genetic_algorithm,14,2,3,3,6,1777.907,5816.404,100.564,0,293.797,960.412,11,1,736.348,N08 -> N11 -> N14 -> N05 -> N12 -> N09 -> N04 -> N06 -> N02 -> N13 -> N03 -> N10 -> N07 -> N01
public_trace_calibrated,random_heterogeneous_iot_public_trace_calibrated_seed_117,117,particle_swarm,14,2,3,3,6,1603.536,4848.6,71.807,1,206.765,960.212,11,1,202.064,N01 -> N13 -> N06 -> N10 -> N03 -> N11 -> N02 -> N09 -> N07 -> N04 -> N05 -> N12 -> N08 -> N14
public_trace_calibrated,random_heterogeneous_iot_public_trace_calibrated_seed_118,118,distance_only,14,3,6,4,1,2563.283,3379.939,174.968,0,883.005,1426.76,11,2,0.05,N12 -> N09 -> N04 -> N06 -> N03 -> N05 -> N10 -> N02 -> N01 -> N14 -> N07 -> N11 -> N13 -> N08
public_trace_calibrated,random_heterogeneous_iot_public_trace_calibrated_seed_118,118,ordinary_collection,14,3,6,4,1,2496.276,3191.751,174.968,0,830.113,1426.76,11,2,31.957,N12 -> N09 -> N04 -> N06 -> N03 -> N05 -> N10 -> N02 -> N01 -> N14 -> N07 -> N08 -> N11 -> N13
public_trace_calibrated,random_heterogeneous_iot_public_trace_calibrated_seed_118,118,protocol_aware,14,3,6,4,1,1983.819,5431.9,71.395,1,154.73,1421.66,8,2,234.227,N13 -> N11 -> N08 -> N07 -> N05 -> N03 -> N02 -> N06 -> N09 -> N04 -> N14 -> N10 -> N12 -> N01
public_trace_calibrated,random_heterogeneous_iot_public_trace_calibrated_seed_118,118,bounded_blackout,14,3,6,4,1,1983.819,6030.932,61.77,1,109.798,1421.66,8,2,1021.572,N13 -> N11 -> N08 -> N07 -> N05 -> N03 -> N02 -> N06 -> N09 -> N14 -> N04 -> N10 -> N12 -> N01
public_trace_calibrated,random_heterogeneous_iot_public_trace_calibrated_seed_118,118,genetic_algorithm,14,3,6,4,1,2265.01,6151.328,108.088,0,384.758,1418.86,6,2,771.426,N13 -> N07 -> N08 -> N11 -> N05 -> N04 -> N12 -> N10 -> N09 -> N01 -> N14 -> N02 -> N06 -> N03
public_trace_calibrated,random_heterogeneous_iot_public_trace_calibrated_seed_118,118,particle_swarm,14,3,6,4,1,2265.01,6151.328,108.088,0,384.758,1418.86,6,2,247.974,N13 -> N07 -> N08 -> N11 -> N05 -> N04 -> N12 -> N10 -> N09 -> N01 -> N14 -> N02 -> N06 -> N03
public_trace_calibrated,random_heterogeneous_iot_public_trace_calibrated_seed_119,119,distance_only,14,3,3,4,4,2187.846,3429.754,286.244,0,849.25,1082.688,10,2,0.034,N09 -> N08 -> N11 -> N03 -> N13 -> N01 -> N02 -> N06 -> N07 -> N05 -> N14 -> N12 -> N04 -> N10
public_trace_calibrated,random_heterogeneous_iot_public_trace_calibrated_seed_119,119,ordinary_collection,14,3,3,4,4,1982.519,3367.323,208.409,0,649.381,1081.888,10,2,20.756,N09 -> N10 -> N04 -> N12 -> N14 -> N05 -> N07 -> N06 -> N02 -> N01 -> N13 -> N03 -> N11 -> N08
public_trace_calibrated,random_heterogeneous_iot_public_trace_calibrated_seed_119,119,protocol_aware,14,3,3,4,4,1775.68,4198.6,133.137,0,380.516,1081.888,10,2,181.543,N11 -> N10 -> N04 -> N03 -> N13 -> N01 -> N02 -> N06 -> N07 -> N05 -> N14 -> N12 -> N08 -> N09
public_trace_calibrated,random_heterogeneous_iot_public_trace_calibrated_seed_119,119,bounded_blackout,14,3,3,4,4,1784.987,5698.539,77.125,1,273.006,1086.788,13,2,973.591,N01 -> N11 -> N08 -> N10 -> N04 -> N12 -> N06 -> N03 -> N09 -> N05 -> N14 -> N07 -> N02 -> N13
public_trace_calibrated,random_heterogeneous_iot_public_trace_calibrated_seed_119,119,genetic_algorithm,14,3,3,4,4,1822.519,5683.654,108.718,0,313.549,1084.888,12,2,782.364,N11 -> N01 -> N02 -> N13 -> N12 -> N04 -> N06 -> N10 -> N07 -> N05 -> N14 -> N03 -> N09 -> N08
public_trace_calibrated,random_heterogeneous_iot_public_trace_calibrated_seed_119,119,particle_swarm,14,3,3,4,4,1822.519,5683.654,108.718,0,313.549,1084.888,12,2,247.2,N11 -> N01 -> N02 -> N13 -> N12 -> N04 -> N06 -> N10 -> N07 -> N05 -> N14 -> N03 -> N09 -> N08
public_trace_calibrated,random_heterogeneous_iot_public_trace_calibrated_seed_120,120,distance_only,14,3,7,2,2,2559.735,3168.647,207.23,0,819.238,1491.165,10,0,0.036,N10 -> N07 -> N14 -> N02 -> N05 -> N03 -> N06 -> N13 -> N12 -> N08 -> N09 -> N01 -> N04 -> N11
public_trace_calibrated,random_heterogeneous_iot_public_trace_calibrated_seed_120,120,ordinary_collection,14,3,7,2,2,2646.865,2997.046,279.762,0,921.571,1489.465,10,0,33.317,N02 -> N05 -> N03 -> N06 -> N13 -> N12 -> N08 -> N09 -> N01 -> N04 -> N11 -> N14 -> N07 -> N10
public_trace_calibrated,random_heterogeneous_iot_public_trace_calibrated_seed_120,120,protocol_aware,14,3,7,2,2,2205.407,5215.242,123.347,0,308.27,1486.765,8,0,307.355,N05 -> N07 -> N09 -> N08 -> N12 -> N04 -> N01 -> N11 -> N10 -> N14 -> N06 -> N03 -> N13 -> N02
public_trace_calibrated,random_heterogeneous_iot_public_trace_calibrated_seed_120,120,bounded_blackout,14,3,7,2,2,2271.0,7939.729,85.136,1,154.581,1491.665,10,0,1025.988,N06 -> N09 -> N10 -> N08 -> N05 -> N02 -> N01 -> N07 -> N14 -> N03 -> N11 -> N12 -> N13 -> N04
public_trace_calibrated,random_heterogeneous_iot_public_trace_calibrated_seed_120,120,genetic_algorithm,14,3,7,2,2,2207.607,5060.212,107.089,0,318.269,1491.165,10,0,717.993,N11 -> N09 -> N04 -> N01 -> N08 -> N13 -> N03 -> N07 -> N10 -> N05 -> N06 -> N12 -> N14 -> N02
public_trace_calibrated,random_heterogeneous_iot_public_trace_calibrated_seed_120,120,particle_swarm,14,3,7,2,2,2247.511,6686.788,114.604,0,235.782,1485.565,7,0,235.71,N06 -> N13 -> N02 -> N04 -> N05 -> N03 -> N08 -> N07 -> N14 -> N12 -> N09 -> N01 -> N11 -> N10
public_trace_calibrated,random_heterogeneous_iot_public_trace_calibrated_seed_121,121,distance_only,14,1,7,1,5,1538.502,3884.451,215.961,0,610.289,565.828,10,5,0.033,N10 -> N11 -> N05 -> N06 -> N12 -> N02 -> N14 -> N04 -> N03 -> N07 -> N13 -> N08 -> N01 -> N09
public_trace_calibrated,random_heterogeneous_iot_public_trace_calibrated_seed_121,121,ordinary_collection,14,1,7,1,5,1591.633,3316.017,134.722,0,716.449,565.828,10,5,35.513,N10 -> N11 -> N08 -> N01 -> N09 -> N13 -> N05 -> N07 -> N06 -> N12 -> N02 -> N03 -> N14 -> N04
public_trace_calibrated,random_heterogeneous_iot_public_trace_calibrated_seed_121,121,protocol_aware,14,1,7,1,5,1190.12,4875.179,112.669,0,170.68,564.628,9,5,203.806,N04 -> N11 -> N02 -> N06 -> N07 -> N01 -> N13 -> N08 -> N09 -> N12 -> N14 -> N03 -> N05 -> N10
public_trace_calibrated,random_heterogeneous_iot_public_trace_calibrated_seed_121,121,bounded_blackout,14,1,7,1,5,1191.694,5714.226,74.711,1,95.179,563.428,8,5,905.355,N13 -> N11 -> N02 -> N14 -> N07 -> N01 -> N08 -> N09 -> N04 -> N12 -> N06 -> N03 -> N05 -> N10
public_trace_calibrated,random_heterogeneous_iot_public_trace_calibrated_seed_121,121,genetic_algorithm,14,1,7,1,5,1304.179,5766.081,112.037,0,199.027,567.228,11,5,746.529,N13 -> N14 -> N12 -> N06 -> N04 -> N07 -> N02 -> N08 -> N09 -> N01 -> N05 -> N03 -> N11 -> N10
public_trace_calibrated,random_heterogeneous_iot_public_trace_calibrated_seed_121,121,particle_swarm,14,1,7,1,5,1304.179,5766.081,112.037,0,199.027,567.228,11,5,255.484,N13 -> N14 -> N12 -> N06 -> N04 -> N07 -> N02 -> N08 -> N09 -> N01 -> N05 -> N03 -> N11 -> N10
public_trace_calibrated,random_heterogeneous_iot_public_trace_calibrated_seed_122,122,distance_only,14,2,5,3,4,2179.982,3627.847,285.753,0,924.358,955.722,9,3,0.042,N08 -> N13 -> N04 -> N07 -> N06 -> N03 -> N01 -> N12 -> N11 -> N05 -> N10 -> N02 -> N14 -> N09
public_trace_calibrated,random_heterogeneous_iot_public_trace_calibrated_seed_122,122,ordinary_collection,14,2,5,3,4,1952.773,3451.973,285.753,0,711.688,955.722,9,3,12.566,N08 -> N13 -> N04 -> N07 -> N06 -> N03 -> N01 -> N12 -> N11 -> N10 -> N02 -> N05 -> N09 -> N14
public_trace_calibrated,random_heterogeneous_iot_public_trace_calibrated_seed_122,122,protocol_aware,14,2,5,3,4,1472.272,4803.817,84.889,1,115.434,959.722,12,3,211.598,N08 -> N13 -> N02 -> N09 -> N11 -> N10 -> N05 -> N12 -> N01 -> N14 -> N03 -> N04 -> N07 -> N06
public_trace_calibrated,random_heterogeneous_iot_public_trace_calibrated_seed_122,122,bounded_blackout,14,2,5,3,4,1523.33,5494.387,72.026,1,110.606,958.522,11,3,741.719,N08 -> N04 -> N02 -> N09 -> N11 -> N10 -> N05 -> N12 -> N01 -> N14 -> N06 -> N07 -> N13 -> N03
public_trace_calibrated,random_heterogeneous_iot_public_trace_calibrated_seed_122,122,genetic_algorithm,14,2,5,3,4,1714.254,6772.633,107.599,0,199.561,954.822,9,3,662.947,N07 -> N11 -> N06 -> N10 -> N02 -> N09 -> N14 -> N05 -> N13 -> N03 -> N04 -> N12 -> N01 -> N08
public_trace_calibrated,random_heterogeneous_iot_public_trace_calibrated_seed_122,122,particle_swarm,14,2,5,3,4,1655.259,5923.972,95.692,0,205.922,959.622,12,3,178.23,N13 -> N07 -> N06 -> N08 -> N01 -> N02 -> N11 -> N10 -> N04 -> N03 -> N14 -> N09 -> N05 -> N12
public_trace_calibrated,random_heterogeneous_iot_public_trace_calibrated_seed_123,123,distance_only,14,5,1,3,5,3585.538,3799.594,273.109,0,1255.757,2057.241,11,2,0.034,N14 -> N04 -> N11 -> N01 -> N05 -> N07 -> N12 -> N06 -> N09 -> N10 -> N02 -> N08 -> N03 -> N13
public_trace_calibrated,random_heterogeneous_iot_public_trace_calibrated_seed_123,123,ordinary_collection,14,5,1,3,5,3114.719,3447.841,306.663,0,812.468,2054.941,10,2,27.55,N14 -> N02 -> N08 -> N10 -> N03 -> N13 -> N09 -> N06 -> N12 -> N01 -> N05 -> N07 -> N11 -> N04
public_trace_calibrated,random_heterogeneous_iot_public_trace_calibrated_seed_123,123,protocol_aware,14,5,1,3,5,2663.087,5594.249,119.474,0,202.177,2059.641,12,2,344.123,N02 -> N14 -> N11 -> N01 -> N03 -> N09 -> N06 -> N12 -> N07 -> N05 -> N08 -> N13 -> N10 -> N04
public_trace_calibrated,random_heterogeneous_iot_public_trace_calibrated_seed_123,123,bounded_blackout,14,5,1,3,5,2875.582,6653.068,91.131,0,342.625,2055.741,10,2,1032.989,N11 -> N08 -> N03 -> N13 -> N02 -> N10 -> N05 -> N06 -> N14 -> N01 -> N07 -> N09 -> N12 -> N04
public_trace_calibrated,random_heterogeneous_iot_public_trace_calibrated_seed_123,123,genetic_algorithm,14,5,1,3,5,2875.582,6653.068,91.131,0,342.625,2055.741,10,2,759.406,N11 -> N08 -> N03 -> N13 -> N02 -> N10 -> N05 -> N06 -> N14 -> N01 -> N07 -> N09 -> N12 -> N04
public_trace_calibrated,random_heterogeneous_iot_public_trace_calibrated_seed_123,123,particle_swarm,14,5,1,3,5,2875.582,6653.068,91.131,0,342.625,2055.741,10,2,272.426,N11 -> N08 -> N03 -> N13 -> N02 -> N10 -> N05 -> N06 -> N14 -> N01 -> N07 -> N09 -> N12 -> N04
public_trace_calibrated,random_heterogeneous_iot_public_trace_calibrated_seed_124,124,distance_only,14,5,3,3,3,4730.418,3084.109,291.618,0,1148.922,3321.393,11,3,0.04,N03 -> N06 -> N02 -> N05 -> N14 -> N10 -> N04 -> N11 -> N12 -> N07 -> N08 -> N01 -> N09 -> N13
public_trace_calibrated,random_heterogeneous_iot_public_trace_calibrated_seed_124,124,ordinary_collection,14,5,3,3,3,4730.418,2850.97,291.618,0,1169.984,3319.993,10,3,30.182,N03 -> N06 -> N02 -> N05 -> N14 -> N11 -> N04 -> N10 -> N12 -> N07 -> N08 -> N01 -> N09 -> N13
public_trace_calibrated,random_heterogeneous_iot_public_trace_calibrated_seed_124,124,protocol_aware,14,5,3,3,3,4201.271,5388.45,107.296,0,423.534,3323.293,12,3,256.13,N01 -> N07 -> N13 -> N03 -> N02 -> N06 -> N04 -> N11 -> N12 -> N10 -> N08 -> N14 -> N05 -> N09
public_trace_calibrated,random_heterogeneous_iot_public_trace_calibrated_seed_124,124,bounded_blackout,14,5,3,3,3,4266.011,6264.695,93.008,0,415.675,3321.993,11,3,896.826,N09 -> N07 -> N04 -> N03 -> N10 -> N06 -> N14 -> N11 -> N12 -> N02 -> N08 -> N13 -> N05 -> N01
public_trace_calibrated,random_heterogeneous_iot_public_trace_calibrated_seed_124,124,genetic_algorithm,14,5,3,3,3,4201.271,5388.45,107.296,0,423.534,3323.293,12,3,688.408,N01 -> N07 -> N13 -> N03 -> N02 -> N06 -> N04 -> N11 -> N12 -> N10 -> N08 -> N14 -> N05 -> N09
public_trace_calibrated,random_heterogeneous_iot_public_trace_calibrated_seed_124,124,particle_swarm,14,5,3,3,3,4163.43,5333.969,106.571,0,391.688,3321.893,11,3,207.317,N01 -> N07 -> N13 -> N03 -> N02 -> N06 -> N04 -> N11 -> N12 -> N10 -> N08 -> N09 -> N14 -> N05
public_trace_calibrated,random_heterogeneous_iot_public_trace_calibrated_seed_125,125,distance_only,14,2,7,2,3,2790.119,4050.295,146.237,0,650.657,1848.196,6,5,0.033,N10 -> N02 -> N13 -> N08 -> N12 -> N03 -> N07 -> N11 -> N09 -> N14 -> N01 -> N06 -> N05 -> N04
public_trace_calibrated,random_heterogeneous_iot_public_trace_calibrated_seed_125,125,ordinary_collection,14,2,7,2,3,3096.544,2996.445,255.496,0,1030.368,1850.696,7,5,33.513,N05 -> N06 -> N01 -> N14 -> N09 -> N11 -> N07 -> N12 -> N03 -> N04 -> N08 -> N13 -> N02 -> N10
public_trace_calibrated,random_heterogeneous_iot_public_trace_calibrated_seed_125,125,protocol_aware,14,2,7,2,3,2594.795,5059.217,92.431,0,376.28,1854.696,9,5,172.714,N01 -> N05 -> N13 -> N02 -> N10 -> N04 -> N07 -> N08 -> N03 -> N11 -> N12 -> N09 -> N14 -> N06
public_trace_calibrated,random_heterogeneous_iot_public_trace_calibrated_seed_125,125,bounded_blackout,14,2,7,2,3,2657.892,6880.071,88.898,1,309.135,1853.996,9,5,766.935,N07 -> N02 -> N06 -> N08 -> N03 -> N09 -> N14 -> N11 -> N12 -> N10 -> N04 -> N13 -> N01 -> N05
public_trace_calibrated,random_heterogeneous_iot_public_trace_calibrated_seed_125,125,genetic_algorithm,14,2,7,2,3,2693.456,6419.539,110.963,0,380.618,1851.196,8,5,857.027,N07 -> N02 -> N04 -> N08 -> N05 -> N03 -> N10 -> N11 -> N09 -> N14 -> N01 -> N06 -> N12 -> N13
public_trace_calibrated,random_heterogeneous_iot_public_trace_calibrated_seed_125,125,particle_swarm,14,2,7,2,3,2693.456,6419.539,110.963,0,380.618,1851.196,8,5,262.948,N07 -> N02 -> N04 -> N08 -> N05 -> N03 -> N10 -> N11 -> N09 -> N14 -> N01 -> N06 -> N12 -> N13
public_trace_calibrated,random_heterogeneous_iot_public_trace_calibrated_seed_126,126,distance_only,14,3,8,1,2,2742.046,3095.803,241.101,0,953.045,1541.892,9,2,0.035,N10 -> N05 -> N01 -> N11 -> N13 -> N09 -> N14 -> N02 -> N04 -> N03 -> N08 -> N06 -> N12 -> N07
public_trace_calibrated,random_heterogeneous_iot_public_trace_calibrated_seed_126,126,ordinary_collection,14,3,8,1,2,2622.046,2965.229,247.267,0,839.067,1546.292,11,2,18.009,N10 -> N01 -> N05 -> N11 -> N13 -> N14 -> N09 -> N02 -> N04 -> N03 -> N06 -> N08 -> N12 -> N07
public_trace_calibrated,random_heterogeneous_iot_public_trace_calibrated_seed_126,126,protocol_aware,14,3,8,1,2,2102.207,4983.325,71.923,1,161.543,1542.892,9,2,263.291,N07 -> N12 -> N06 -> N04 -> N03 -> N02 -> N09 -> N05 -> N14 -> N08 -> N13 -> N11 -> N10 -> N01
public_trace_calibrated,random_heterogeneous_iot_public_trace_calibrated_seed_126,126,bounded_blackout,14,3,8,1,2,2102.207,4983.325,71.923,1,161.543,1542.892,9,2,996.008,N07 -> N12 -> N06 -> N04 -> N03 -> N02 -> N09 -> N05 -> N14 -> N08 -> N13 -> N11 -> N10 -> N01
public_trace_calibrated,random_heterogeneous_iot_public_trace_calibrated_seed_126,126,genetic_algorithm,14,3,8,1,2,2204.666,5690.494,119.582,0,212.155,1538.292,7,2,728.522,N11 -> N08 -> N02 -> N01 -> N13 -> N05 -> N14 -> N09 -> N04 -> N03 -> N10 -> N07 -> N12 -> N06
public_trace_calibrated,random_heterogeneous_iot_public_trace_calibrated_seed_126,126,particle_swarm,14,3,8,1,2,2204.666,5690.494,119.582,0,212.155,1538.292,7,2,220.36,N11 -> N08 -> N02 -> N01 -> N13 -> N05 -> N14 -> N09 -> N04 -> N03 -> N10 -> N07 -> N12 -> N06
public_trace_calibrated,random_heterogeneous_iot_public_trace_calibrated_seed_127,127,distance_only,14,4,8,1,1,3088.77,3255.618,283.094,0,1027.37,1764.488,10,2,0.037,N06 -> N02 -> N11 -> N07 -> N03 -> N13 -> N08 -> N05 -> N04 -> N14 -> N09 -> N01 -> N12 -> N10
public_trace_calibrated,random_heterogeneous_iot_public_trace_calibrated_seed_127,127,ordinary_collection,14,4,8,1,1,2774.366,3181.726,119.121,0,721.105,1763.088,9,2,20.097,N06 -> N10 -> N12 -> N01 -> N14 -> N09 -> N04 -> N05 -> N03 -> N08 -> N13 -> N07 -> N11 -> N02
public_trace_calibrated,random_heterogeneous_iot_public_trace_calibrated_seed_127,127,protocol_aware,14,4,8,1,1,2614.92,6280.184,116.68,0,282.28,1759.888,8,2,342.876,N06 -> N07 -> N10 -> N12 -> N14 -> N05 -> N13 -> N08 -> N02 -> N09 -> N03 -> N01 -> N11 -> N04
public_trace_calibrated,random_heterogeneous_iot_public_trace_calibrated_seed_127,127,bounded_blackout,14,4,8,1,1,2648.493,4532.781,102.403,0,472.016,1763.088,9,2,968.362,N06 -> N11 -> N02 -> N08 -> N13 -> N03 -> N05 -> N01 -> N10 -> N14 -> N07 -> N09 -> N04 -> N12
public_trace_calibrated,random_heterogeneous_iot_public_trace_calibrated_seed_127,127,genetic_algorithm,14,4,8,1,1,2689.813,5120.554,112.052,0,461.132,1761.688,8,2,758.358,N14 -> N09 -> N10 -> N12 -> N04 -> N05 -> N07 -> N01 -> N06 -> N02 -> N11 -> N08 -> N03 -> N13
public_trace_calibrated,random_heterogeneous_iot_public_trace_calibrated_seed_127,127,particle_swarm,14,4,8,1,1,2689.813,5120.554,112.052,0,461.132,1761.688,8,2,217.993,N14 -> N09 -> N10 -> N12 -> N04 -> N05 -> N07 -> N01 -> N06 -> N02 -> N11 -> N08 -> N03 -> N13
public_trace_calibrated,random_heterogeneous_iot_public_trace_calibrated_seed_128,128,distance_only,14,3,6,3,2,3131.045,3791.681,131.833,0,723.162,2085.474,8,4,0.037,N14 -> N13 -> N05 -> N01 -> N08 -> N03 -> N11 -> N06 -> N12 -> N02 -> N10 -> N07 -> N09 -> N04
public_trace_calibrated,random_heterogeneous_iot_public_trace_calibrated_seed_128,128,ordinary_collection,14,3,6,3,2,3134.57,3007.721,291.448,0,791.348,2087.474,9,4,40.201,N14 -> N06 -> N11 -> N13 -> N05 -> N01 -> N08 -> N02 -> N12 -> N04 -> N09 -> N10 -> N07 -> N03
public_trace_calibrated,random_heterogeneous_iot_public_trace_calibrated_seed_128,128,protocol_aware,14,3,6,3,2,2769.645,4481.526,81.438,1,305.304,2083.274,7,4,179.373,N10 -> N07 -> N09 -> N02 -> N08 -> N03 -> N11 -> N06 -> N14 -> N01 -> N05 -> N13 -> N12 -> N04
public_trace_calibrated,random_heterogeneous_iot_public_trace_calibrated_seed_128,128,bounded_blackout,14,3,6,3,2,2772.045,5560.085,72.232,1,213.894,2085.374,8,4,880.508,N10 -> N09 -> N05 -> N14 -> N01 -> N12 -> N08 -> N06 -> N13 -> N04 -> N02 -> N07 -> N03 -> N11
public_trace_calibrated,random_heterogeneous_iot_public_trace_calibrated_seed_128,128,genetic_algorithm,14,3,6,3,2,2772.045,5521.369,86.561,1,216.586,2085.974,9,4,706.472,N10 -> N09 -> N05 -> N14 -> N07 -> N01 -> N08 -> N06 -> N02 -> N12 -> N04 -> N13 -> N03 -> N11
public_trace_calibrated,random_heterogeneous_iot_public_trace_calibrated_seed_128,128,particle_swarm,14,3,6,3,2,2772.045,5521.369,86.561,1,216.586,2085.974,9,4,207.51,N10 -> N09 -> N05 -> N14 -> N07 -> N01 -> N08 -> N06 -> N02 -> N12 -> N04 -> N13 -> N03 -> N11
public_trace_calibrated,random_heterogeneous_iot_public_trace_calibrated_seed_129,129,distance_only,14,1,8,3,2,1434.764,3378.28,116.27,0,510.05,675.989,9,1,0.035,N11 -> N10 -> N13 -> N06 -> N08 -> N07 -> N01 -> N02 -> N03 -> N09 -> N04 -> N14 -> N05 -> N12
public_trace_calibrated,random_heterogeneous_iot_public_trace_calibrated_seed_129,129,ordinary_collection,14,1,8,3,2,1521.009,3244.633,105.498,0,606.135,675.989,9,1,26.959,N11 -> N06 -> N02 -> N01 -> N07 -> N08 -> N03 -> N14 -> N04 -> N09 -> N05 -> N12 -> N13 -> N10
public_trace_calibrated,random_heterogeneous_iot_public_trace_calibrated_seed_129,129,protocol_aware,14,1,8,3,2,1221.009,4990.945,100.649,0,182.664,670.889,6,1,232.606,N13 -> N11 -> N02 -> N06 -> N08 -> N07 -> N12 -> N05 -> N14 -> N03 -> N04 -> N01 -> N09 -> N10
public_trace_calibrated,random_heterogeneous_iot_public_trace_calibrated_seed_129,129,bounded_blackout,14,1,8,3,2,1215.822,5167.089,58.313,1,162.608,672.789,8,1,847.13,N10 -> N11 -> N02 -> N03 -> N13 -> N04 -> N14 -> N05 -> N09 -> N06 -> N08 -> N12 -> N07 -> N01
public_trace_calibrated,random_heterogeneous_iot_public_trace_calibrated_seed_129,129,genetic_algorithm,14,1,8,3,2,1221.009,4850.489,107.989,0,190.105,673.789,8,1,736.371,N13 -> N11 -> N02 -> N06 -> N08 -> N07 -> N01 -> N05 -> N14 -> N03 -> N04 -> N12 -> N09 -> N10
public_trace_calibrated,random_heterogeneous_iot_public_trace_calibrated_seed_129,129,particle_swarm,14,1,8,3,2,1221.009,4990.945,100.649,0,182.664,670.889,6,1,258.589,N13 -> N11 -> N02 -> N06 -> N08 -> N07 -> N12 -> N05 -> N14 -> N03 -> N04 -> N01 -> N09 -> N10
public_trace_calibrated,random_heterogeneous_iot_public_trace_calibrated_seed_130,130,distance_only,14,3,3,3,5,2815.596,3360.544,164.026,0,809.751,1692.745,12,4,0.129,N12 -> N14 -> N09 -> N01 -> N10 -> N03 -> N11 -> N07 -> N06 -> N04 -> N08 -> N02 -> N13 -> N05
public_trace_calibrated,random_heterogeneous_iot_public_trace_calibrated_seed_130,130,ordinary_collection,14,3,3,3,5,2715.452,3148.175,164.026,0,729.393,1692.745,12,4,22.882,N12 -> N14 -> N09 -> N01 -> N10 -> N03 -> N06 -> N07 -> N11 -> N04 -> N08 -> N05 -> N02 -> N13
public_trace_calibrated,random_heterogeneous_iot_public_trace_calibrated_seed_130,130,protocol_aware,14,3,3,3,5,2342.797,4250.083,129.6,0,254.974,1691.845,11,4,408.485,N14 -> N05 -> N03 -> N01 -> N10 -> N09 -> N11 -> N07 -> N06 -> N04 -> N08 -> N13 -> N02 -> N12
public_trace_calibrated,random_heterogeneous_iot_public_trace_calibrated_seed_130,130,bounded_blackout,14,3,3,3,5,2338.491,5086.138,85.762,1,175.373,1689.245,9,4,1368.738,N11 -> N10 -> N03 -> N05 -> N01 -> N09 -> N02 -> N07 -> N06 -> N04 -> N08 -> N13 -> N14 -> N12
public_trace_calibrated,random_heterogeneous_iot_public_trace_calibrated_seed_130,130,genetic_algorithm,14,3,3,3,5,2383.683,5008.978,107.321,0,225.954,1691.045,11,4,774.939,N09 -> N06 -> N03 -> N01 -> N10 -> N07 -> N11 -> N13 -> N08 -> N04 -> N05 -> N02 -> N12 -> N14
public_trace_calibrated,random_heterogeneous_iot_public_trace_calibrated_seed_130,130,particle_swarm,14,3,3,3,5,2383.683,5008.978,107.321,0,225.954,1691.045,11,4,260.524,N09 -> N06 -> N03 -> N01 -> N10 -> N07 -> N11 -> N13 -> N08 -> N04 -> N05 -> N02 -> N12 -> N14
public_trace_calibrated,random_heterogeneous_iot_public_trace_calibrated_seed_131,131,distance_only,14,5,3,1,5,3154.23,3549.905,172.525,0,893.429,1928.719,9,1,0.033,N10 -> N07 -> N08 -> N01 -> N02 -> N09 -> N13 -> N06 -> N03 -> N04 -> N12 -> N11 -> N05 -> N14
public_trace_calibrated,random_heterogeneous_iot_public_trace_calibrated_seed_131,131,ordinary_collection,14,5,3,1,5,3154.23,3470.125,172.525,0,902.092,1927.519,8,1,17.686,N10 -> N07 -> N08 -> N01 -> N02 -> N09 -> N06 -> N13 -> N03 -> N04 -> N12 -> N11 -> N05 -> N14
public_trace_calibrated,random_heterogeneous_iot_public_trace_calibrated_seed_131,131,protocol_aware,14,5,3,1,5,2714.983,6943.786,106.041,0,137.694,1927.719,9,1,346.621,N10 -> N07 -> N11 -> N03 -> N08 -> N13 -> N05 -> N06 -> N04 -> N09 -> N02 -> N14 -> N12 -> N01
public_trace_calibrated,random_heterogeneous_iot_public_trace_calibrated_seed_131,131,bounded_blackout,14,5,3,1,5,2713.591,7224.593,85.47,1,112.634,1925.119,7,1,1158.23,N06 -> N09 -> N05 -> N04 -> N01 -> N13 -> N03 -> N10 -> N07 -> N11 -> N02 -> N14 -> N12 -> N08
public_trace_calibrated,random_heterogeneous_iot_public_trace_calibrated_seed_131,131,genetic_algorithm,14,5,3,1,5,2821.28,5394.479,110.468,0,388.124,1928.519,9,1,815.495,N14 -> N13 -> N06 -> N08 -> N05 -> N07 -> N04 -> N03 -> N12 -> N11 -> N01 -> N09 -> N02 -> N10
public_trace_calibrated,random_heterogeneous_iot_public_trace_calibrated_seed_131,131,particle_swarm,14,5,3,1,5,2866.611,5136.127,115.606,0,455.424,1930.719,10,1,344.072,N14 -> N06 -> N11 -> N05 -> N01 -> N02 -> N03 -> N12 -> N13 -> N04 -> N09 -> N08 -> N10 -> N07
public_trace_calibrated,random_heterogeneous_iot_public_trace_calibrated_seed_132,132,distance_only,14,5,3,2,4,3155.288,3873.325,229.078,0,976.403,1837.594,10,0,0.043,N01 -> N10 -> N12 -> N14 -> N02 -> N03 -> N06 -> N04 -> N05 -> N11 -> N09 -> N08 -> N07 -> N13
public_trace_calibrated,random_heterogeneous_iot_public_trace_calibrated_seed_132,132,ordinary_collection,14,5,3,2,4,2696.099,2940.834,169.078,0,602.179,1834.794,8,0,31.94,N10 -> N02 -> N03 -> N13 -> N06 -> N04 -> N05 -> N11 -> N09 -> N08 -> N07 -> N14 -> N12 -> N01
public_trace_calibrated,random_heterogeneous_iot_public_trace_calibrated_seed_132,132,protocol_aware,14,5,3,2,4,2461.675,4782.151,88.763,1,204.91,1835.394,9,0,168.512,N01 -> N10 -> N14 -> N12 -> N07 -> N06 -> N04 -> N03 -> N13 -> N02 -> N08 -> N09 -> N05 -> N11
public_trace_calibrated,random_heterogeneous_iot_public_trace_calibrated_seed_132,132,bounded_blackout,14,5,3,2,4,2461.675,4782.151,88.763,1,204.91,1835.394,9,0,870.973,N01 -> N10 -> N14 -> N12 -> N07 -> N06 -> N04 -> N03 -> N13 -> N02 -> N08 -> N09 -> N05 -> N11
public_trace_calibrated,random_heterogeneous_iot_public_trace_calibrated_seed_132,132,genetic_algorithm,14,5,3,2,4,2461.675,4782.151,88.763,1,204.91,1835.394,9,0,742.245,N01 -> N10 -> N14 -> N12 -> N07 -> N06 -> N04 -> N03 -> N13 -> N02 -> N08 -> N09 -> N05 -> N11
public_trace_calibrated,random_heterogeneous_iot_public_trace_calibrated_seed_132,132,particle_swarm,14,5,3,2,4,2461.675,4782.151,88.763,1,204.91,1835.394,9,0,213.901,N01 -> N10 -> N14 -> N12 -> N07 -> N06 -> N04 -> N03 -> N13 -> N02 -> N08 -> N09 -> N05 -> N11
public_trace_calibrated,random_heterogeneous_iot_public_trace_calibrated_seed_133,133,distance_only,14,6,3,0,5,3694.406,3872.008,188.397,0,926.429,2460.407,8,0,0.035,N11 -> N07 -> N01 -> N03 -> N09 -> N10 -> N08 -> N14 -> N02 -> N06 -> N05 -> N04 -> N13 -> N12
public_trace_calibrated,random_heterogeneous_iot_public_trace_calibrated_seed_133,133,ordinary_collection,14,6,3,0,5,3895.443,3260.209,277.356,0,1174.064,2462.407,9,0,18.91,N07 -> N01 -> N03 -> N09 -> N12 -> N08 -> N10 -> N14 -> N02 -> N06 -> N05 -> N04 -> N13 -> N11
public_trace_calibrated,random_heterogeneous_iot_public_trace_calibrated_seed_133,133,protocol_aware,14,6,3,0,5,3264.592,6044.738,142.271,0,323.226,2461.207,8,0,293.997,N09 -> N01 -> N13 -> N04 -> N03 -> N12 -> N05 -> N06 -> N02 -> N14 -> N10 -> N07 -> N11 -> N08
public_trace_calibrated,random_heterogeneous_iot_public_trace_calibrated_seed_133,133,bounded_blackout,14,6,3,0,5,3266.792,6019.57,81.965,1,322.625,2466.007,11,0,1051.653,N11 -> N09 -> N01 -> N04 -> N03 -> N14 -> N05 -> N06 -> N02 -> N13 -> N10 -> N07 -> N12 -> N08
public_trace_calibrated,random_heterogeneous_iot_public_trace_calibrated_seed_133,133,genetic_algorithm,14,6,3,0,5,3295.443,5729.865,89.45,1,373.289,2467.007,11,0,848.817,N01 -> N13 -> N03 -> N04 -> N07 -> N10 -> N05 -> N06 -> N08 -> N14 -> N12 -> N02 -> N09 -> N11
public_trace_calibrated,random_heterogeneous_iot_public_trace_calibrated_seed_133,133,particle_swarm,14,6,3,0,5,3295.443,5729.865,89.45,1,373.289,2467.007,11,0,323.601,N01 -> N13 -> N03 -> N04 -> N07 -> N10 -> N05 -> N06 -> N08 -> N14 -> N12 -> N02 -> N09 -> N11
public_trace_calibrated,random_heterogeneous_iot_public_trace_calibrated_seed_134,134,distance_only,14,2,6,4,2,1655.733,2857.269,134.892,0,690.382,731.571,12,0,0.063,N04 -> N10 -> N09 -> N05 -> N07 -> N12 -> N08 -> N01 -> N14 -> N13 -> N03 -> N06 -> N11 -> N02
public_trace_calibrated,random_heterogeneous_iot_public_trace_calibrated_seed_134,134,ordinary_collection,14,2,6,4,2,1835.663,2741.439,272.862,0,881.089,730.271,11,0,29.788,N02 -> N06 -> N11 -> N14 -> N01 -> N13 -> N03 -> N08 -> N12 -> N07 -> N05 -> N09 -> N10 -> N04
public_trace_calibrated,random_heterogeneous_iot_public_trace_calibrated_seed_134,134,protocol_aware,14,2,6,4,2,1295.733,4888.686,104.843,0,165.573,730.171,11,0,371.455,N04 -> N05 -> N14 -> N08 -> N12 -> N01 -> N07 -> N09 -> N13 -> N03 -> N10 -> N06 -> N11 -> N02
public_trace_calibrated,random_heterogeneous_iot_public_trace_calibrated_seed_134,134,bounded_blackout,14,2,6,4,2,1295.733,4989.101,54.701,1,157.457,730.071,11,0,1158.866,N04 -> N07 -> N03 -> N01 -> N14 -> N12 -> N13 -> N09 -> N05 -> N10 -> N08 -> N06 -> N11 -> N02
public_trace_calibrated,random_heterogeneous_iot_public_trace_calibrated_seed_134,134,genetic_algorithm,14,2,6,4,2,1331.342,4769.297,104.131,0,211.05,730.071,11,0,826.859,N04 -> N07 -> N14 -> N08 -> N01 -> N03 -> N13 -> N09 -> N05 -> N10 -> N02 -> N06 -> N11 -> N12
public_trace_calibrated,random_heterogeneous_iot_public_trace_calibrated_seed_134,134,particle_swarm,14,2,6,4,2,1262.259,4359.395,104.131,0,176.905,728.671,10,0,285.067,N04 -> N07 -> N14 -> N08 -> N01 -> N03 -> N13 -> N09 -> N12 -> N05 -> N10 -> N02 -> N06 -> N11
public_trace_calibrated,random_heterogeneous_iot_public_trace_calibrated_seed_135,135,distance_only,14,4,2,6,2,4008.665,3040.562,228.997,0,886.538,2866.279,11,3,0.034,N04 -> N09 -> N08 -> N13 -> N06 -> N03 -> N07 -> N02 -> N11 -> N14 -> N01 -> N05 -> N12 -> N10
public_trace_calibrated,random_heterogeneous_iot_public_trace_calibrated_seed_135,135,ordinary_collection,14,4,2,6,2,4133.982,2787.716,282.377,0,1033.131,2866.279,11,3,16.779,N04 -> N10 -> N12 -> N05 -> N01 -> N14 -> N06 -> N03 -> N07 -> N02 -> N13 -> N11 -> N08 -> N09
public_trace_calibrated,random_heterogeneous_iot_public_trace_calibrated_seed_135,135,protocol_aware,14,4,2,6,2,3535.764,5031.948,112.069,0,248.273,2864.079,10,3,332.871,N08 -> N04 -> N01 -> N05 -> N12 -> N10 -> N06 -> N03 -> N14 -> N07 -> N09 -> N13 -> N02 -> N11
public_trace_calibrated,random_heterogeneous_iot_public_trace_calibrated_seed_135,135,bounded_blackout,14,4,2,6,2,3488.591,4311.222,77.413,1,260.745,2865.079,10,3,1249.02,N13 -> N09 -> N10 -> N05 -> N01 -> N14 -> N12 -> N11 -> N06 -> N03 -> N07 -> N02 -> N08 -> N04
public_trace_calibrated,random_heterogeneous_iot_public_trace_calibrated_seed_135,135,genetic_algorithm,14,4,2,6,2,3573.982,4796.635,112.069,0,306.292,2864.079,10,3,762.606,N08 -> N04 -> N01 -> N05 -> N10 -> N13 -> N07 -> N02 -> N03 -> N06 -> N14 -> N12 -> N11 -> N09
public_trace_calibrated,random_heterogeneous_iot_public_trace_calibrated_seed_135,135,particle_swarm,14,4,2,6,2,3573.982,4796.635,112.069,0,306.292,2864.079,10,3,267.761,N08 -> N04 -> N01 -> N05 -> N10 -> N13 -> N07 -> N02 -> N03 -> N06 -> N14 -> N12 -> N11 -> N09
public_trace_calibrated,random_heterogeneous_iot_public_trace_calibrated_seed_136,136,distance_only,14,2,3,5,4,2054.068,3567.286,200.628,0,788.418,964.522,10,4,0.036,N10 -> N07 -> N05 -> N13 -> N12 -> N03 -> N06 -> N01 -> N04 -> N11 -> N09 -> N02 -> N14 -> N08
public_trace_calibrated,random_heterogeneous_iot_public_trace_calibrated_seed_136,136,ordinary_collection,14,2,3,5,4,2232.369,3015.61,278.108,0,1015.488,962.322,9,4,20.288,N05 -> N13 -> N12 -> N08 -> N03 -> N06 -> N01 -> N04 -> N11 -> N09 -> N02 -> N14 -> N07 -> N10
public_trace_calibrated,random_heterogeneous_iot_public_trace_calibrated_seed_136,136,protocol_aware,14,2,3,5,4,1565.853,5198.558,78.463,1,165.502,961.522,8,4,295.156,N05 -> N10 -> N04 -> N06 -> N12 -> N03 -> N13 -> N01 -> N02 -> N11 -> N08 -> N14 -> N09 -> N07
public_trace_calibrated,random_heterogeneous_iot_public_trace_calibrated_seed_136,136,bounded_blackout,14,2,3,5,4,1565.853,5752.208,67.985,1,116.566,963.722,10,4,1099.881,N03 -> N10 -> N11 -> N06 -> N13 -> N12 -> N05 -> N01 -> N02 -> N04 -> N08 -> N14 -> N09 -> N07
public_trace_calibrated,random_heterogeneous_iot_public_trace_calibrated_seed_136,136,genetic_algorithm,14,2,3,5,4,1565.853,5198.558,78.463,1,165.502,961.522,8,4,769.359,N05 -> N10 -> N04 -> N06 -> N12 -> N03 -> N13 -> N01 -> N02 -> N11 -> N08 -> N14 -> N09 -> N07
public_trace_calibrated,random_heterogeneous_iot_public_trace_calibrated_seed_136,136,particle_swarm,14,2,3,5,4,1551.845,5142.89,78.463,1,154.693,963.022,9,4,302.297,N05 -> N07 -> N10 -> N04 -> N06 -> N12 -> N03 -> N13 -> N01 -> N02 -> N11 -> N08 -> N14 -> N09
public_trace_calibrated,random_heterogeneous_iot_public_trace_calibrated_seed_137,137,distance_only,14,3,4,3,4,2355.388,3100.671,254.867,0,916.718,1177.72,12,1,0.036,N12 -> N14 -> N01 -> N10 -> N09 -> N07 -> N13 -> N11 -> N02 -> N03 -> N05 -> N08 -> N06 -> N04
public_trace_calibrated,random_heterogeneous_iot_public_trace_calibrated_seed_137,137,ordinary_collection,14,3,4,3,4,1996.703,3056.523,196.067,0,563.148,1176.32,11,1,30.151,N01 -> N10 -> N09 -> N07 -> N13 -> N11 -> N03 -> N02 -> N05 -> N08 -> N06 -> N04 -> N14 -> N12
public_trace_calibrated,random_heterogeneous_iot_public_trace_calibrated_seed_137,137,protocol_aware,14,3,4,3,4,1928.967,5741.59,118.127,0,267.339,1178.42,12,1,353.176,N10 -> N13 -> N11 -> N05 -> N06 -> N02 -> N04 -> N08 -> N09 -> N07 -> N14 -> N12 -> N03 -> N01
public_trace_calibrated,random_heterogeneous_iot_public_trace_calibrated_seed_137,137,bounded_blackout,14,3,4,3,4,1988.619,6571.222,81.35,1,257.87,1177.72,12,1,1318.13,N12 -> N02 -> N04 -> N10 -> N01 -> N06 -> N03 -> N09 -> N13 -> N05 -> N11 -> N07 -> N08 -> N14
public_trace_calibrated,random_heterogeneous_iot_public_trace_calibrated_seed_137,137,genetic_algorithm,14,3,4,3,4,1988.619,5696.621,113.07,0,335.575,1173.62,9,1,824.996,N12 -> N05 -> N10 -> N07 -> N01 -> N13 -> N03 -> N11 -> N02 -> N09 -> N04 -> N06 -> N08 -> N14
public_trace_calibrated,random_heterogeneous_iot_public_trace_calibrated_seed_137,137,particle_swarm,14,3,4,3,4,1942.843,6245.505,111.87,0,241.006,1176.22,11,1,269.238,N12 -> N05 -> N13 -> N10 -> N07 -> N01 -> N11 -> N03 -> N02 -> N09 -> N04 -> N06 -> N14 -> N08
public_trace_calibrated,random_heterogeneous_iot_public_trace_calibrated_seed_138,138,distance_only,14,3,5,1,5,2961.79,3481.794,262.094,0,834.511,1842.075,10,3,0.032,N10 -> N08 -> N05 -> N04 -> N11 -> N02 -> N14 -> N12 -> N03 -> N13 -> N06 -> N07 -> N01 -> N09
public_trace_calibrated,random_heterogeneous_iot_public_trace_calibrated_seed_138,138,ordinary_collection,14,3,5,1,5,2858.241,2883.641,233.756,0,781.358,1840.675,9,3,36.853,N10 -> N08 -> N06 -> N13 -> N03 -> N07 -> N01 -> N09 -> N12 -> N14 -> N02 -> N04 -> N05 -> N11
public_trace_calibrated,random_heterogeneous_iot_public_trace_calibrated_seed_138,138,protocol_aware,14,3,5,1,5,2458.241,5623.485,121.16,0,159.929,1837.675,8,3,174.633,N05 -> N12 -> N13 -> N06 -> N10 -> N02 -> N04 -> N09 -> N14 -> N01 -> N08 -> N03 -> N07 -> N11
public_trace_calibrated,random_heterogeneous_iot_public_trace_calibrated_seed_138,138,bounded_blackout,14,3,5,1,5,2521.63,5831.362,71.421,1,202.091,1841.875,10,3,907.669,N02 -> N03 -> N08 -> N09 -> N01 -> N13 -> N10 -> N04 -> N12 -> N14 -> N07 -> N06 -> N11 -> N05
public_trace_calibrated,random_heterogeneous_iot_public_trace_calibrated_seed_138,138,genetic_algorithm,14,3,5,1,5,2577.99,4611.034,118.376,0,361.812,1838.475,8,3,681.611,N12 -> N14 -> N13 -> N06 -> N03 -> N02 -> N04 -> N09 -> N01 -> N07 -> N08 -> N05 -> N11 -> N10
public_trace_calibrated,random_heterogeneous_iot_public_trace_calibrated_seed_138,138,particle_swarm,14,3,5,1,5,2521.63,5495.165,106.269,0,228.03,1843.475,11,3,222.507,N12 -> N14 -> N13 -> N06 -> N02 -> N03 -> N04 -> N09 -> N07 -> N01 -> N11 -> N10 -> N08 -> N05
public_trace_calibrated,random_heterogeneous_iot_public_trace_calibrated_seed_139,139,distance_only,14,5,2,5,2,3356.14,4134.04,198.062,0,713.369,2263.398,8,1,0.033,N10 -> N11 -> N09 -> N08 -> N12 -> N04 -> N03 -> N13 -> N02 -> N01 -> N07 -> N05 -> N06 -> N14
public_trace_calibrated,random_heterogeneous_iot_public_trace_calibrated_seed_139,139,ordinary_collection,14,5,2,5,2,3714.032,3474.56,314.125,0,1133.48,2261.698,8,1,14.698,N06 -> N09 -> N08 -> N12 -> N14 -> N03 -> N04 -> N13 -> N02 -> N01 -> N07 -> N05 -> N11 -> N10
public_trace_calibrated,random_heterogeneous_iot_public_trace_calibrated_seed_139,139,protocol_aware,14,5,2,5,2,3123.109,5786.313,193.705,0,329.311,2262.798,8,1,359.614,N12 -> N13 -> N03 -> N04 -> N02 -> N05 -> N10 -> N08 -> N11 -> N09 -> N14 -> N06 -> N07 -> N01
public_trace_calibrated,random_heterogeneous_iot_public_trace_calibrated_seed_139,139,bounded_blackout,14,5,2,5,2,3228.646,4612.976,104.183,0,539.223,2266.098,10,1,1117.258,N11 -> N13 -> N14 -> N08 -> N06 -> N12 -> N03 -> N04 -> N02 -> N01 -> N07 -> N05 -> N09 -> N10
public_trace_calibrated,random_heterogeneous_iot_public_trace_calibrated_seed_139,139,genetic_algorithm,14,5,2,5,2,3213.161,5726.835,104.183,0,421.521,2266.098,10,1,729.22,N10 -> N02 -> N11 -> N04 -> N09 -> N12 -> N14 -> N08 -> N06 -> N05 -> N07 -> N01 -> N03 -> N13
public_trace_calibrated,random_heterogeneous_iot_public_trace_calibrated_seed_139,139,particle_swarm,14,5,2,5,2,3227.727,5774.734,107.652,0,433.492,2264.298,9,1,260.474,N12 -> N02 -> N11 -> N04 -> N09 -> N14 -> N08 -> N06 -> N05 -> N07 -> N01 -> N03 -> N13 -> N10
public_trace_calibrated,random_heterogeneous_iot_public_trace_calibrated_seed_140,140,distance_only,14,3,5,3,3,2188.456,4072.719,156.371,0,706.958,1150.983,7,1,0.033,N01 -> N05 -> N03 -> N14 -> N04 -> N09 -> N06 -> N11 -> N02 -> N07 -> N10 -> N13 -> N08 -> N12
public_trace_calibrated,random_heterogeneous_iot_public_trace_calibrated_seed_140,140,ordinary_collection,14,3,5,3,3,2236.036,3448.617,156.371,0,803.685,1152.483,8,1,49.977,N01 -> N05 -> N03 -> N14 -> N12 -> N10 -> N13 -> N08 -> N11 -> N02 -> N06 -> N09 -> N04 -> N07
public_trace_calibrated,random_heterogeneous_iot_public_trace_calibrated_seed_140,140,protocol_aware,14,3,5,3,3,1830.51,5465.263,137.685,0,235.302,1151.683,8,1,221.1,N14 -> N09 -> N06 -> N07 -> N02 -> N08 -> N04 -> N11 -> N03 -> N05 -> N10 -> N13 -> N12 -> N01
public_trace_calibrated,random_heterogeneous_iot_public_trace_calibrated_seed_140,140,bounded_blackout,14,3,5,3,3,1905.639,6696.873,79.673,1,206.081,1156.083,10,1,784.201,N14 -> N05 -> N01 -> N13 -> N06 -> N11 -> N04 -> N02 -> N08 -> N09 -> N10 -> N07 -> N12 -> N03
public_trace_calibrated,random_heterogeneous_iot_public_trace_calibrated_seed_140,140,genetic_algorithm,14,3,5,3,3,1830.51,5465.263,137.685,0,235.302,1151.683,8,1,753.935,N14 -> N09 -> N06 -> N07 -> N02 -> N08 -> N04 -> N11 -> N03 -> N05 -> N10 -> N13 -> N12 -> N01
public_trace_calibrated,random_heterogeneous_iot_public_trace_calibrated_seed_140,140,particle_swarm,14,3,5,3,3,1832.71,5364.185,103.867,0,241.305,1156.083,10,1,291.741,N14 -> N09 -> N06 -> N07 -> N02 -> N08 -> N04 -> N11 -> N03 -> N10 -> N13 -> N12 -> N05 -> N01
public_trace_calibrated,random_heterogeneous_iot_public_trace_calibrated_seed_141,141,distance_only,14,3,4,3,4,2604.864,3523.208,246.308,0,977.537,1337.128,12,0,0.04,N06 -> N14 -> N10 -> N03 -> N07 -> N13 -> N05 -> N09 -> N01 -> N04 -> N11 -> N12 -> N08 -> N02
public_trace_calibrated,random_heterogeneous_iot_public_trace_calibrated_seed_141,141,ordinary_collection,14,3,4,3,4,2149.688,3304.098,103.886,0,543.408,1334.128,10,0,36.983,N06 -> N11 -> N12 -> N08 -> N02 -> N05 -> N13 -> N09 -> N04 -> N01 -> N07 -> N03 -> N10 -> N14
public_trace_calibrated,random_heterogeneous_iot_public_trace_calibrated_seed_141,141,protocol_aware,14,3,4,3,4,2091.515,5143.363,104.697,0,334.539,1333.328,10,0,222.401,N06 -> N10 -> N02 -> N08 -> N12 -> N09 -> N07 -> N13 -> N03 -> N14 -> N05 -> N11 -> N01 -> N04
public_trace_calibrated,random_heterogeneous_iot_public_trace_calibrated_seed_141,141,bounded_blackout,14,3,4,3,4,2304.864,6361.351,94.317,0,445.166,1335.728,11,0,887.468,N07 -> N05 -> N11 -> N06 -> N03 -> N13 -> N12 -> N08 -> N04 -> N10 -> N14 -> N01 -> N09 -> N02
public_trace_calibrated,random_heterogeneous_iot_public_trace_calibrated_seed_141,141,genetic_algorithm,14,3,4,3,4,2304.864,7996.222,115.131,0,309.305,1336.928,12,0,698.888,N03 -> N04 -> N05 -> N06 -> N08 -> N13 -> N12 -> N09 -> N10 -> N11 -> N14 -> N01 -> N07 -> N02
public_trace_calibrated,random_heterogeneous_iot_public_trace_calibrated_seed_141,141,particle_swarm,14,3,4,3,4,2149.688,3304.098,103.886,0,543.408,1334.128,10,0,232.89,N06 -> N11 -> N12 -> N08 -> N02 -> N05 -> N13 -> N09 -> N04 -> N01 -> N07 -> N03 -> N10 -> N14
public_trace_calibrated,random_heterogeneous_iot_public_trace_calibrated_seed_142,142,distance_only,14,3,6,2,3,2363.759,3734.592,278.503,0,811.198,1240.198,11,1,0.034,N01 -> N08 -> N07 -> N10 -> N02 -> N13 -> N04 -> N09 -> N11 -> N03 -> N12 -> N06 -> N14 -> N05
public_trace_calibrated,random_heterogeneous_iot_public_trace_calibrated_seed_142,142,ordinary_collection,14,3,6,2,3,1787.331,3188.887,71.281,1,285.013,1235.598,9,1,27.861,N07 -> N05 -> N14 -> N03 -> N12 -> N06 -> N11 -> N09 -> N04 -> N13 -> N02 -> N10 -> N08 -> N01
public_trace_calibrated,random_heterogeneous_iot_public_trace_calibrated_seed_142,142,protocol_aware,14,3,6,2,3,1944.75,4842.966,128.623,0,305.883,1233.798,7,1,169.515,N08 -> N01 -> N02 -> N10 -> N14 -> N03 -> N06 -> N12 -> N11 -> N09 -> N05 -> N07 -> N04 -> N13
public_trace_calibrated,random_heterogeneous_iot_public_trace_calibrated_seed_142,142,bounded_blackout,14,3,6,2,3,1644.75,4366.339,60.227,1,42.548,1236.998,10,1,629.505,N07 -> N05 -> N14 -> N11 -> N03 -> N06 -> N12 -> N09 -> N08 -> N01 -> N10 -> N02 -> N04 -> N13
public_trace_calibrated,random_heterogeneous_iot_public_trace_calibrated_seed_142,142,genetic_algorithm,14,3,6,2,3,1944.75,4821.27,112.361,0,307.698,1233.798,7,1,691.702,N07 -> N01 -> N02 -> N10 -> N14 -> N03 -> N06 -> N12 -> N11 -> N09 -> N05 -> N08 -> N04 -> N13
public_trace_calibrated,random_heterogeneous_iot_public_trace_calibrated_seed_142,142,particle_swarm,14,3,6,2,3,1787.331,3188.887,71.281,1,285.013,1235.598,9,1,192.934,N07 -> N05 -> N14 -> N03 -> N12 -> N06 -> N11 -> N09 -> N04 -> N13 -> N02 -> N10 -> N08 -> N01
public_trace_calibrated,random_heterogeneous_iot_public_trace_calibrated_seed_143,143,distance_only,14,5,4,4,1,3501.841,3583.37,256.593,0,1027.341,2193.113,10,1,0.031,N02 -> N04 -> N10 -> N12 -> N01 -> N08 -> N09 -> N07 -> N05 -> N11 -> N06 -> N03 -> N14 -> N13
public_trace_calibrated,random_heterogeneous_iot_public_trace_calibrated_seed_143,143,ordinary_collection,14,5,4,4,1,3106.199,3068.379,153.216,0,672.238,2193.013,11,1,23.16,N02 -> N05 -> N07 -> N11 -> N13 -> N06 -> N03 -> N14 -> N09 -> N08 -> N01 -> N12 -> N10 -> N04
public_trace_calibrated,random_heterogeneous_iot_public_trace_calibrated_seed_143,143,protocol_aware,14,5,4,4,1,2793.436,5859.786,73.698,1,144.578,2188.713,8,1,342.25,N02 -> N05 -> N07 -> N03 -> N14 -> N11 -> N04 -> N01 -> N12 -> N09 -> N10 -> N08 -> N13 -> N06
public_trace_calibrated,random_heterogeneous_iot_public_trace_calibrated_seed_143,143,bounded_blackout,14,5,4,4,1,2793.436,5859.786,73.698,1,144.578,2188.713,8,1,1274.308,N02 -> N05 -> N07 -> N03 -> N14 -> N11 -> N04 -> N01 -> N12 -> N09 -> N10 -> N08 -> N13 -> N06
public_trace_calibrated,random_heterogeneous_iot_public_trace_calibrated_seed_143,143,genetic_algorithm,14,5,4,4,1,2930.365,6281.274,92.672,0,244.91,2192.213,10,1,793.006,N05 -> N06 -> N13 -> N03 -> N10 -> N08 -> N04 -> N11 -> N01 -> N07 -> N14 -> N09 -> N12 -> N02
public_trace_calibrated,random_heterogeneous_iot_public_trace_calibrated_seed_143,143,particle_swarm,14,5,4,4,1,2843.084,6677.724,75.434,1,124.297,2194.413,11,1,283.561,N05 -> N06 -> N13 -> N03 -> N02 -> N04 -> N01 -> N08 -> N14 -> N11 -> N12 -> N07 -> N10 -> N09
public_trace_calibrated,random_heterogeneous_iot_public_trace_calibrated_seed_144,144,distance_only,14,2,1,3,8,2250.346,3546.19,178.503,0,530.041,1420.535,9,3,0.036,N01 -> N06 -> N02 -> N11 -> N07 -> N09 -> N08 -> N13 -> N10 -> N14 -> N04 -> N05 -> N12 -> N03
public_trace_calibrated,random_heterogeneous_iot_public_trace_calibrated_seed_144,144,ordinary_collection,14,2,1,3,8,2393.758,2791.752,258.503,0,736.027,1421.735,10,3,41.225,N01 -> N13 -> N08 -> N09 -> N07 -> N11 -> N10 -> N12 -> N03 -> N05 -> N04 -> N14 -> N02 -> N06
public_trace_calibrated,random_heterogeneous_iot_public_trace_calibrated_seed_144,144,protocol_aware,14,2,1,3,8,1948.146,4520.471,93.984,0,150.382,1415.635,6,3,144.506,N01 -> N09 -> N08 -> N13 -> N07 -> N10 -> N05 -> N04 -> N12 -> N14 -> N02 -> N06 -> N11 -> N03
public_trace_calibrated,random_heterogeneous_iot_public_trace_calibrated_seed_144,144,bounded_blackout,14,2,1,3,8,1965.186,5436.114,55.37,1,86.319,1419.335,8,3,596.775,N01 -> N06 -> N14 -> N03 -> N05 -> N07 -> N04 -> N09 -> N10 -> N02 -> N08 -> N12 -> N11 -> N13
public_trace_calibrated,random_heterogeneous_iot_public_trace_calibrated_seed_144,144,genetic_algorithm,14,2,1,3,8,1948.146,4520.471,93.984,0,150.382,1415.635,6,3,690.482,N01 -> N09 -> N08 -> N13 -> N07 -> N10 -> N05 -> N04 -> N12 -> N14 -> N02 -> N06 -> N11 -> N03
public_trace_calibrated,random_heterogeneous_iot_public_trace_calibrated_seed_144,144,particle_swarm,14,2,1,3,8,1942.707,4639.829,106.082,0,131.453,1419.035,8,3,239.723,N01 -> N09 -> N08 -> N13 -> N07 -> N10 -> N05 -> N04 -> N12 -> N14 -> N02 -> N03 -> N06 -> N11
public_trace_calibrated,random_heterogeneous_iot_public_trace_calibrated_seed_145,145,distance_only,14,1,4,1,8,2599.798,3441.184,235.278,0,734.544,1528.276,6,1,0.041,N03 -> N14 -> N08 -> N09 -> N02 -> N04 -> N12 -> N01 -> N13 -> N07 -> N10 -> N06 -> N05 -> N11
public_trace_calibrated,random_heterogeneous_iot_public_trace_calibrated_seed_145,145,ordinary_collection,14,1,4,1,8,2433.616,3192.77,133.452,0,591.487,1529.476,7,1,16.711,N03 -> N14 -> N05 -> N11 -> N06 -> N10 -> N07 -> N13 -> N12 -> N01 -> N04 -> N02 -> N09 -> N08
public_trace_calibrated,random_heterogeneous_iot_public_trace_calibrated_seed_145,145,protocol_aware,14,1,4,1,8,2239.798,5703.364,159.76,0,151.619,1529.676,7,1,160.294,N14 -> N03 -> N08 -> N02 -> N10 -> N09 -> N13 -> N01 -> N12 -> N06 -> N05 -> N04 -> N07 -> N11
public_trace_calibrated,random_heterogeneous_iot_public_trace_calibrated_seed_145,145,bounded_blackout,14,1,4,1,8,2155.047,5335.187,70.846,1,100.721,1531.876,9,1,822.947,N05 -> N02 -> N04 -> N12 -> N07 -> N09 -> N01 -> N13 -> N08 -> N06 -> N10 -> N11 -> N14 -> N03
public_trace_calibrated,random_heterogeneous_iot_public_trace_calibrated_seed_145,145,genetic_algorithm,14,1,4,1,8,2257.378,4281.469,102.851,0,307.438,1530.676,8,1,681.068,N03 -> N08 -> N04 -> N02 -> N07 -> N10 -> N09 -> N13 -> N01 -> N12 -> N06 -> N05 -> N11 -> N14
public_trace_calibrated,random_heterogeneous_iot_public_trace_calibrated_seed_145,145,particle_swarm,14,1,4,1,8,2177.801,4886.463,109.136,0,169.816,1529.476,7,1,191.733,N14 -> N08 -> N02 -> N04 -> N07 -> N09 -> N01 -> N13 -> N12 -> N06 -> N05 -> N11 -> N10 -> N03
public_trace_calibrated,random_heterogeneous_iot_public_trace_calibrated_seed_146,146,distance_only,14,3,3,1,7,2245.077,3120.6,188.98,0,748.244,1261.427,8,1,0.034,N07 -> N02 -> N08 -> N03 -> N01 -> N11 -> N06 -> N10 -> N05 -> N12 -> N09 -> N04 -> N13 -> N14
public_trace_calibrated,random_heterogeneous_iot_public_trace_calibrated_seed_146,146,ordinary_collection,14,3,3,1,7,2393.553,2732.851,237.688,0,925.971,1261.427,8,1,28.93,N07 -> N02 -> N08 -> N05 -> N12 -> N09 -> N04 -> N13 -> N14 -> N10 -> N06 -> N11 -> N01 -> N03
public_trace_calibrated,random_heterogeneous_iot_public_trace_calibrated_seed_146,146,protocol_aware,14,3,3,1,7,1729.775,4587.477,53.852,1,115.087,1268.627,11,1,220.65,N11 -> N02 -> N08 -> N10 -> N05 -> N07 -> N06 -> N14 -> N13 -> N09 -> N12 -> N04 -> N03 -> N01
public_trace_calibrated,random_heterogeneous_iot_public_trace_calibrated_seed_146,146,bounded_blackout,14,3,3,1,7,1729.775,4617.476,52.015,1,112.824,1268.627,11,1,964.539,N11 -> N02 -> N08 -> N10 -> N05 -> N07 -> N03 -> N14 -> N13 -> N09 -> N12 -> N04 -> N06 -> N01
public_trace_calibrated,random_heterogeneous_iot_public_trace_calibrated_seed_146,146,genetic_algorithm,14,3,3,1,7,1729.775,4587.477,53.852,1,115.087,1268.627,11,1,807.673,N11 -> N02 -> N08 -> N10 -> N05 -> N07 -> N06 -> N14 -> N13 -> N09 -> N12 -> N04 -> N03 -> N01
public_trace_calibrated,random_heterogeneous_iot_public_trace_calibrated_seed_146,146,particle_swarm,14,3,3,1,7,1729.775,4587.477,53.852,1,115.087,1268.627,11,1,295.218,N11 -> N02 -> N08 -> N10 -> N05 -> N07 -> N06 -> N14 -> N13 -> N09 -> N12 -> N04 -> N03 -> N01
public_trace_calibrated,random_heterogeneous_iot_public_trace_calibrated_seed_147,147,distance_only,14,3,4,4,3,2265.81,3712.193,258.785,0,1109.224,882.985,9,0,0.043,N10 -> N05 -> N06 -> N02 -> N03 -> N14 -> N08 -> N13 -> N11 -> N07 -> N12 -> N09 -> N01 -> N04
public_trace_calibrated,random_heterogeneous_iot_public_trace_calibrated_seed_147,147,ordinary_collection,14,3,4,4,3,2386.008,3131.974,302.648,0,1269.286,885.885,11,0,31.203,N10 -> N05 -> N06 -> N07 -> N11 -> N08 -> N13 -> N14 -> N03 -> N02 -> N04 -> N01 -> N12 -> N09
public_trace_calibrated,random_heterogeneous_iot_public_trace_calibrated_seed_147,147,protocol_aware,14,3,4,4,3,1623.592,4862.875,116.184,0,379.397,885.785,11,0,434.308,N05 -> N08 -> N03 -> N11 -> N14 -> N01 -> N04 -> N12 -> N09 -> N07 -> N13 -> N06 -> N02 -> N10
public_trace_calibrated,random_heterogeneous_iot_public_trace_calibrated_seed_147,147,bounded_blackout,14,3,4,4,3,1547.979,6927.493,69.052,1,153.115,884.285,10,0,1263.349,N05 -> N14 -> N07 -> N11 -> N02 -> N03 -> N04 -> N12 -> N09 -> N08 -> N10 -> N01 -> N06 -> N13
public_trace_calibrated,random_heterogeneous_iot_public_trace_calibrated_seed_147,147,genetic_algorithm,14,3,4,4,3,1623.592,4862.875,116.184,0,379.397,885.785,11,0,928.865,N05 -> N08 -> N03 -> N11 -> N14 -> N01 -> N04 -> N12 -> N09 -> N07 -> N13 -> N06 -> N02 -> N10
public_trace_calibrated,random_heterogeneous_iot_public_trace_calibrated_seed_147,147,particle_swarm,14,3,4,4,3,1623.592,4862.875,116.184,0,379.397,885.785,11,0,280.876,N05 -> N08 -> N03 -> N11 -> N14 -> N01 -> N04 -> N12 -> N09 -> N07 -> N13 -> N06 -> N02 -> N10
public_trace_calibrated,random_heterogeneous_iot_public_trace_calibrated_seed_148,148,distance_only,14,6,2,3,3,3880.234,4093.965,354.88,0,977.651,2512.828,11,3,0.086,N14 -> N04 -> N02 -> N03 -> N11 -> N13 -> N01 -> N07 -> N09 -> N06 -> N08 -> N10 -> N12 -> N05
public_trace_calibrated,random_heterogeneous_iot_public_trace_calibrated_seed_148,148,ordinary_collection,14,6,2,3,3,3823.225,3015.819,248.645,0,1023.284,2512.828,11,3,43.261,N14 -> N04 -> N02 -> N10 -> N08 -> N06 -> N09 -> N07 -> N12 -> N05 -> N01 -> N13 -> N03 -> N11
public_trace_calibrated,random_heterogeneous_iot_public_trace_calibrated_seed_148,148,protocol_aware,14,6,2,3,3,3206.875,4625.909,110.307,0,254.85,2511.628,10,3,242.132,N11 -> N02 -> N14 -> N04 -> N09 -> N06 -> N10 -> N08 -> N13 -> N07 -> N01 -> N05 -> N12 -> N03
public_trace_calibrated,random_heterogeneous_iot_public_trace_calibrated_seed_148,148,bounded_blackout,14,6,2,3,3,3100.958,4841.153,87.243,1,134.042,2506.028,7,3,1024.785,N11 -> N02 -> N14 -> N04 -> N03 -> N01 -> N06 -> N09 -> N08 -> N10 -> N13 -> N05 -> N12 -> N07
public_trace_calibrated,random_heterogeneous_iot_public_trace_calibrated_seed_148,148,genetic_algorithm,14,6,2,3,3,3170.257,4945.016,107.382,0,185.653,2513.828,11,3,999.623,N11 -> N02 -> N14 -> N04 -> N09 -> N06 -> N10 -> N08 -> N13 -> N03 -> N07 -> N01 -> N05 -> N12
public_trace_calibrated,random_heterogeneous_iot_public_trace_calibrated_seed_148,148,particle_swarm,14,6,2,3,3,3206.875,4625.909,110.307,0,254.85,2511.628,10,3,384.209,N11 -> N02 -> N14 -> N04 -> N09 -> N06 -> N10 -> N08 -> N13 -> N07 -> N01 -> N05 -> N12 -> N03
public_trace_calibrated,random_heterogeneous_iot_public_trace_calibrated_seed_149,149,distance_only,14,4,5,1,4,2867.628,4060.985,227.96,0,951.914,1533.03,11,3,0.041,N03 -> N07 -> N05 -> N02 -> N04 -> N12 -> N06 -> N11 -> N14 -> N01 -> N13 -> N08 -> N10 -> N09
public_trace_calibrated,random_heterogeneous_iot_public_trace_calibrated_seed_149,149,ordinary_collection,14,4,5,1,4,2821.937,3166.533,308.337,0,990.111,1533.43,12,3,38.591,N01 -> N13 -> N10 -> N08 -> N14 -> N06 -> N11 -> N12 -> N09 -> N04 -> N02 -> N05 -> N07 -> N03
public_trace_calibrated,random_heterogeneous_iot_public_trace_calibrated_seed_149,149,protocol_aware,14,4,5,1,4,2121.808,3966.442,96.808,0,219.403,1528.63,9,3,389.318,N02 -> N04 -> N05 -> N07 -> N09 -> N12 -> N06 -> N11 -> N08 -> N10 -> N13 -> N14 -> N01 -> N03
public_trace_calibrated,random_heterogeneous_iot_public_trace_calibrated_seed_149,149,bounded_blackout,14,4,5,1,4,2076.134,4169.573,81.493,1,148.987,1534.23,12,3,1085.028,N05 -> N07 -> N14 -> N09 -> N12 -> N04 -> N11 -> N06 -> N08 -> N10 -> N13 -> N01 -> N03 -> N02
public_trace_calibrated,random_heterogeneous_iot_public_trace_calibrated_seed_149,149,genetic_algorithm,14,4,5,1,4,2308.492,5446.413,88.135,1,264.424,1530.83,10,3,773.115,N02 -> N04 -> N05 -> N07 -> N10 -> N08 -> N06 -> N11 -> N03 -> N01 -> N13 -> N09 -> N12 -> N14
public_trace_calibrated,random_heterogeneous_iot_public_trace_calibrated_seed_149,149,particle_swarm,14,4,5,1,4,2293.715,5678.833,88.135,1,227.745,1530.83,10,3,258.278,N02 -> N04 -> N05 -> N07 -> N10 -> N08 -> N06 -> N11 -> N03 -> N14 -> N01 -> N13 -> N09 -> N12
public_trace_calibrated,random_heterogeneous_iot_public_trace_calibrated_seed_150,150,distance_only,14,8,1,3,2,5068.306,4084.713,262.606,0,1198.059,3514.036,9,3,0.037,N11 -> N12 -> N13 -> N04 -> N05 -> N08 -> N06 -> N07 -> N14 -> N10 -> N09 -> N03 -> N02 -> N01
public_trace_calibrated,random_heterogeneous_iot_public_trace_calibrated_seed_150,150,ordinary_collection,14,8,1,3,2,4933.3,3278.404,228.904,0,1133.368,3514.036,9,3,34.681,N11 -> N03 -> N10 -> N14 -> N07 -> N09 -> N06 -> N05 -> N08 -> N01 -> N02 -> N04 -> N13 -> N12
public_trace_calibrated,random_heterogeneous_iot_public_trace_calibrated_seed_150,150,protocol_aware,14,8,1,3,2,4667.389,6426.747,136.16,0,590.702,3516.236,10,3,347.979,N01 -> N10 -> N11 -> N04 -> N07 -> N06 -> N08 -> N14 -> N02 -> N05 -> N09 -> N03 -> N13 -> N12
public_trace_calibrated,random_heterogeneous_iot_public_trace_calibrated_seed_150,150,bounded_blackout,14,8,1,3,2,4667.389,5396.743,116.239,0,680.525,3516.236,10,3,991.302,N14 -> N10 -> N11 -> N04 -> N07 -> N06 -> N08 -> N05 -> N02 -> N01 -> N09 -> N03 -> N13 -> N12
public_trace_calibrated,random_heterogeneous_iot_public_trace_calibrated_seed_150,150,genetic_algorithm,14,8,1,3,2,4690.528,7436.973,116.239,0,525.744,3516.236,10,3,751.906,N01 -> N10 -> N11 -> N04 -> N07 -> N06 -> N08 -> N14 -> N02 -> N12 -> N09 -> N03 -> N13 -> N05
public_trace_calibrated,random_heterogeneous_iot_public_trace_calibrated_seed_150,150,particle_swarm,14,8,1,3,2,4616.886,7146.046,116.239,0,477.472,3516.236,10,3,262.758,N01 -> N10 -> N11 -> N04 -> N07 -> N08 -> N06 -> N03 -> N14 -> N02 -> N12 -> N09 -> N05 -> N13
