profile_variant,scenario,scenario_seed,planner,total_time_s,max_blackout_s,mean_gap_s,average_silence_age_s,mean_collection_completion_s,meets_90s_budget,runtime_ms,route
public_trace_calibrated,random_heterogeneous_iot_public_trace_calibrated_seed_101,101,protocol_aware_time,1113.574,95.475,40.734,15.763,698.733,0,182.528,N03 -> N11 -> N06 -> N08 -> N01 -> N02 -> N13 -> N04 -> N05 -> N09 -> N14 -> N07 -> N12 -> N10
public_trace_calibrated,random_heterogeneous_iot_public_trace_calibrated_seed_101,101,soft_penalty_w12,1199.616,82.177,46.47,16.831,412.707,1,138.329,N09 -> N07 -> N06 -> N12 -> N01 -> N02 -> N03 -> N04 -> N05 -> N10 -> N14 -> N13 -> N08 -> N11
public_trace_calibrated,random_heterogeneous_iot_public_trace_calibrated_seed_101,101,average_gap,1092.759,66.263,39.346,13.073,585.463,1,499.13,N05 -> N10 -> N04 -> N09 -> N08 -> N13 -> N01 -> N11 -> N02 -> N12 -> N06 -> N14 -> N07 -> N03
public_trace_calibrated,random_heterogeneous_iot_public_trace_calibrated_seed_101,101,freshness_focused,1332.759,155.722,55.346,23.844,490.346,0,551.841,N14 -> N10 -> N02 -> N06 -> N12 -> N08 -> N05 -> N01 -> N13 -> N04 -> N09 -> N11 -> N07 -> N03
public_trace_calibrated,random_heterogeneous_iot_public_trace_calibrated_seed_101,101,bounded_beta90,1113.574,64.288,40.734,12.85,666.602,1,1005.782,N07 -> N06 -> N11 -> N12 -> N01 -> N02 -> N13 -> N04 -> N05 -> N09 -> N14 -> N03 -> N08 -> N10
public_trace_calibrated,random_heterogeneous_iot_public_trace_calibrated_seed_102,102,protocol_aware_time,1566.591,73.463,37.136,8.122,876.795,1,155.3,N06 -> N01 -> N02 -> N05 -> N04 -> N12 -> N07 -> N03 -> N14 -> N10 -> N13 -> N08 -> N09 -> N11
public_trace_calibrated,random_heterogeneous_iot_public_trace_calibrated_seed_102,102,soft_penalty_w12,1726.591,76.577,47.802,11.225,903.753,1,154.56,N01 -> N13 -> N06 -> N04 -> N08 -> N05 -> N07 -> N12 -> N03 -> N10 -> N02 -> N14 -> N09 -> N11
public_trace_calibrated,random_heterogeneous_iot_public_trace_calibrated_seed_102,102,average_gap,1566.591,73.463,37.136,8.194,876.838,1,479.062,N06 -> N01 -> N09 -> N05 -> N04 -> N12 -> N07 -> N03 -> N14 -> N10 -> N13 -> N08 -> N02 -> N11
public_trace_calibrated,random_heterogeneous_iot_public_trace_calibrated_seed_102,102,freshness_focused,1689.712,133.802,45.344,12.501,607.522,0,557.82,N06 -> N11 -> N09 -> N14 -> N10 -> N03 -> N07 -> N05 -> N13 -> N02 -> N12 -> N08 -> N04 -> N01
public_trace_calibrated,random_heterogeneous_iot_public_trace_calibrated_seed_102,102,bounded_beta90,1566.591,56.027,37.136,7.822,1012.903,1,1330.654,N06 -> N01 -> N02 -> N12 -> N03 -> N04 -> N07 -> N05 -> N14 -> N10 -> N13 -> N08 -> N09 -> N11
public_trace_calibrated,random_heterogeneous_iot_public_trace_calibrated_seed_103,103,protocol_aware_time,1723.809,69.39,43.378,9.998,890.646,1,161.547,N14 -> N04 -> N08 -> N11 -> N09 -> N13 -> N02 -> N01 -> N07 -> N06 -> N12 -> N03 -> N05 -> N10
public_trace_calibrated,random_heterogeneous_iot_public_trace_calibrated_seed_103,103,soft_penalty_w12,1766.733,83.055,46.239,11.135,859.798,1,233.443,N01 -> N08 -> N11 -> N07 -> N12 -> N14 -> N05 -> N13 -> N09 -> N04 -> N06 -> N02 -> N10 -> N03
public_trace_calibrated,random_heterogeneous_iot_public_trace_calibrated_seed_103,103,average_gap,1723.809,69.39,43.378,9.998,890.646,1,671.229,N14 -> N04 -> N08 -> N11 -> N09 -> N13 -> N02 -> N01 -> N07 -> N06 -> N12 -> N03 -> N05 -> N10
public_trace_calibrated,random_heterogeneous_iot_public_trace_calibrated_seed_103,103,freshness_focused,2036.844,263.781,64.247,29.085,674.55,0,742.184,N14 -> N04 -> N13 -> N09 -> N01 -> N07 -> N06 -> N03 -> N02 -> N08 -> N12 -> N11 -> N10 -> N05
public_trace_calibrated,random_heterogeneous_iot_public_trace_calibrated_seed_103,103,bounded_beta90,1723.809,69.39,43.378,9.998,890.646,1,1492.762,N14 -> N04 -> N08 -> N11 -> N09 -> N13 -> N02 -> N01 -> N07 -> N06 -> N12 -> N03 -> N05 -> N10
public_trace_calibrated,random_heterogeneous_iot_public_trace_calibrated_seed_104,104,protocol_aware_time,3442.218,120.015,60.729,10.764,1995.572,0,289.542,N10 -> N14 -> N09 -> N04 -> N11 -> N01 -> N12 -> N03 -> N08 -> N07 -> N13 -> N02 -> N05 -> N06
public_trace_calibrated,random_heterogeneous_iot_public_trace_calibrated_seed_104,104,soft_penalty_w12,3471.588,97.722,62.687,10.337,1533.229,0,244.289,N11 -> N14 -> N06 -> N08 -> N13 -> N01 -> N12 -> N03 -> N04 -> N07 -> N05 -> N02 -> N10 -> N09
public_trace_calibrated,random_heterogeneous_iot_public_trace_calibrated_seed_104,104,average_gap,3442.218,120.015,60.729,10.573,2030.913,0,609.442,N10 -> N09 -> N14 -> N04 -> N11 -> N01 -> N12 -> N03 -> N08 -> N07 -> N13 -> N02 -> N05 -> N06
public_trace_calibrated,random_heterogeneous_iot_public_trace_calibrated_seed_104,104,freshness_focused,3771.588,275.336,82.687,23.364,1397.291,0,576.236,N06 -> N14 -> N04 -> N11 -> N03 -> N08 -> N12 -> N01 -> N13 -> N07 -> N05 -> N02 -> N10 -> N09
public_trace_calibrated,random_heterogeneous_iot_public_trace_calibrated_seed_104,104,bounded_beta90,3443.618,88.878,60.822,9.034,1407.592,1,1257.195,N04 -> N11 -> N03 -> N08 -> N09 -> N05 -> N07 -> N02 -> N10 -> N14 -> N13 -> N01 -> N12 -> N06
public_trace_calibrated,random_heterogeneous_iot_public_trace_calibrated_seed_105,105,protocol_aware_time,1411.227,83.83,39.826,10.668,920.957,1,290.023,N04 -> N08 -> N06 -> N07 -> N09 -> N12 -> N03 -> N13 -> N11 -> N14 -> N01 -> N10 -> N05 -> N02
public_trace_calibrated,random_heterogeneous_iot_public_trace_calibrated_seed_105,105,soft_penalty_w12,1647.969,89.857,55.609,15.507,838.88,1,234.382,N14 -> N05 -> N10 -> N02 -> N04 -> N09 -> N08 -> N12 -> N07 -> N13 -> N03 -> N06 -> N01 -> N11
public_trace_calibrated,random_heterogeneous_iot_public_trace_calibrated_seed_105,105,average_gap,1411.227,102.613,39.826,11.183,911.516,0,855.265,N05 -> N08 -> N06 -> N07 -> N09 -> N12 -> N03 -> N13 -> N11 -> N14 -> N04 -> N10 -> N01 -> N02
public_trace_calibrated,random_heterogeneous_iot_public_trace_calibrated_seed_105,105,freshness_focused,1540.21,96.195,48.425,15.32,596.944,0,785.782,N10 -> N02 -> N11 -> N05 -> N01 -> N03 -> N06 -> N13 -> N09 -> N07 -> N14 -> N04 -> N12 -> N08
public_trace_calibrated,random_heterogeneous_iot_public_trace_calibrated_seed_105,105,bounded_beta90,1411.227,69.087,39.826,9.944,920.957,1,1639.933,N14 -> N08 -> N06 -> N07 -> N09 -> N12 -> N03 -> N13 -> N11 -> N04 -> N01 -> N10 -> N05 -> N02
public_trace_calibrated,random_heterogeneous_iot_public_trace_calibrated_seed_106,106,protocol_aware_time,2237.019,99.02,47.949,9.745,1121.439,0,316.536,N06 -> N13 -> N08 -> N07 -> N04 -> N09 -> N11 -> N01 -> N02 -> N14 -> N12 -> N05 -> N10 -> N03
public_trace_calibrated,random_heterogeneous_iot_public_trace_calibrated_seed_106,106,soft_penalty_w12,2517.674,105.504,66.66,15.215,1370.9,0,193.53,N02 -> N07 -> N06 -> N03 -> N14 -> N09 -> N11 -> N04 -> N12 -> N10 -> N08 -> N01 -> N05 -> N13
public_trace_calibrated,random_heterogeneous_iot_public_trace_calibrated_seed_106,106,average_gap,2167.842,71.519,43.337,7.601,1185.69,1,974.081,N06 -> N13 -> N03 -> N09 -> N14 -> N07 -> N11 -> N01 -> N05 -> N08 -> N02 -> N12 -> N10 -> N04
public_trace_calibrated,random_heterogeneous_iot_public_trace_calibrated_seed_106,106,freshness_focused,2972.377,296.127,96.973,46.822,870.124,0,871.362,N07 -> N04 -> N01 -> N08 -> N03 -> N06 -> N11 -> N09 -> N10 -> N12 -> N02 -> N13 -> N05 -> N14
public_trace_calibrated,random_heterogeneous_iot_public_trace_calibrated_seed_106,106,bounded_beta90,2237.019,73.3,47.949,8.71,1144.291,1,1789.001,N07 -> N13 -> N08 -> N06 -> N12 -> N11 -> N09 -> N01 -> N02 -> N14 -> N04 -> N05 -> N10 -> N03
public_trace_calibrated,random_heterogeneous_iot_public_trace_calibrated_seed_107,107,protocol_aware_time,1129.288,69.841,35.82,10.745,723.15,1,156.676,N11 -> N14 -> N10 -> N02 -> N05 -> N07 -> N01 -> N09 -> N12 -> N13 -> N08 -> N04 -> N06 -> N03
public_trace_calibrated,random_heterogeneous_iot_public_trace_calibrated_seed_107,107,soft_penalty_w12,1254.368,88.436,44.159,15.083,789.187,1,208.232,N11 -> N07 -> N10 -> N02 -> N05 -> N06 -> N12 -> N01 -> N09 -> N03 -> N14 -> N13 -> N08 -> N04
public_trace_calibrated,random_heterogeneous_iot_public_trace_calibrated_seed_107,107,average_gap,1129.288,69.841,35.82,10.745,723.15,1,495.261,N11 -> N14 -> N10 -> N02 -> N05 -> N07 -> N01 -> N09 -> N12 -> N13 -> N08 -> N04 -> N06 -> N03
public_trace_calibrated,random_heterogeneous_iot_public_trace_calibrated_seed_107,107,freshness_focused,1316.178,101.7,48.279,17.841,557.086,0,514.16,N11 -> N07 -> N05 -> N02 -> N09 -> N14 -> N13 -> N12 -> N10 -> N04 -> N06 -> N03 -> N08 -> N01
public_trace_calibrated,random_heterogeneous_iot_public_trace_calibrated_seed_107,107,bounded_beta90,1129.288,69.841,35.82,10.745,723.15,1,1228.067,N11 -> N14 -> N10 -> N02 -> N05 -> N07 -> N01 -> N09 -> N12 -> N13 -> N08 -> N04 -> N06 -> N03
public_trace_calibrated,random_heterogeneous_iot_public_trace_calibrated_seed_108,108,protocol_aware_time,3243.011,156.333,70.185,14.508,1257.558,0,397.022,N14 -> N01 -> N07 -> N12 -> N06 -> N08 -> N13 -> N05 -> N04 -> N03 -> N09 -> N10 -> N02 -> N11
public_trace_calibrated,random_heterogeneous_iot_public_trace_calibrated_seed_108,108,soft_penalty_w12,3267.153,99.425,71.794,12.987,1524.691,0,347.597,N12 -> N08 -> N13 -> N01 -> N05 -> N07 -> N04 -> N03 -> N09 -> N10 -> N11 -> N14 -> N06 -> N02
public_trace_calibrated,random_heterogeneous_iot_public_trace_calibrated_seed_108,108,average_gap,3243.011,156.333,70.184,14.278,1250.709,0,1112.05,N14 -> N01 -> N07 -> N12 -> N06 -> N08 -> N05 -> N13 -> N04 -> N03 -> N09 -> N10 -> N02 -> N11
public_trace_calibrated,random_heterogeneous_iot_public_trace_calibrated_seed_108,108,freshness_focused,3543.011,263.436,90.185,29.628,1100.479,0,1016.882,N14 -> N01 -> N06 -> N13 -> N05 -> N08 -> N10 -> N04 -> N12 -> N03 -> N09 -> N07 -> N02 -> N11
public_trace_calibrated,random_heterogeneous_iot_public_trace_calibrated_seed_108,108,bounded_beta90,3267.153,99.425,71.794,12.987,1524.691,0,2243.211,N12 -> N08 -> N13 -> N01 -> N05 -> N07 -> N04 -> N03 -> N09 -> N10 -> N11 -> N14 -> N06 -> N02
public_trace_calibrated,random_heterogeneous_iot_public_trace_calibrated_seed_109,109,protocol_aware_time,3091.974,179.901,57.187,13.748,1482.413,0,188.778,N07 -> N05 -> N13 -> N11 -> N06 -> N01 -> N14 -> N02 -> N09 -> N03 -> N10 -> N04 -> N08 -> N12
public_trace_calibrated,random_heterogeneous_iot_public_trace_calibrated_seed_109,109,soft_penalty_w12,3136.999,86.505,60.189,9.643,1556.038,1,200.144,N10 -> N01 -> N04 -> N06 -> N12 -> N02 -> N09 -> N05 -> N08 -> N03 -> N11 -> N13 -> N07 -> N14
public_trace_calibrated,random_heterogeneous_iot_public_trace_calibrated_seed_109,109,average_gap,3027.031,110.675,52.858,8.985,1991.228,0,622.275,N12 -> N04 -> N08 -> N03 -> N10 -> N09 -> N05 -> N07 -> N13 -> N11 -> N06 -> N02 -> N14 -> N01
public_trace_calibrated,random_heterogeneous_iot_public_trace_calibrated_seed_109,109,freshness_focused,3127.141,123.271,59.532,10.908,1355.079,0,545.728,N06 -> N04 -> N10 -> N03 -> N13 -> N01 -> N12 -> N09 -> N08 -> N14 -> N11 -> N02 -> N05 -> N07
public_trace_calibrated,random_heterogeneous_iot_public_trace_calibrated_seed_109,109,bounded_beta90,3136.999,86.13,60.189,9.579,1556.505,1,1239.06,N10 -> N01 -> N04 -> N03 -> N12 -> N02 -> N09 -> N05 -> N08 -> N06 -> N11 -> N13 -> N07 -> N14
public_trace_calibrated,random_heterogeneous_iot_public_trace_calibrated_seed_110,110,protocol_aware_time,2357.13,119.177,48.772,10.848,643.366,0,176.694,N07 -> N09 -> N13 -> N08 -> N11 -> N12 -> N01 -> N10 -> N06 -> N04 -> N05 -> N02 -> N03 -> N14
public_trace_calibrated,random_heterogeneous_iot_public_trace_calibrated_seed_110,110,soft_penalty_w12,2349.956,81.354,48.294,9.047,788.021,1,292.741,N14 -> N09 -> N08 -> N11 -> N13 -> N12 -> N01 -> N10 -> N06 -> N05 -> N04 -> N07 -> N02 -> N03
public_trace_calibrated,random_heterogeneous_iot_public_trace_calibrated_seed_110,110,average_gap,2349.956,90.26,48.294,9.318,584.778,0,654.519,N07 -> N09 -> N11 -> N08 -> N05 -> N12 -> N01 -> N10 -> N06 -> N04 -> N13 -> N14 -> N02 -> N03
public_trace_calibrated,random_heterogeneous_iot_public_trace_calibrated_seed_110,110,freshness_focused,2476.867,159.733,56.754,14.768,556.138,0,663.735,N07 -> N06 -> N10 -> N08 -> N11 -> N12 -> N01 -> N13 -> N09 -> N04 -> N05 -> N14 -> N03 -> N02
public_trace_calibrated,random_heterogeneous_iot_public_trace_calibrated_seed_110,110,bounded_beta90,2352.156,69.65,48.44,8.145,1089.659,1,1701.606,N06 -> N04 -> N05 -> N01 -> N13 -> N02 -> N09 -> N11 -> N12 -> N08 -> N14 -> N10 -> N07 -> N03
public_trace_calibrated,random_heterogeneous_iot_public_trace_calibrated_seed_111,111,protocol_aware_time,2523.104,131.46,53.829,11.903,1603.764,0,285.096,N04 -> N03 -> N09 -> N11 -> N10 -> N05 -> N08 -> N01 -> N06 -> N12 -> N02 -> N07 -> N13 -> N14
public_trace_calibrated,random_heterogeneous_iot_public_trace_calibrated_seed_111,111,soft_penalty_w12,2673.568,94.373,63.86,12.57,1523.395,0,383.115,N14 -> N03 -> N09 -> N05 -> N07 -> N06 -> N08 -> N01 -> N12 -> N13 -> N11 -> N04 -> N02 -> N10
public_trace_calibrated,random_heterogeneous_iot_public_trace_calibrated_seed_111,111,average_gap,2512.58,100.382,53.127,10.407,1447.059,0,685.871,N14 -> N11 -> N09 -> N06 -> N07 -> N01 -> N04 -> N03 -> N05 -> N08 -> N02 -> N10 -> N13 -> N12
public_trace_calibrated,random_heterogeneous_iot_public_trace_calibrated_seed_111,111,freshness_focused,2881.735,204.744,77.738,26.288,710.061,0,677.873,N12 -> N10 -> N03 -> N14 -> N11 -> N07 -> N02 -> N06 -> N01 -> N05 -> N04 -> N08 -> N13 -> N09
public_trace_calibrated,random_heterogeneous_iot_public_trace_calibrated_seed_111,111,bounded_beta90,2562.514,88.332,56.456,10.702,1583.712,1,1416.05,N14 -> N04 -> N09 -> N12 -> N11 -> N03 -> N07 -> N06 -> N05 -> N08 -> N02 -> N13 -> N01 -> N10
public_trace_calibrated,random_heterogeneous_iot_public_trace_calibrated_seed_112,112,protocol_aware_time,3466.383,172.158,61.005,12.767,2161.993,0,244.243,N13 -> N14 -> N12 -> N06 -> N08 -> N03 -> N07 -> N04 -> N01 -> N05 -> N10 -> N09 -> N11 -> N02
public_trace_calibrated,random_heterogeneous_iot_public_trace_calibrated_seed_112,112,soft_penalty_w12,3578.418,109.099,68.474,11.595,2020.381,0,296.19,N07 -> N05 -> N03 -> N13 -> N11 -> N14 -> N02 -> N10 -> N01 -> N04 -> N12 -> N09 -> N08 -> N06
public_trace_calibrated,random_heterogeneous_iot_public_trace_calibrated_seed_112,112,average_gap,3466.383,107.428,61.005,9.749,1900.141,0,773.09,N12 -> N14 -> N08 -> N06 -> N07 -> N03 -> N13 -> N04 -> N01 -> N05 -> N10 -> N09 -> N11 -> N02
public_trace_calibrated,random_heterogeneous_iot_public_trace_calibrated_seed_112,112,freshness_focused,3576.218,146.188,68.328,14.485,1113.14,0,729.437,N02 -> N03 -> N12 -> N04 -> N07 -> N11 -> N01 -> N10 -> N08 -> N09 -> N05 -> N13 -> N14 -> N06
public_trace_calibrated,random_heterogeneous_iot_public_trace_calibrated_seed_112,112,bounded_beta90,3276.218,91.85,48.328,6.49,1622.249,0,1590.871,N07 -> N03 -> N05 -> N10 -> N04 -> N01 -> N11 -> N02 -> N09 -> N14 -> N12 -> N08 -> N13 -> N06
public_trace_calibrated,random_heterogeneous_iot_public_trace_calibrated_seed_113,113,protocol_aware_time,2623.107,192.974,57.778,15.321,1084.49,0,268.68,N08 -> N03 -> N09 -> N07 -> N05 -> N13 -> N10 -> N12 -> N02 -> N11 -> N01 -> N06 -> N14 -> N04
public_trace_calibrated,random_heterogeneous_iot_public_trace_calibrated_seed_113,113,soft_penalty_w12,2752.863,112.974,66.428,14.497,1586.623,0,172.195,N08 -> N02 -> N03 -> N06 -> N05 -> N13 -> N10 -> N12 -> N11 -> N01 -> N14 -> N04 -> N09 -> N07
public_trace_calibrated,random_heterogeneous_iot_public_trace_calibrated_seed_113,113,average_gap,2620.907,185.161,57.631,14.954,950.913,0,681.039,N14 -> N03 -> N09 -> N06 -> N05 -> N13 -> N10 -> N12 -> N02 -> N11 -> N01 -> N07 -> N08 -> N04
public_trace_calibrated,random_heterogeneous_iot_public_trace_calibrated_seed_113,113,freshness_focused,2923.107,212.302,77.778,23.901,940.418,0,673.665,N05 -> N03 -> N09 -> N07 -> N12 -> N10 -> N14 -> N02 -> N08 -> N13 -> N01 -> N06 -> N11 -> N04
public_trace_calibrated,random_heterogeneous_iot_public_trace_calibrated_seed_113,113,bounded_beta90,2632.863,76.225,58.428,10.302,1270.944,1,1394.07,N10 -> N03 -> N13 -> N06 -> N05 -> N14 -> N11 -> N08 -> N02 -> N04 -> N12 -> N09 -> N01 -> N07
public_trace_calibrated,random_heterogeneous_iot_public_trace_calibrated_seed_114,114,protocol_aware_time,1982.756,112.296,46.347,10.06,737.129,0,266.71,N10 -> N07 -> N08 -> N05 -> N02 -> N01 -> N14 -> N03 -> N04 -> N06 -> N11 -> N09 -> N13 -> N12
public_trace_calibrated,random_heterogeneous_iot_public_trace_calibrated_seed_114,114,soft_penalty_w12,2012.644,88.949,48.339,10.002,626.341,1,117.103,N10 -> N07 -> N08 -> N05 -> N02 -> N01 -> N14 -> N13 -> N04 -> N06 -> N11 -> N09 -> N12 -> N03
public_trace_calibrated,random_heterogeneous_iot_public_trace_calibrated_seed_114,114,average_gap,1982.756,104.628,46.346,9.891,742.843,0,831.081,N10 -> N07 -> N08 -> N05 -> N02 -> N01 -> N06 -> N03 -> N04 -> N14 -> N11 -> N09 -> N13 -> N12
public_trace_calibrated,random_heterogeneous_iot_public_trace_calibrated_seed_114,114,freshness_focused,2012.644,104.442,48.339,10.59,625.962,0,780.424,N10 -> N07 -> N08 -> N05 -> N02 -> N01 -> N14 -> N13 -> N06 -> N04 -> N11 -> N09 -> N12 -> N03
public_trace_calibrated,random_heterogeneous_iot_public_trace_calibrated_seed_114,114,bounded_beta90,1982.756,69.971,46.347,9.02,746.293,1,2098.563,N10 -> N07 -> N08 -> N05 -> N14 -> N02 -> N01 -> N03 -> N04 -> N06 -> N11 -> N09 -> N13 -> N12
public_trace_calibrated,random_heterogeneous_iot_public_trace_calibrated_seed_115,115,protocol_aware_time,1698.559,92.662,50.814,13.807,820.497,0,199.978,N03 -> N05 -> N06 -> N01 -> N14 -> N10 -> N04 -> N09 -> N11 -> N12 -> N13 -> N02 -> N08 -> N07
public_trace_calibrated,random_heterogeneous_iot_public_trace_calibrated_seed_115,115,soft_penalty_w12,1852.303,90.98,61.064,17.374,965.195,0,191.11,N04 -> N09 -> N05 -> N10 -> N06 -> N14 -> N02 -> N08 -> N13 -> N07 -> N01 -> N11 -> N12 -> N03
public_trace_calibrated,random_heterogeneous_iot_public_trace_calibrated_seed_115,115,average_gap,1671.171,130.159,48.988,15.608,998.871,0,582.885,N06 -> N07 -> N11 -> N04 -> N14 -> N08 -> N02 -> N09 -> N10 -> N13 -> N12 -> N03 -> N05 -> N01
public_trace_calibrated,random_heterogeneous_iot_public_trace_calibrated_seed_115,115,freshness_focused,1916.14,198.353,65.32,25.418,643.289,0,571.686,N12 -> N07 -> N01 -> N05 -> N14 -> N03 -> N04 -> N02 -> N09 -> N10 -> N06 -> N11 -> N13 -> N08
public_trace_calibrated,random_heterogeneous_iot_public_trace_calibrated_seed_115,115,bounded_beta90,1550.361,77.792,40.934,9.623,587.26,1,1169.181,N05 -> N01 -> N12 -> N03 -> N07 -> N11 -> N02 -> N08 -> N14 -> N06 -> N04 -> N09 -> N10 -> N13
public_trace_calibrated,random_heterogeneous_iot_public_trace_calibrated_seed_116,116,protocol_aware_time,2293.068,87.615,49.958,9.57,1133.17,1,483.855,N08 -> N02 -> N07 -> N09 -> N10 -> N12 -> N06 -> N04 -> N03 -> N05 -> N11 -> N01 -> N14 -> N13
public_trace_calibrated,random_heterogeneous_iot_public_trace_calibrated_seed_116,116,soft_penalty_w12,2530.834,91.99,65.809,14.123,1542.581,0,240.669,N04 -> N08 -> N06 -> N09 -> N13 -> N01 -> N05 -> N02 -> N10 -> N07 -> N12 -> N14 -> N03 -> N11
public_trace_calibrated,random_heterogeneous_iot_public_trace_calibrated_seed_116,116,average_gap,2293.068,87.615,49.958,9.57,1133.17,1,1170.732,N08 -> N02 -> N07 -> N09 -> N10 -> N12 -> N06 -> N04 -> N03 -> N05 -> N11 -> N01 -> N14 -> N13
public_trace_calibrated,random_heterogeneous_iot_public_trace_calibrated_seed_116,116,freshness_focused,2640.631,195.776,73.129,21.02,979.481,0,1190.241,N08 -> N02 -> N07 -> N12 -> N13 -> N10 -> N06 -> N01 -> N03 -> N05 -> N04 -> N11 -> N09 -> N14
public_trace_calibrated,random_heterogeneous_iot_public_trace_calibrated_seed_116,116,bounded_beta90,2293.068,87.615,49.958,9.57,1133.17,1,2435.843,N08 -> N02 -> N07 -> N09 -> N10 -> N12 -> N06 -> N04 -> N03 -> N05 -> N11 -> N01 -> N14 -> N13
public_trace_calibrated,random_heterogeneous_iot_public_trace_calibrated_seed_117,117,protocol_aware_time,1719.612,136.056,53.353,16.493,725.495,0,214.904,N14 -> N10 -> N12 -> N04 -> N02 -> N03 -> N11 -> N13 -> N09 -> N06 -> N07 -> N01 -> N08 -> N05
public_trace_calibrated,random_heterogeneous_iot_public_trace_calibrated_seed_117,117,soft_penalty_w12,1765.966,91.496,56.444,15.687,851.431,0,184.897,N05 -> N12 -> N02 -> N01 -> N08 -> N09 -> N04 -> N10 -> N14 -> N07 -> N03 -> N11 -> N13 -> N06
public_trace_calibrated,random_heterogeneous_iot_public_trace_calibrated_seed_117,117,average_gap,1657.907,165.01,49.24,18.045,984.914,0,506.588,N04 -> N08 -> N14 -> N05 -> N12 -> N09 -> N02 -> N06 -> N11 -> N13 -> N03 -> N10 -> N07 -> N01
public_trace_calibrated,random_heterogeneous_iot_public_trace_calibrated_seed_117,117,freshness_focused,1976.648,324.108,70.489,40.535,609.698,0,611.782,N14 -> N05 -> N12 -> N04 -> N07 -> N03 -> N11 -> N13 -> N02 -> N10 -> N06 -> N01 -> N09 -> N08
public_trace_calibrated,random_heterogeneous_iot_public_trace_calibrated_seed_117,117,bounded_beta90,1884.219,82.725,64.327,17.515,987.051,1,1228.427,N05 -> N04 -> N08 -> N13 -> N12 -> N09 -> N10 -> N02 -> N14 -> N01 -> N06 -> N11 -> N07 -> N03
public_trace_calibrated,random_heterogeneous_iot_public_trace_calibrated_seed_118,118,protocol_aware_time,1983.819,71.395,40.104,6.998,1055.477,1,256.96,N13 -> N11 -> N08 -> N07 -> N05 -> N03 -> N02 -> N06 -> N09 -> N04 -> N14 -> N10 -> N12 -> N01
public_trace_calibrated,random_heterogeneous_iot_public_trace_calibrated_seed_118,118,soft_penalty_w12,2250.857,88.438,57.906,12.339,1380.936,1,324.339,N04 -> N13 -> N05 -> N06 -> N02 -> N08 -> N14 -> N03 -> N10 -> N09 -> N07 -> N11 -> N01 -> N12
public_trace_calibrated,random_heterogeneous_iot_public_trace_calibrated_seed_118,118,average_gap,1983.819,71.395,40.104,6.998,1055.477,1,730.609,N13 -> N11 -> N08 -> N07 -> N05 -> N03 -> N02 -> N06 -> N09 -> N04 -> N14 -> N10 -> N12 -> N01
public_trace_calibrated,random_heterogeneous_iot_public_trace_calibrated_seed_118,118,freshness_focused,2265.01,120.645,58.85,14.323,615.177,0,710.587,N12 -> N07 -> N13 -> N11 -> N08 -> N09 -> N10 -> N05 -> N04 -> N14 -> N01 -> N02 -> N06 -> N03
public_trace_calibrated,random_heterogeneous_iot_public_trace_calibrated_seed_118,118,bounded_beta90,1983.819,61.77,40.104,6.785,1055.466,1,1444.222,N13 -> N11 -> N08 -> N07 -> N05 -> N03 -> N02 -> N06 -> N09 -> N14 -> N04 -> N10 -> N12 -> N01
public_trace_calibrated,random_heterogeneous_iot_public_trace_calibrated_seed_119,119,protocol_aware_time,1775.68,133.137,49.066,14.883,1128.057,0,169.05,N11 -> N10 -> N04 -> N03 -> N13 -> N01 -> N02 -> N06 -> N07 -> N05 -> N14 -> N12 -> N08 -> N09
public_trace_calibrated,random_heterogeneous_iot_public_trace_calibrated_seed_119,119,soft_penalty_w12,1784.987,89.783,49.687,12.31,1068.564,1,251.562,N11 -> N01 -> N06 -> N10 -> N04 -> N07 -> N09 -> N03 -> N08 -> N05 -> N14 -> N12 -> N02 -> N13
public_trace_calibrated,random_heterogeneous_iot_public_trace_calibrated_seed_119,119,average_gap,1775.68,105.815,49.066,12.34,1006.521,0,652.042,N11 -> N10 -> N01 -> N08 -> N13 -> N07 -> N02 -> N06 -> N04 -> N05 -> N14 -> N12 -> N03 -> N09
public_trace_calibrated,random_heterogeneous_iot_public_trace_calibrated_seed_119,119,freshness_focused,1960.756,162.634,61.405,19.957,705.082,0,531.48,N09 -> N12 -> N13 -> N02 -> N07 -> N06 -> N04 -> N10 -> N03 -> N05 -> N14 -> N08 -> N01 -> N11
public_trace_calibrated,random_heterogeneous_iot_public_trace_calibrated_seed_119,119,bounded_beta90,1784.987,77.125,49.687,12.048,1037.255,1,1332.876,N01 -> N11 -> N08 -> N10 -> N04 -> N12 -> N06 -> N03 -> N09 -> N05 -> N14 -> N07 -> N02 -> N13
public_trace_calibrated,random_heterogeneous_iot_public_trace_calibrated_seed_120,120,protocol_aware_time,2205.407,123.347,50.436,12.987,826.706,0,279.875,N05 -> N07 -> N09 -> N08 -> N12 -> N04 -> N01 -> N11 -> N10 -> N14 -> N06 -> N03 -> N13 -> N02
public_trace_calibrated,random_heterogeneous_iot_public_trace_calibrated_seed_120,120,soft_penalty_w12,2205.407,104.96,50.436,12.592,603.371,0,259.325,N05 -> N03 -> N09 -> N08 -> N12 -> N04 -> N01 -> N11 -> N10 -> N07 -> N14 -> N06 -> N13 -> N02
public_trace_calibrated,random_heterogeneous_iot_public_trace_calibrated_seed_120,120,average_gap,2185.425,85.629,49.104,10.889,1228.625,1,717.062,N08 -> N11 -> N02 -> N10 -> N05 -> N03 -> N06 -> N13 -> N12 -> N14 -> N07 -> N04 -> N01 -> N09
public_trace_calibrated,random_heterogeneous_iot_public_trace_calibrated_seed_120,120,freshness_focused,2205.407,118.55,50.436,11.875,619.817,0,702.055,N05 -> N12 -> N09 -> N08 -> N11 -> N04 -> N01 -> N10 -> N14 -> N07 -> N06 -> N03 -> N13 -> N02
public_trace_calibrated,random_heterogeneous_iot_public_trace_calibrated_seed_120,120,bounded_beta90,2271.0,85.136,54.809,11.369,1071.849,1,1544.614,N06 -> N09 -> N10 -> N08 -> N05 -> N02 -> N01 -> N07 -> N14 -> N03 -> N11 -> N12 -> N13 -> N04
public_trace_calibrated,random_heterogeneous_iot_public_trace_calibrated_seed_121,121,protocol_aware_time,1190.12,112.669,44.066,17.028,680.863,0,216.065,N04 -> N11 -> N02 -> N06 -> N07 -> N01 -> N13 -> N08 -> N09 -> N12 -> N14 -> N03 -> N05 -> N10
public_trace_calibrated,random_heterogeneous_iot_public_trace_calibrated_seed_121,121,soft_penalty_w12,1343.414,85.686,54.286,19.896,657.971,1,242.77,N10 -> N07 -> N13 -> N06 -> N04 -> N11 -> N12 -> N08 -> N09 -> N01 -> N05 -> N03 -> N02 -> N14
public_trace_calibrated,random_heterogeneous_iot_public_trace_calibrated_seed_121,121,average_gap,1190.12,112.669,44.066,17.028,680.863,0,732.141,N04 -> N11 -> N02 -> N06 -> N07 -> N01 -> N13 -> N08 -> N09 -> N12 -> N14 -> N03 -> N05 -> N10
public_trace_calibrated,random_heterogeneous_iot_public_trace_calibrated_seed_121,121,freshness_focused,1178.502,97.279,43.292,15.457,444.931,0,782.33,N10 -> N11 -> N12 -> N06 -> N03 -> N02 -> N05 -> N14 -> N04 -> N07 -> N13 -> N08 -> N01 -> N09
public_trace_calibrated,random_heterogeneous_iot_public_trace_calibrated_seed_121,121,bounded_beta90,1191.694,74.711,44.171,14.655,691.718,1,1433.927,N13 -> N11 -> N02 -> N14 -> N07 -> N01 -> N08 -> N09 -> N04 -> N12 -> N06 -> N03 -> N05 -> N10
public_trace_calibrated,random_heterogeneous_iot_public_trace_calibrated_seed_122,122,protocol_aware_time,1472.272,84.889,37.023,9.312,705.359,1,199.667,N08 -> N13 -> N02 -> N09 -> N11 -> N10 -> N05 -> N12 -> N01 -> N14 -> N03 -> N04 -> N07 -> N06
public_trace_calibrated,random_heterogeneous_iot_public_trace_calibrated_seed_122,122,soft_penalty_w12,1879.982,85.713,64.204,17.704,733.977,1,166.519,N08 -> N06 -> N04 -> N03 -> N13 -> N01 -> N11 -> N12 -> N07 -> N05 -> N10 -> N02 -> N14 -> N09
public_trace_calibrated,random_heterogeneous_iot_public_trace_calibrated_seed_122,122,average_gap,1472.272,84.889,37.023,9.312,705.359,1,570.608,N08 -> N13 -> N02 -> N09 -> N11 -> N10 -> N05 -> N12 -> N01 -> N14 -> N03 -> N04 -> N07 -> N06
public_trace_calibrated,random_heterogeneous_iot_public_trace_calibrated_seed_122,122,freshness_focused,1877.782,352.852,64.057,46.561,404.127,0,603.94,N08 -> N13 -> N04 -> N06 -> N11 -> N10 -> N05 -> N12 -> N01 -> N14 -> N03 -> N02 -> N07 -> N09
public_trace_calibrated,random_heterogeneous_iot_public_trace_calibrated_seed_122,122,bounded_beta90,1472.272,84.889,37.023,9.312,705.359,1,1135.657,N08 -> N13 -> N02 -> N09 -> N11 -> N10 -> N05 -> N12 -> N01 -> N14 -> N03 -> N04 -> N07 -> N06
public_trace_calibrated,random_heterogeneous_iot_public_trace_calibrated_seed_123,123,protocol_aware_time,2663.087,119.474,43.596,7.116,1448.308,0,315.787,N02 -> N14 -> N11 -> N01 -> N03 -> N09 -> N06 -> N12 -> N07 -> N05 -> N08 -> N13 -> N10 -> N04
public_trace_calibrated,random_heterogeneous_iot_public_trace_calibrated_seed_123,123,soft_penalty_w12,2875.582,91.131,57.763,10.534,1138.597,0,196.87,N11 -> N08 -> N03 -> N13 -> N02 -> N10 -> N05 -> N06 -> N14 -> N01 -> N07 -> N09 -> N12 -> N04
public_trace_calibrated,random_heterogeneous_iot_public_trace_calibrated_seed_123,123,average_gap,2663.087,92.791,43.596,6.825,1482.321,0,760.159,N02 -> N14 -> N01 -> N11 -> N03 -> N09 -> N06 -> N12 -> N07 -> N05 -> N08 -> N13 -> N10 -> N04
public_trace_calibrated,random_heterogeneous_iot_public_trace_calibrated_seed_123,123,freshness_focused,2942.604,215.352,62.231,18.759,741.214,0,828.701,N02 -> N08 -> N03 -> N13 -> N06 -> N07 -> N05 -> N04 -> N11 -> N14 -> N01 -> N09 -> N12 -> N10
public_trace_calibrated,random_heterogeneous_iot_public_trace_calibrated_seed_123,123,bounded_beta90,2875.582,91.131,57.763,10.534,1138.597,0,1689.176,N11 -> N08 -> N03 -> N13 -> N02 -> N10 -> N05 -> N06 -> N14 -> N01 -> N07 -> N09 -> N12 -> N04
public_trace_calibrated,random_heterogeneous_iot_public_trace_calibrated_seed_124,124,protocol_aware_time,4201.271,107.296,61.905,8.505,1913.823,0,258.261,N01 -> N07 -> N13 -> N03 -> N02 -> N06 -> N04 -> N11 -> N12 -> N10 -> N08 -> N14 -> N05 -> N09
public_trace_calibrated,random_heterogeneous_iot_public_trace_calibrated_seed_124,124,soft_penalty_w12,4046.584,94.811,51.593,6.074,1383.995,0,394.88,N03 -> N13 -> N09 -> N11 -> N04 -> N12 -> N05 -> N08 -> N01 -> N02 -> N07 -> N14 -> N10 -> N06
public_trace_calibrated,random_heterogeneous_iot_public_trace_calibrated_seed_124,124,average_gap,4201.271,153.657,61.905,9.11,2194.956,0,760.348,N11 -> N06 -> N07 -> N13 -> N03 -> N10 -> N04 -> N01 -> N12 -> N02 -> N08 -> N14 -> N05 -> N09
public_trace_calibrated,random_heterogeneous_iot_public_trace_calibrated_seed_124,124,freshness_focused,4561.271,308.032,85.905,19.149,1808.402,0,689.323,N13 -> N08 -> N12 -> N14 -> N02 -> N06 -> N04 -> N11 -> N01 -> N10 -> N07 -> N03 -> N05 -> N09
public_trace_calibrated,random_heterogeneous_iot_public_trace_calibrated_seed_124,124,bounded_beta90,4266.011,93.008,66.221,8.435,2124.583,0,1582.374,N09 -> N07 -> N04 -> N03 -> N10 -> N06 -> N14 -> N11 -> N12 -> N02 -> N08 -> N13 -> N05 -> N01
public_trace_calibrated,random_heterogeneous_iot_public_trace_calibrated_seed_125,125,protocol_aware_time,2594.795,92.431,51.913,9.852,1209.877,0,166.532,N01 -> N05 -> N13 -> N02 -> N10 -> N04 -> N07 -> N08 -> N03 -> N11 -> N12 -> N09 -> N14 -> N06
public_trace_calibrated,random_heterogeneous_iot_public_trace_calibrated_seed_125,125,soft_penalty_w12,2698.044,91.294,58.796,11.684,1682.199,0,451.395,N02 -> N11 -> N03 -> N07 -> N14 -> N05 -> N12 -> N09 -> N04 -> N13 -> N01 -> N06 -> N08 -> N10
public_trace_calibrated,random_heterogeneous_iot_public_trace_calibrated_seed_125,125,average_gap,2514.511,107.696,46.561,9.458,1979.295,0,619.181,N07 -> N11 -> N09 -> N02 -> N06 -> N14 -> N01 -> N04 -> N03 -> N12 -> N13 -> N08 -> N10 -> N05
public_trace_calibrated,random_heterogeneous_iot_public_trace_calibrated_seed_125,125,freshness_focused,2894.795,241.941,71.913,23.506,1092.839,0,622.607,N14 -> N01 -> N13 -> N12 -> N09 -> N05 -> N03 -> N04 -> N07 -> N11 -> N02 -> N08 -> N10 -> N06
public_trace_calibrated,random_heterogeneous_iot_public_trace_calibrated_seed_125,125,bounded_beta90,2657.892,88.898,56.12,10.648,2179.551,1,1307.973,N07 -> N02 -> N06 -> N08 -> N03 -> N09 -> N14 -> N11 -> N12 -> N10 -> N04 -> N13 -> N01 -> N05
public_trace_calibrated,random_heterogeneous_iot_public_trace_calibrated_seed_126,126,protocol_aware_time,2102.207,71.923,40.021,7.067,606.355,1,287.109,N07 -> N12 -> N06 -> N04 -> N03 -> N02 -> N09 -> N05 -> N14 -> N08 -> N13 -> N11 -> N10 -> N01
public_trace_calibrated,random_heterogeneous_iot_public_trace_calibrated_seed_126,126,soft_penalty_w12,2262.046,95.865,50.677,10.62,1325.138,0,330.735,N06 -> N08 -> N02 -> N01 -> N09 -> N05 -> N13 -> N12 -> N04 -> N03 -> N14 -> N11 -> N10 -> N07
public_trace_calibrated,random_heterogeneous_iot_public_trace_calibrated_seed_126,126,average_gap,2102.207,71.923,40.021,7.067,606.355,1,652.706,N07 -> N12 -> N06 -> N04 -> N03 -> N02 -> N09 -> N05 -> N14 -> N08 -> N13 -> N11 -> N10 -> N01
public_trace_calibrated,random_heterogeneous_iot_public_trace_calibrated_seed_126,126,freshness_focused,2400.007,255.688,59.874,22.932,556.773,0,655.475,N07 -> N12 -> N06 -> N04 -> N03 -> N02 -> N09 -> N05 -> N10 -> N14 -> N13 -> N11 -> N08 -> N01
public_trace_calibrated,random_heterogeneous_iot_public_trace_calibrated_seed_126,126,bounded_beta90,2102.207,71.923,40.021,7.067,606.355,1,1536.932,N07 -> N12 -> N06 -> N04 -> N03 -> N02 -> N09 -> N05 -> N14 -> N08 -> N13 -> N11 -> N10 -> N01
public_trace_calibrated,random_heterogeneous_iot_public_trace_calibrated_seed_127,127,protocol_aware_time,2614.92,116.68,59.716,12.711,1011.906,0,371.937,N06 -> N07 -> N10 -> N12 -> N14 -> N05 -> N13 -> N08 -> N02 -> N09 -> N03 -> N01 -> N11 -> N04
public_trace_calibrated,random_heterogeneous_iot_public_trace_calibrated_seed_127,127,soft_penalty_w12,2774.366,98.94,70.345,14.462,1656.362,0,253.805,N04 -> N11 -> N03 -> N13 -> N07 -> N12 -> N08 -> N06 -> N10 -> N14 -> N09 -> N01 -> N05 -> N02
public_trace_calibrated,random_heterogeneous_iot_public_trace_calibrated_seed_127,127,average_gap,2614.92,158.186,59.715,13.535,1404.606,0,794.598,N06 -> N02 -> N01 -> N12 -> N14 -> N05 -> N07 -> N08 -> N13 -> N09 -> N03 -> N10 -> N11 -> N04
public_trace_calibrated,random_heterogeneous_iot_public_trace_calibrated_seed_127,127,freshness_focused,2914.92,197.967,79.716,25.23,938.113,0,747.386,N11 -> N02 -> N09 -> N14 -> N10 -> N12 -> N13 -> N08 -> N06 -> N07 -> N03 -> N01 -> N05 -> N04
public_trace_calibrated,random_heterogeneous_iot_public_trace_calibrated_seed_127,127,bounded_beta90,2648.493,102.403,61.954,13.273,1369.209,0,1479.027,N06 -> N11 -> N02 -> N08 -> N13 -> N03 -> N05 -> N01 -> N10 -> N14 -> N07 -> N09 -> N04 -> N12
public_trace_calibrated,random_heterogeneous_iot_public_trace_calibrated_seed_128,128,protocol_aware_time,2769.645,81.438,48.218,7.544,2005.317,1,162.904,N10 -> N07 -> N09 -> N02 -> N08 -> N03 -> N11 -> N06 -> N14 -> N01 -> N05 -> N13 -> N12 -> N04
public_trace_calibrated,random_heterogeneous_iot_public_trace_calibrated_seed_128,128,soft_penalty_w12,2772.045,86.561,48.378,7.588,1454.249,1,232.029,N10 -> N09 -> N05 -> N14 -> N07 -> N01 -> N08 -> N06 -> N02 -> N12 -> N04 -> N13 -> N03 -> N11
public_trace_calibrated,random_heterogeneous_iot_public_trace_calibrated_seed_128,128,average_gap,2769.645,81.438,48.218,7.544,2005.317,1,571.672,N10 -> N07 -> N09 -> N02 -> N08 -> N03 -> N11 -> N06 -> N14 -> N01 -> N05 -> N13 -> N12 -> N04
public_trace_calibrated,random_heterogeneous_iot_public_trace_calibrated_seed_128,128,freshness_focused,2830.848,129.548,52.298,10.58,689.961,0,582.636,N13 -> N14 -> N04 -> N01 -> N08 -> N06 -> N05 -> N02 -> N12 -> N07 -> N09 -> N10 -> N11 -> N03
public_trace_calibrated,random_heterogeneous_iot_public_trace_calibrated_seed_128,128,bounded_beta90,2769.645,81.438,48.218,7.544,2005.317,1,1308.197,N10 -> N07 -> N09 -> N02 -> N08 -> N03 -> N11 -> N06 -> N14 -> N01 -> N05 -> N13 -> N12 -> N04
public_trace_calibrated,random_heterogeneous_iot_public_trace_calibrated_seed_129,129,protocol_aware_time,1221.009,100.649,38.775,14.125,304.274,0,229.449,N13 -> N11 -> N02 -> N06 -> N08 -> N07 -> N12 -> N05 -> N14 -> N03 -> N04 -> N01 -> N09 -> N10
public_trace_calibrated,random_heterogeneous_iot_public_trace_calibrated_seed_129,129,soft_penalty_w12,1314.764,71.314,45.025,12.682,698.317,1,122.473,N11 -> N03 -> N07 -> N02 -> N01 -> N06 -> N10 -> N13 -> N08 -> N09 -> N04 -> N14 -> N05 -> N12
public_trace_calibrated,random_heterogeneous_iot_public_trace_calibrated_seed_129,129,average_gap,1221.009,100.649,38.775,13.968,303.208,0,681.713,N13 -> N11 -> N02 -> N06 -> N08 -> N07 -> N14 -> N05 -> N12 -> N03 -> N04 -> N01 -> N09 -> N10
public_trace_calibrated,random_heterogeneous_iot_public_trace_calibrated_seed_129,129,freshness_focused,1221.009,108.665,38.775,14.442,296.865,0,874.706,N13 -> N11 -> N02 -> N06 -> N08 -> N07 -> N09 -> N04 -> N01 -> N03 -> N05 -> N14 -> N12 -> N10
public_trace_calibrated,random_heterogeneous_iot_public_trace_calibrated_seed_129,129,bounded_beta90,1215.822,58.313,38.429,10.485,856.832,1,1493.588,N10 -> N11 -> N02 -> N03 -> N13 -> N04 -> N14 -> N05 -> N09 -> N06 -> N08 -> N12 -> N07 -> N01
public_trace_calibrated,random_heterogeneous_iot_public_trace_calibrated_seed_130,130,protocol_aware_time,2342.797,129.6,46.35,9.168,1417.975,0,396.087,N14 -> N05 -> N03 -> N01 -> N10 -> N09 -> N11 -> N07 -> N06 -> N04 -> N08 -> N13 -> N02 -> N12
public_trace_calibrated,random_heterogeneous_iot_public_trace_calibrated_seed_130,130,soft_penalty_w12,2594.252,89.63,63.114,12.502,1690.836,1,336.042,N09 -> N08 -> N03 -> N12 -> N01 -> N07 -> N02 -> N14 -> N05 -> N06 -> N10 -> N04 -> N11 -> N13
public_trace_calibrated,random_heterogeneous_iot_public_trace_calibrated_seed_130,130,average_gap,2338.491,94.748,46.063,8.609,1431.85,0,914.694,N02 -> N10 -> N03 -> N01 -> N05 -> N09 -> N11 -> N07 -> N06 -> N04 -> N08 -> N13 -> N14 -> N12
public_trace_calibrated,random_heterogeneous_iot_public_trace_calibrated_seed_130,130,freshness_focused,2793.458,227.126,76.394,24.911,895.113,0,890.487,N01 -> N10 -> N13 -> N14 -> N12 -> N05 -> N11 -> N07 -> N06 -> N04 -> N08 -> N03 -> N09 -> N02
public_trace_calibrated,random_heterogeneous_iot_public_trace_calibrated_seed_130,130,bounded_beta90,2338.491,85.762,46.063,8.017,1434.175,1,1991.182,N11 -> N10 -> N03 -> N05 -> N01 -> N09 -> N02 -> N07 -> N06 -> N04 -> N08 -> N13 -> N14 -> N12
public_trace_calibrated,random_heterogeneous_iot_public_trace_calibrated_seed_131,131,protocol_aware_time,2714.983,106.041,55.438,10.752,1040.826,0,362.564,N10 -> N07 -> N11 -> N03 -> N08 -> N13 -> N05 -> N06 -> N04 -> N09 -> N02 -> N14 -> N12 -> N01
public_trace_calibrated,random_heterogeneous_iot_public_trace_calibrated_seed_131,131,soft_penalty_w12,2994.812,97.6,74.093,14.83,1565.476,0,323.275,N14 -> N13 -> N08 -> N05 -> N07 -> N03 -> N10 -> N01 -> N02 -> N06 -> N09 -> N04 -> N11 -> N12
public_trace_calibrated,random_heterogeneous_iot_public_trace_calibrated_seed_131,131,average_gap,2701.28,102.502,54.524,10.382,1333.856,0,799.44,N06 -> N01 -> N08 -> N07 -> N13 -> N09 -> N02 -> N14 -> N12 -> N04 -> N03 -> N11 -> N05 -> N10
public_trace_calibrated,random_heterogeneous_iot_public_trace_calibrated_seed_131,131,freshness_focused,3098.78,231.552,81.024,24.071,847.584,0,873.11,N10 -> N07 -> N04 -> N03 -> N08 -> N13 -> N01 -> N06 -> N11 -> N02 -> N05 -> N14 -> N12 -> N09
public_trace_calibrated,random_heterogeneous_iot_public_trace_calibrated_seed_131,131,bounded_beta90,2713.591,85.47,55.345,9.428,1447.733,1,1937.247,N06 -> N09 -> N05 -> N04 -> N01 -> N13 -> N03 -> N10 -> N07 -> N11 -> N02 -> N14 -> N12 -> N08
public_trace_calibrated,random_heterogeneous_iot_public_trace_calibrated_seed_132,132,protocol_aware_time,2461.675,88.763,44.672,7.969,620.611,1,140.085,N01 -> N10 -> N14 -> N12 -> N07 -> N06 -> N04 -> N03 -> N13 -> N02 -> N08 -> N09 -> N05 -> N11
public_trace_calibrated,random_heterogeneous_iot_public_trace_calibrated_seed_132,132,soft_penalty_w12,2461.675,88.763,44.672,7.969,620.611,1,196.358,N01 -> N10 -> N14 -> N12 -> N07 -> N06 -> N04 -> N03 -> N13 -> N02 -> N08 -> N09 -> N05 -> N11
public_trace_calibrated,random_heterogeneous_iot_public_trace_calibrated_seed_132,132,average_gap,2461.675,88.763,44.672,7.969,620.611,1,434.177,N01 -> N10 -> N14 -> N12 -> N07 -> N06 -> N04 -> N03 -> N13 -> N02 -> N08 -> N09 -> N05 -> N11
public_trace_calibrated,random_heterogeneous_iot_public_trace_calibrated_seed_132,132,freshness_focused,2461.675,88.763,44.672,7.969,620.611,1,445.794,N01 -> N10 -> N14 -> N12 -> N07 -> N06 -> N04 -> N03 -> N13 -> N02 -> N08 -> N09 -> N05 -> N11
public_trace_calibrated,random_heterogeneous_iot_public_trace_calibrated_seed_132,132,bounded_beta90,2461.675,88.763,44.672,7.969,620.611,1,1117.025,N01 -> N10 -> N14 -> N12 -> N07 -> N06 -> N04 -> N03 -> N13 -> N02 -> N08 -> N09 -> N05 -> N11
public_trace_calibrated,random_heterogeneous_iot_public_trace_calibrated_seed_133,133,protocol_aware_time,3264.592,142.271,56.592,10.512,1082.733,0,282.548,N09 -> N01 -> N13 -> N04 -> N03 -> N12 -> N05 -> N06 -> N02 -> N14 -> N10 -> N07 -> N11 -> N08
public_trace_calibrated,random_heterogeneous_iot_public_trace_calibrated_seed_133,133,soft_penalty_w12,3295.443,89.45,58.649,8.965,1403.093,1,323.783,N01 -> N13 -> N03 -> N04 -> N07 -> N10 -> N05 -> N06 -> N08 -> N14 -> N12 -> N02 -> N09 -> N11
public_trace_calibrated,random_heterogeneous_iot_public_trace_calibrated_seed_133,133,average_gap,3264.592,142.271,56.592,10.476,1084.705,0,803.597,N04 -> N01 -> N13 -> N09 -> N03 -> N12 -> N05 -> N06 -> N02 -> N14 -> N10 -> N07 -> N11 -> N08
public_trace_calibrated,random_heterogeneous_iot_public_trace_calibrated_seed_133,133,freshness_focused,3486.319,213.973,71.374,17.672,1000.764,0,768.527,N09 -> N01 -> N13 -> N04 -> N07 -> N06 -> N05 -> N12 -> N08 -> N14 -> N10 -> N02 -> N11 -> N03
public_trace_calibrated,random_heterogeneous_iot_public_trace_calibrated_seed_133,133,bounded_beta90,3266.792,81.965,56.739,8.273,1672.839,1,2042.46,N11 -> N09 -> N01 -> N04 -> N03 -> N14 -> N05 -> N06 -> N02 -> N13 -> N10 -> N07 -> N12 -> N08
public_trace_calibrated,random_heterogeneous_iot_public_trace_calibrated_seed_134,134,protocol_aware_time,1295.733,104.843,40.511,13.183,449.805,0,269.226,N04 -> N05 -> N14 -> N08 -> N12 -> N01 -> N07 -> N09 -> N13 -> N03 -> N10 -> N06 -> N11 -> N02
public_trace_calibrated,random_heterogeneous_iot_public_trace_calibrated_seed_134,134,soft_penalty_w12,1388.888,76.272,46.721,13.599,536.302,1,212.493,N04 -> N05 -> N14 -> N08 -> N12 -> N03 -> N07 -> N09 -> N01 -> N10 -> N02 -> N11 -> N06 -> N13
public_trace_calibrated,random_heterogeneous_iot_public_trace_calibrated_seed_134,134,average_gap,1295.733,92.716,40.511,12.105,455.942,0,870.072,N04 -> N05 -> N14 -> N08 -> N12 -> N01 -> N07 -> N09 -> N03 -> N13 -> N10 -> N06 -> N11 -> N02
public_trace_calibrated,random_heterogeneous_iot_public_trace_calibrated_seed_134,134,freshness_focused,1459.596,172.479,51.435,25.392,377.008,0,1027.24,N04 -> N05 -> N14 -> N08 -> N13 -> N01 -> N07 -> N09 -> N12 -> N06 -> N02 -> N03 -> N11 -> N10
public_trace_calibrated,random_heterogeneous_iot_public_trace_calibrated_seed_134,134,bounded_beta90,1295.733,54.701,40.511,9.849,524.3,1,1786.444,N04 -> N07 -> N03 -> N01 -> N14 -> N12 -> N13 -> N09 -> N05 -> N10 -> N08 -> N06 -> N11 -> N02
public_trace_calibrated,random_heterogeneous_iot_public_trace_calibrated_seed_135,135,protocol_aware_time,3535.764,112.069,47.779,6.381,2659.462,0,326.136,N08 -> N04 -> N01 -> N05 -> N12 -> N10 -> N06 -> N03 -> N14 -> N07 -> N09 -> N13 -> N02 -> N11
public_trace_calibrated,random_heterogeneous_iot_public_trace_calibrated_seed_135,135,soft_penalty_w12,3648.665,87.52,55.306,7.275,1762.96,1,442.535,N12 -> N01 -> N04 -> N14 -> N05 -> N09 -> N07 -> N02 -> N03 -> N06 -> N08 -> N11 -> N13 -> N10
public_trace_calibrated,random_heterogeneous_iot_public_trace_calibrated_seed_135,135,average_gap,3535.764,112.069,47.779,6.381,2659.462,0,980.69,N08 -> N04 -> N01 -> N05 -> N12 -> N10 -> N06 -> N03 -> N14 -> N07 -> N09 -> N13 -> N02 -> N11
public_trace_calibrated,random_heterogeneous_iot_public_trace_calibrated_seed_135,135,freshness_focused,4133.982,316.055,87.66,28.093,1384.333,0,976.135,N13 -> N12 -> N14 -> N10 -> N01 -> N11 -> N02 -> N05 -> N04 -> N06 -> N07 -> N03 -> N08 -> N09
public_trace_calibrated,random_heterogeneous_iot_public_trace_calibrated_seed_135,135,bounded_beta90,3488.591,77.413,44.634,4.999,930.011,1,2149.146,N13 -> N09 -> N10 -> N05 -> N01 -> N14 -> N12 -> N11 -> N06 -> N03 -> N07 -> N02 -> N08 -> N04
public_trace_calibrated,random_heterogeneous_iot_public_trace_calibrated_seed_136,136,protocol_aware_time,1565.853,78.463,42.795,10.302,791.141,1,259.1,N05 -> N10 -> N04 -> N06 -> N12 -> N03 -> N13 -> N01 -> N02 -> N11 -> N08 -> N14 -> N09 -> N07
public_trace_calibrated,random_heterogeneous_iot_public_trace_calibrated_seed_136,136,soft_penalty_w12,1624.603,87.186,46.712,12.698,905.657,1,300.31,N04 -> N11 -> N02 -> N08 -> N06 -> N10 -> N14 -> N09 -> N07 -> N13 -> N01 -> N03 -> N12 -> N05
public_trace_calibrated,random_heterogeneous_iot_public_trace_calibrated_seed_136,136,average_gap,1565.853,78.463,42.795,10.302,791.141,1,876.92,N05 -> N10 -> N04 -> N06 -> N12 -> N03 -> N13 -> N01 -> N02 -> N11 -> N08 -> N14 -> N09 -> N07
public_trace_calibrated,random_heterogeneous_iot_public_trace_calibrated_seed_136,136,freshness_focused,1809.978,278.108,59.07,31.334,511.644,0,816.327,N05 -> N07 -> N10 -> N14 -> N01 -> N06 -> N11 -> N04 -> N02 -> N09 -> N13 -> N12 -> N08 -> N03
public_trace_calibrated,random_heterogeneous_iot_public_trace_calibrated_seed_136,136,bounded_beta90,1565.853,67.985,42.796,9.804,759.365,1,1744.028,N03 -> N10 -> N11 -> N06 -> N13 -> N12 -> N05 -> N01 -> N02 -> N04 -> N08 -> N14 -> N09 -> N07
public_trace_calibrated,random_heterogeneous_iot_public_trace_calibrated_seed_137,137,protocol_aware_time,1928.967,118.127,53.083,15.822,643.004,0,377.76,N10 -> N13 -> N11 -> N05 -> N06 -> N02 -> N04 -> N08 -> N09 -> N07 -> N14 -> N12 -> N03 -> N01
public_trace_calibrated,random_heterogeneous_iot_public_trace_calibrated_seed_137,137,soft_penalty_w12,1868.619,74.013,49.06,11.05,1167.396,1,496.948,N12 -> N03 -> N04 -> N05 -> N01 -> N13 -> N11 -> N09 -> N02 -> N08 -> N10 -> N07 -> N06 -> N14
public_trace_calibrated,random_heterogeneous_iot_public_trace_calibrated_seed_137,137,average_gap,1928.967,118.127,53.083,15.822,643.004,0,993.523,N10 -> N13 -> N11 -> N05 -> N06 -> N02 -> N04 -> N08 -> N09 -> N07 -> N14 -> N12 -> N03 -> N01
public_trace_calibrated,random_heterogeneous_iot_public_trace_calibrated_seed_137,137,freshness_focused,2226.767,327.112,72.936,38.749,547.019,0,1014.798,N10 -> N13 -> N11 -> N05 -> N06 -> N02 -> N04 -> N03 -> N09 -> N07 -> N14 -> N12 -> N08 -> N01
public_trace_calibrated,random_heterogeneous_iot_public_trace_calibrated_seed_137,137,bounded_beta90,1988.619,81.35,57.06,13.768,1157.735,1,2189.537,N12 -> N02 -> N04 -> N10 -> N01 -> N06 -> N03 -> N09 -> N13 -> N05 -> N11 -> N07 -> N08 -> N14
public_trace_calibrated,random_heterogeneous_iot_public_trace_calibrated_seed_138,138,protocol_aware_time,2458.241,121.16,43.911,8.738,1042.862,0,172.082,N05 -> N12 -> N13 -> N06 -> N10 -> N02 -> N04 -> N09 -> N14 -> N01 -> N08 -> N03 -> N07 -> N11
public_trace_calibrated,random_heterogeneous_iot_public_trace_calibrated_seed_138,138,soft_penalty_w12,2666.481,82.693,57.794,10.438,938.993,1,377.611,N02 -> N10 -> N08 -> N06 -> N07 -> N14 -> N04 -> N09 -> N05 -> N12 -> N13 -> N01 -> N11 -> N03
public_trace_calibrated,random_heterogeneous_iot_public_trace_calibrated_seed_138,138,average_gap,2458.241,98.488,43.911,8.355,1042.862,0,624.619,N05 -> N12 -> N13 -> N06 -> N10 -> N02 -> N04 -> N09 -> N14 -> N08 -> N01 -> N03 -> N07 -> N11
public_trace_calibrated,random_heterogeneous_iot_public_trace_calibrated_seed_138,138,freshness_focused,2901.999,250.234,73.495,22.334,928.542,0,566.721,N11 -> N02 -> N04 -> N09 -> N07 -> N08 -> N06 -> N12 -> N14 -> N01 -> N10 -> N03 -> N05 -> N13
public_trace_calibrated,random_heterogeneous_iot_public_trace_calibrated_seed_138,138,bounded_beta90,2521.63,71.421,48.137,7.571,1500.293,1,1408.564,N02 -> N03 -> N08 -> N09 -> N01 -> N13 -> N10 -> N04 -> N12 -> N14 -> N07 -> N06 -> N11 -> N05
public_trace_calibrated,random_heterogeneous_iot_public_trace_calibrated_seed_139,139,protocol_aware_time,3123.109,193.705,60.327,13.12,960.58,0,370.431,N12 -> N13 -> N03 -> N04 -> N02 -> N05 -> N10 -> N08 -> N11 -> N09 -> N14 -> N06 -> N07 -> N01
public_trace_calibrated,random_heterogeneous_iot_public_trace_calibrated_seed_139,139,soft_penalty_w12,2994.032,106.383,51.722,8.681,1995.995,0,421.363,N08 -> N06 -> N12 -> N09 -> N04 -> N14 -> N03 -> N13 -> N02 -> N01 -> N07 -> N05 -> N11 -> N10
public_trace_calibrated,random_heterogeneous_iot_public_trace_calibrated_seed_139,139,average_gap,2994.032,106.383,51.722,8.591,1990.488,0,1004.025,N08 -> N06 -> N12 -> N09 -> N14 -> N03 -> N04 -> N13 -> N02 -> N01 -> N07 -> N05 -> N11 -> N10
public_trace_calibrated,random_heterogeneous_iot_public_trace_calibrated_seed_139,139,freshness_focused,3123.109,204.941,60.327,14.905,874.733,0,1085.253,N12 -> N13 -> N03 -> N04 -> N02 -> N05 -> N11 -> N10 -> N08 -> N14 -> N09 -> N06 -> N07 -> N01
public_trace_calibrated,random_heterogeneous_iot_public_trace_calibrated_seed_139,139,bounded_beta90,3228.646,104.183,67.363,12.38,1628.505,0,2134.969,N11 -> N13 -> N14 -> N08 -> N06 -> N12 -> N03 -> N04 -> N02 -> N01 -> N07 -> N05 -> N09 -> N10
public_trace_calibrated,random_heterogeneous_iot_public_trace_calibrated_seed_140,140,protocol_aware_time,1830.51,137.685,47.842,15.172,570.07,0,210.488,N14 -> N09 -> N06 -> N07 -> N02 -> N08 -> N04 -> N11 -> N03 -> N05 -> N10 -> N13 -> N12 -> N01
public_trace_calibrated,random_heterogeneous_iot_public_trace_calibrated_seed_140,140,soft_penalty_w12,1903.618,80.765,52.716,12.056,774.05,1,242.012,N14 -> N06 -> N11 -> N03 -> N02 -> N08 -> N13 -> N01 -> N09 -> N07 -> N10 -> N04 -> N12 -> N05
public_trace_calibrated,random_heterogeneous_iot_public_trace_calibrated_seed_140,140,average_gap,1830.51,137.685,47.842,15.581,570.07,0,727.757,N14 -> N09 -> N06 -> N07 -> N02 -> N08 -> N04 -> N11 -> N03 -> N05 -> N13 -> N10 -> N12 -> N01
public_trace_calibrated,random_heterogeneous_iot_public_trace_calibrated_seed_140,140,freshness_focused,1830.51,184.889,47.842,18.975,538.387,0,706.87,N14 -> N09 -> N06 -> N07 -> N08 -> N13 -> N10 -> N04 -> N03 -> N05 -> N11 -> N02 -> N12 -> N01
public_trace_calibrated,random_heterogeneous_iot_public_trace_calibrated_seed_140,140,bounded_beta90,1905.639,79.673,52.85,12.245,1057.533,1,1345.601,N14 -> N05 -> N01 -> N13 -> N06 -> N11 -> N04 -> N02 -> N08 -> N09 -> N10 -> N07 -> N12 -> N03
public_trace_calibrated,random_heterogeneous_iot_public_trace_calibrated_seed_141,141,protocol_aware_time,2091.515,104.697,53.359,12.844,1257.069,0,181.274,N06 -> N10 -> N02 -> N08 -> N12 -> N09 -> N07 -> N13 -> N03 -> N14 -> N05 -> N11 -> N01 -> N04
public_trace_calibrated,random_heterogeneous_iot_public_trace_calibrated_seed_141,141,soft_penalty_w12,2308.945,94.317,67.854,16.393,888.255,0,195.413,N07 -> N05 -> N04 -> N06 -> N03 -> N13 -> N12 -> N09 -> N01 -> N11 -> N14 -> N10 -> N08 -> N02
public_trace_calibrated,random_heterogeneous_iot_public_trace_calibrated_seed_141,141,average_gap,2091.515,101.116,53.359,12.167,1218.382,0,656.794,N03 -> N10 -> N08 -> N02 -> N12 -> N14 -> N07 -> N13 -> N06 -> N09 -> N05 -> N11 -> N01 -> N04
public_trace_calibrated,random_heterogeneous_iot_public_trace_calibrated_seed_141,141,freshness_focused,2304.864,280.638,67.582,27.577,806.591,0,621.94,N06 -> N12 -> N11 -> N13 -> N04 -> N05 -> N08 -> N09 -> N10 -> N03 -> N14 -> N01 -> N07 -> N02
public_trace_calibrated,random_heterogeneous_iot_public_trace_calibrated_seed_141,141,bounded_beta90,2304.864,94.317,67.582,16.004,841.292,0,1343.366,N07 -> N05 -> N11 -> N06 -> N03 -> N13 -> N12 -> N08 -> N04 -> N10 -> N14 -> N01 -> N09 -> N02
public_trace_calibrated,random_heterogeneous_iot_public_trace_calibrated_seed_142,142,protocol_aware_time,1944.75,128.623,49.884,15.466,511.57,0,167.761,N08 -> N01 -> N02 -> N10 -> N14 -> N03 -> N06 -> N12 -> N11 -> N09 -> N05 -> N07 -> N04 -> N13
public_trace_calibrated,random_heterogeneous_iot_public_trace_calibrated_seed_142,142,soft_penalty_w12,1769.235,82.848,38.182,7.775,1322.278,1,309.489,N07 -> N02 -> N04 -> N13 -> N05 -> N14 -> N03 -> N06 -> N12 -> N11 -> N09 -> N01 -> N10 -> N08
public_trace_calibrated,random_heterogeneous_iot_public_trace_calibrated_seed_142,142,average_gap,1787.331,67.742,39.389,7.393,999.178,1,490.622,N07 -> N05 -> N11 -> N03 -> N12 -> N06 -> N14 -> N09 -> N04 -> N13 -> N02 -> N10 -> N08 -> N01
public_trace_calibrated,random_heterogeneous_iot_public_trace_calibrated_seed_142,142,freshness_focused,1979.217,128.623,52.181,15.02,490.141,0,577.644,N08 -> N01 -> N02 -> N10 -> N14 -> N03 -> N06 -> N12 -> N11 -> N09 -> N05 -> N07 -> N13 -> N04
public_trace_calibrated,random_heterogeneous_iot_public_trace_calibrated_seed_142,142,bounded_beta90,1644.75,60.227,29.883,5.185,685.749,1,1181.347,N07 -> N05 -> N14 -> N11 -> N03 -> N06 -> N12 -> N09 -> N08 -> N01 -> N10 -> N02 -> N04 -> N13
public_trace_calibrated,random_heterogeneous_iot_public_trace_calibrated_seed_143,143,protocol_aware_time,2793.436,73.698,43.275,5.917,794.287,1,372.543,N02 -> N05 -> N07 -> N03 -> N14 -> N11 -> N04 -> N01 -> N12 -> N09 -> N10 -> N08 -> N13 -> N06
public_trace_calibrated,random_heterogeneous_iot_public_trace_calibrated_seed_143,143,soft_penalty_w12,2793.436,73.698,43.275,5.917,794.287,1,459.94,N02 -> N05 -> N07 -> N03 -> N14 -> N11 -> N04 -> N01 -> N12 -> N09 -> N10 -> N08 -> N13 -> N06
public_trace_calibrated,random_heterogeneous_iot_public_trace_calibrated_seed_143,143,average_gap,2793.436,73.698,43.275,5.917,794.287,1,1049.484,N02 -> N05 -> N07 -> N03 -> N14 -> N11 -> N04 -> N01 -> N12 -> N09 -> N10 -> N08 -> N13 -> N06
public_trace_calibrated,random_heterogeneous_iot_public_trace_calibrated_seed_143,143,freshness_focused,2793.436,78.025,43.275,6.079,787.311,1,1168.83,N02 -> N05 -> N14 -> N11 -> N07 -> N03 -> N04 -> N01 -> N12 -> N09 -> N10 -> N08 -> N13 -> N06
public_trace_calibrated,random_heterogeneous_iot_public_trace_calibrated_seed_143,143,bounded_beta90,2793.436,73.698,43.275,5.917,794.287,1,2218.824,N02 -> N05 -> N07 -> N03 -> N14 -> N11 -> N04 -> N01 -> N12 -> N09 -> N10 -> N08 -> N13 -> N06
public_trace_calibrated,random_heterogeneous_iot_public_trace_calibrated_seed_144,144,protocol_aware_time,1948.146,93.984,37.734,7.636,403.235,0,140.666,N01 -> N09 -> N08 -> N13 -> N07 -> N10 -> N05 -> N04 -> N12 -> N14 -> N02 -> N06 -> N11 -> N03
public_trace_calibrated,random_heterogeneous_iot_public_trace_calibrated_seed_144,144,soft_penalty_w12,1948.146,93.984,37.734,7.636,403.235,0,112.431,N01 -> N09 -> N08 -> N13 -> N07 -> N10 -> N05 -> N04 -> N12 -> N14 -> N02 -> N06 -> N11 -> N03
public_trace_calibrated,random_heterogeneous_iot_public_trace_calibrated_seed_144,144,average_gap,1948.146,93.984,37.734,7.636,403.235,0,488.797,N01 -> N09 -> N08 -> N13 -> N07 -> N10 -> N05 -> N04 -> N12 -> N14 -> N02 -> N06 -> N11 -> N03
public_trace_calibrated,random_heterogeneous_iot_public_trace_calibrated_seed_144,144,freshness_focused,1948.146,93.984,37.734,7.636,403.235,0,509.104,N01 -> N09 -> N08 -> N13 -> N07 -> N10 -> N05 -> N04 -> N12 -> N14 -> N02 -> N06 -> N11 -> N03
public_trace_calibrated,random_heterogeneous_iot_public_trace_calibrated_seed_144,144,bounded_beta90,1965.186,55.37,38.87,6.318,1028.597,1,947.687,N01 -> N06 -> N14 -> N03 -> N05 -> N07 -> N04 -> N09 -> N10 -> N02 -> N08 -> N12 -> N11 -> N13
public_trace_calibrated,random_heterogeneous_iot_public_trace_calibrated_seed_145,145,protocol_aware_time,2239.798,159.76,49.515,12.251,624.539,0,165.794,N14 -> N03 -> N08 -> N02 -> N10 -> N09 -> N13 -> N01 -> N12 -> N06 -> N05 -> N04 -> N07 -> N11
public_trace_calibrated,random_heterogeneous_iot_public_trace_calibrated_seed_145,145,soft_penalty_w12,2175.99,67.708,45.261,7.543,905.705,1,209.147,N05 -> N03 -> N06 -> N12 -> N01 -> N13 -> N02 -> N07 -> N09 -> N04 -> N10 -> N11 -> N14 -> N08
public_trace_calibrated,random_heterogeneous_iot_public_trace_calibrated_seed_145,145,average_gap,2169.41,110.749,44.822,10.019,1138.913,0,602.855,N08 -> N09 -> N05 -> N11 -> N06 -> N10 -> N07 -> N04 -> N01 -> N13 -> N12 -> N02 -> N14 -> N03
public_trace_calibrated,random_heterogeneous_iot_public_trace_calibrated_seed_145,145,freshness_focused,2270.743,166.434,51.578,14.704,422.34,0,665.616,N14 -> N03 -> N08 -> N02 -> N10 -> N09 -> N13 -> N01 -> N12 -> N06 -> N05 -> N11 -> N07 -> N04
public_trace_calibrated,random_heterogeneous_iot_public_trace_calibrated_seed_145,145,bounded_beta90,2155.047,70.846,43.865,7.735,1633.031,1,1225.616,N05 -> N02 -> N04 -> N12 -> N07 -> N09 -> N01 -> N13 -> N08 -> N06 -> N10 -> N11 -> N14 -> N03
public_trace_calibrated,random_heterogeneous_iot_public_trace_calibrated_seed_146,146,protocol_aware_time,1729.775,53.852,33.63,5.854,1105.29,1,228.372,N11 -> N02 -> N08 -> N10 -> N05 -> N07 -> N06 -> N14 -> N13 -> N09 -> N12 -> N04 -> N03 -> N01
public_trace_calibrated,random_heterogeneous_iot_public_trace_calibrated_seed_146,146,soft_penalty_w12,1729.775,52.015,33.63,5.79,1104.144,1,317.231,N11 -> N02 -> N08 -> N10 -> N05 -> N07 -> N03 -> N14 -> N13 -> N09 -> N12 -> N04 -> N06 -> N01
public_trace_calibrated,random_heterogeneous_iot_public_trace_calibrated_seed_146,146,average_gap,1729.775,70.122,33.63,5.985,1104.959,1,808.251,N11 -> N02 -> N06 -> N03 -> N05 -> N07 -> N08 -> N14 -> N13 -> N09 -> N12 -> N04 -> N10 -> N01
public_trace_calibrated,random_heterogeneous_iot_public_trace_calibrated_seed_146,146,freshness_focused,2089.775,230.111,57.63,21.801,1007.547,0,673.416,N11 -> N10 -> N07 -> N08 -> N03 -> N05 -> N06 -> N14 -> N13 -> N02 -> N12 -> N04 -> N09 -> N01
public_trace_calibrated,random_heterogeneous_iot_public_trace_calibrated_seed_146,146,bounded_beta90,1729.775,52.015,33.63,5.79,1104.144,1,1534.901,N11 -> N02 -> N08 -> N10 -> N05 -> N07 -> N03 -> N14 -> N13 -> N09 -> N12 -> N04 -> N06 -> N01
public_trace_calibrated,random_heterogeneous_iot_public_trace_calibrated_seed_147,147,protocol_aware_time,1623.592,116.184,52.114,16.763,818.564,0,334.045,N05 -> N08 -> N03 -> N11 -> N14 -> N01 -> N04 -> N12 -> N09 -> N07 -> N13 -> N06 -> N02 -> N10
public_trace_calibrated,random_heterogeneous_iot_public_trace_calibrated_seed_147,147,soft_penalty_w12,1530.766,83.582,45.925,12.641,954.485,1,354.368,N11 -> N12 -> N08 -> N07 -> N03 -> N06 -> N13 -> N01 -> N09 -> N04 -> N02 -> N14 -> N05 -> N10
public_trace_calibrated,random_heterogeneous_iot_public_trace_calibrated_seed_147,147,average_gap,1560.02,109.119,47.876,14.766,767.635,0,817.006,N09 -> N08 -> N03 -> N05 -> N14 -> N01 -> N04 -> N12 -> N10 -> N07 -> N02 -> N06 -> N13 -> N11
public_trace_calibrated,random_heterogeneous_iot_public_trace_calibrated_seed_147,147,freshness_focused,1976.133,257.464,75.616,37.817,619.562,0,746.576,N11 -> N01 -> N14 -> N03 -> N09 -> N12 -> N04 -> N05 -> N10 -> N07 -> N02 -> N06 -> N13 -> N08
public_trace_calibrated,random_heterogeneous_iot_public_trace_calibrated_seed_147,147,bounded_beta90,1547.979,69.052,47.073,12.248,500.042,1,1686.883,N05 -> N14 -> N07 -> N11 -> N02 -> N03 -> N04 -> N12 -> N09 -> N08 -> N10 -> N01 -> N06 -> N13
public_trace_calibrated,random_heterogeneous_iot_public_trace_calibrated_seed_148,148,protocol_aware_time,3206.875,110.307,49.683,7.866,1338.094,0,204.013,N11 -> N02 -> N14 -> N04 -> N09 -> N06 -> N10 -> N08 -> N13 -> N07 -> N01 -> N05 -> N12 -> N03
public_trace_calibrated,random_heterogeneous_iot_public_trace_calibrated_seed_148,148,soft_penalty_w12,3296.29,94.69,55.644,9.045,1866.612,0,217.113,N01 -> N12 -> N04 -> N03 -> N11 -> N02 -> N14 -> N07 -> N05 -> N13 -> N10 -> N09 -> N06 -> N08
public_trace_calibrated,random_heterogeneous_iot_public_trace_calibrated_seed_148,148,average_gap,3206.875,110.307,49.683,7.866,1338.094,0,718.342,N11 -> N02 -> N14 -> N04 -> N09 -> N06 -> N10 -> N08 -> N13 -> N07 -> N01 -> N05 -> N12 -> N03
public_trace_calibrated,random_heterogeneous_iot_public_trace_calibrated_seed_148,148,freshness_focused,3476.683,224.639,67.67,15.007,1099.579,0,778.354,N11 -> N02 -> N14 -> N08 -> N03 -> N01 -> N09 -> N06 -> N12 -> N07 -> N04 -> N05 -> N13 -> N10
public_trace_calibrated,random_heterogeneous_iot_public_trace_calibrated_seed_148,148,bounded_beta90,3100.958,87.243,42.622,5.871,996.765,1,1524.566,N11 -> N02 -> N14 -> N04 -> N03 -> N01 -> N06 -> N09 -> N08 -> N10 -> N13 -> N05 -> N12 -> N07
public_trace_calibrated,random_heterogeneous_iot_public_trace_calibrated_seed_149,149,protocol_aware_time,2121.808,96.808,42.372,8.49,1230.873,0,300.913,N02 -> N04 -> N05 -> N07 -> N09 -> N12 -> N06 -> N11 -> N08 -> N10 -> N13 -> N14 -> N01 -> N03
public_trace_calibrated,random_heterogeneous_iot_public_trace_calibrated_seed_149,149,soft_penalty_w12,2308.492,85.534,54.818,11.602,1400.831,1,345.507,N02 -> N04 -> N03 -> N07 -> N10 -> N08 -> N05 -> N11 -> N06 -> N01 -> N13 -> N09 -> N12 -> N14
public_trace_calibrated,random_heterogeneous_iot_public_trace_calibrated_seed_149,149,average_gap,2121.808,96.808,42.372,8.49,1230.873,0,862.484,N02 -> N04 -> N05 -> N07 -> N09 -> N12 -> N06 -> N11 -> N08 -> N10 -> N13 -> N14 -> N01 -> N03
public_trace_calibrated,random_heterogeneous_iot_public_trace_calibrated_seed_149,149,freshness_focused,2491.031,184.411,66.987,20.468,998.062,0,889.044,N03 -> N14 -> N09 -> N04 -> N06 -> N10 -> N13 -> N08 -> N11 -> N12 -> N02 -> N05 -> N01 -> N07
public_trace_calibrated,random_heterogeneous_iot_public_trace_calibrated_seed_149,149,bounded_beta90,2076.134,81.493,39.327,6.893,759.802,1,1721.529,N05 -> N07 -> N14 -> N09 -> N12 -> N04 -> N11 -> N06 -> N08 -> N10 -> N13 -> N01 -> N03 -> N02
public_trace_calibrated,random_heterogeneous_iot_public_trace_calibrated_seed_150,150,protocol_aware_time,4667.389,136.16,80.404,11.621,2700.107,0,327.481,N01 -> N10 -> N11 -> N04 -> N07 -> N06 -> N08 -> N14 -> N02 -> N05 -> N09 -> N03 -> N13 -> N12
public_trace_calibrated,random_heterogeneous_iot_public_trace_calibrated_seed_150,150,soft_penalty_w12,4667.418,114.039,80.406,11.715,2139.953,0,387.643,N03 -> N01 -> N12 -> N09 -> N13 -> N14 -> N11 -> N04 -> N02 -> N07 -> N06 -> N08 -> N05 -> N10
public_trace_calibrated,random_heterogeneous_iot_public_trace_calibrated_seed_150,150,average_gap,4508.306,110.683,69.798,8.939,2216.749,0,953.028,N07 -> N10 -> N12 -> N14 -> N08 -> N06 -> N13 -> N03 -> N11 -> N05 -> N09 -> N04 -> N02 -> N01
public_trace_calibrated,random_heterogeneous_iot_public_trace_calibrated_seed_150,150,freshness_focused,4965.218,209.126,100.259,19.274,2064.172,0,821.341,N12 -> N03 -> N07 -> N11 -> N14 -> N09 -> N06 -> N05 -> N08 -> N01 -> N02 -> N04 -> N13 -> N10
public_trace_calibrated,random_heterogeneous_iot_public_trace_calibrated_seed_150,150,bounded_beta90,4667.389,116.239,80.404,11.201,2700.107,0,1805.61,N14 -> N10 -> N11 -> N04 -> N07 -> N06 -> N08 -> N05 -> N02 -> N01 -> N09 -> N03 -> N13 -> N12
