profile_variant,scenario,scenario_seed,planner,total_time_s,max_blackout_s,mean_gap_s,average_silence_age_s,mean_collection_completion_s,meets_90s_budget,mission_feasible,runtime_ms,route
public_measurement_informed,random_heterogeneous_iot_public_measurement_informed_seed_101,101,protocol_aware_time,1016.546,64.994,34.332,11.818,476.99,1,1,317.317,N14 -> N09 -> N04 -> N05 -> N10 -> N02 -> N13 -> N01 -> N08 -> N11 -> N07 -> N12 -> N06 -> N03
public_measurement_informed,random_heterogeneous_iot_public_measurement_informed_seed_101,101,soft_penalty_w12,1077.134,68.402,38.64,12.572,686.214,1,1,250.629,N06 -> N08 -> N11 -> N03 -> N07 -> N12 -> N01 -> N02 -> N10 -> N13 -> N04 -> N09 -> N14 -> N05
public_measurement_informed,random_heterogeneous_iot_public_measurement_informed_seed_101,101,average_gap,1016.566,71.415,31.863,10.393,480.436,1,1,828.028,N14 -> N10 -> N02 -> N05 -> N09 -> N04 -> N13 -> N01 -> N07 -> N11 -> N08 -> N12 -> N06 -> N03
public_measurement_informed,random_heterogeneous_iot_public_measurement_informed_seed_101,101,freshness_focused,1317.901,165.13,55.28,30.649,400.266,0,1,849.908,N03 -> N14 -> N07 -> N02 -> N09 -> N10 -> N01 -> N13 -> N08 -> N06 -> N04 -> N12 -> N11 -> N05
public_measurement_informed,random_heterogeneous_iot_public_measurement_informed_seed_101,101,bounded_beta90,871.871,60.503,24.725,8.559,240.658,1,1,1900.313,N03 -> N07 -> N14 -> N06 -> N12 -> N04 -> N05 -> N10 -> N09 -> N02 -> N13 -> N01 -> N08 -> N11
public_measurement_informed,random_heterogeneous_iot_public_measurement_informed_seed_102,102,protocol_aware_time,1486.921,107.504,35.197,11.153,703.809,0,1,257.101,N08 -> N10 -> N07 -> N02 -> N03 -> N14 -> N04 -> N01 -> N09 -> N12 -> N05 -> N13 -> N06 -> N11
public_measurement_informed,random_heterogeneous_iot_public_measurement_informed_seed_102,102,soft_penalty_w12,1505.158,74.184,35.681,8.152,989.162,1,0,315.807,N01 -> N10 -> N09 -> N12 -> N02 -> N03 -> N04 -> N11 -> N14 -> N07 -> N06 -> N13 -> N08 -> N05
public_measurement_informed,random_heterogeneous_iot_public_measurement_informed_seed_102,102,average_gap,1446.736,70.45,29.522,6.585,1058.275,1,1,742.543,N08 -> N14 -> N12 -> N09 -> N03 -> N04 -> N02 -> N11 -> N13 -> N01 -> N10 -> N06 -> N05 -> N07
public_measurement_informed,random_heterogeneous_iot_public_measurement_informed_seed_102,102,freshness_focused,1567.471,160.86,40.175,14.617,531.777,0,0,773.325,N06 -> N10 -> N09 -> N03 -> N04 -> N14 -> N07 -> N05 -> N02 -> N01 -> N12 -> N08 -> N13 -> N11
public_measurement_informed,random_heterogeneous_iot_public_measurement_informed_seed_102,102,bounded_beta90,1409.544,48.818,29.209,5.636,409.89,1,1,1827.861,N06 -> N08 -> N03 -> N07 -> N11 -> N14 -> N04 -> N09 -> N10 -> N02 -> N05 -> N01 -> N12 -> N13
public_measurement_informed,random_heterogeneous_iot_public_measurement_informed_seed_103,103,protocol_aware_time,1692.389,105.027,41.712,11.051,768.162,0,0,302.661,N05 -> N09 -> N11 -> N04 -> N08 -> N01 -> N13 -> N03 -> N07 -> N06 -> N12 -> N14 -> N02 -> N10
public_measurement_informed,random_heterogeneous_iot_public_measurement_informed_seed_103,103,soft_penalty_w12,1692.391,81.22,41.437,9.148,644.495,1,0,227.824,N05 -> N04 -> N03 -> N13 -> N08 -> N01 -> N09 -> N11 -> N07 -> N06 -> N12 -> N14 -> N02 -> N10
public_measurement_informed,random_heterogeneous_iot_public_measurement_informed_seed_103,103,average_gap,1692.417,90.497,38.248,9.929,808.329,0,0,955.538,N12 -> N03 -> N11 -> N04 -> N08 -> N13 -> N09 -> N01 -> N07 -> N06 -> N05 -> N14 -> N02 -> N10
public_measurement_informed,random_heterogeneous_iot_public_measurement_informed_seed_103,103,freshness_focused,2020.554,256.157,65.426,33.792,726.308,0,0,922.233,N14 -> N05 -> N04 -> N13 -> N01 -> N09 -> N11 -> N03 -> N07 -> N06 -> N12 -> N08 -> N02 -> N10
public_measurement_informed,random_heterogeneous_iot_public_measurement_informed_seed_103,103,bounded_beta90,1412.726,57.065,24.599,4.627,592.285,1,1,2100.739,N14 -> N05 -> N12 -> N07 -> N11 -> N01 -> N13 -> N09 -> N06 -> N04 -> N08 -> N02 -> N03 -> N10
public_measurement_informed,random_heterogeneous_iot_public_measurement_informed_seed_104,104,protocol_aware_time,3325.305,105.532,55.938,9.583,1628.725,0,0,384.268,N03 -> N08 -> N14 -> N10 -> N11 -> N01 -> N12 -> N06 -> N09 -> N07 -> N05 -> N02 -> N04 -> N13
public_measurement_informed,random_heterogeneous_iot_public_measurement_informed_seed_104,104,soft_penalty_w12,3325.305,105.069,53.064,8.732,1588.703,0,0,300.859,N03 -> N08 -> N14 -> N11 -> N10 -> N01 -> N12 -> N06 -> N09 -> N07 -> N05 -> N02 -> N04 -> N13
public_measurement_informed,random_heterogeneous_iot_public_measurement_informed_seed_104,104,average_gap,3324.044,125.692,46.945,7.378,1466.111,0,0,852.78,N14 -> N03 -> N08 -> N06 -> N02 -> N01 -> N12 -> N09 -> N04 -> N07 -> N11 -> N10 -> N05 -> N13
public_measurement_informed,random_heterogeneous_iot_public_measurement_informed_seed_104,104,freshness_focused,3921.268,264.509,89.302,29.523,1172.788,0,0,885.551,N14 -> N06 -> N03 -> N08 -> N04 -> N11 -> N05 -> N10 -> N09 -> N07 -> N12 -> N02 -> N01 -> N13
public_measurement_informed,random_heterogeneous_iot_public_measurement_informed_seed_104,104,bounded_beta90,3131.103,63.564,32.696,3.305,1287.264,1,0,1883.46,N14 -> N02 -> N01 -> N08 -> N11 -> N03 -> N06 -> N05 -> N13 -> N04 -> N10 -> N07 -> N09 -> N12
public_measurement_informed,random_heterogeneous_iot_public_measurement_informed_seed_105,105,protocol_aware_time,1417.329,81.677,41.683,12.269,508.825,1,1,378.424,N01 -> N11 -> N09 -> N03 -> N10 -> N06 -> N04 -> N07 -> N12 -> N08 -> N05 -> N02 -> N14 -> N13
public_measurement_informed,random_heterogeneous_iot_public_measurement_informed_seed_105,105,soft_penalty_w12,1379.326,88.117,37.287,11.362,829.162,1,1,272.145,N07 -> N08 -> N12 -> N11 -> N14 -> N01 -> N04 -> N02 -> N10 -> N13 -> N09 -> N06 -> N03 -> N05
public_measurement_informed,random_heterogeneous_iot_public_measurement_informed_seed_105,105,average_gap,1417.593,131.715,40.684,13.925,490.794,0,1,755.211,N01 -> N11 -> N14 -> N09 -> N03 -> N07 -> N12 -> N06 -> N10 -> N08 -> N05 -> N02 -> N04 -> N13
public_measurement_informed,random_heterogeneous_iot_public_measurement_informed_seed_105,105,freshness_focused,1444.52,148.44,39.792,15.57,369.21,0,1,780.017,N01 -> N11 -> N14 -> N09 -> N04 -> N07 -> N06 -> N03 -> N12 -> N02 -> N10 -> N08 -> N05 -> N13
public_measurement_informed,random_heterogeneous_iot_public_measurement_informed_seed_105,105,bounded_beta90,1417.329,81.677,41.683,12.269,508.825,1,1,1809.106,N01 -> N11 -> N09 -> N03 -> N10 -> N06 -> N04 -> N07 -> N12 -> N08 -> N05 -> N02 -> N14 -> N13
public_measurement_informed,random_heterogeneous_iot_public_measurement_informed_seed_106,106,protocol_aware_time,2057.959,108.152,34.459,6.352,571.296,0,0,144.83,N06 -> N07 -> N12 -> N09 -> N03 -> N08 -> N01 -> N10 -> N04 -> N05 -> N11 -> N13 -> N02 -> N14
public_measurement_informed,random_heterogeneous_iot_public_measurement_informed_seed_106,106,soft_penalty_w12,2055.509,68.205,35.659,5.634,684.683,1,0,256.044,N09 -> N08 -> N06 -> N07 -> N03 -> N10 -> N11 -> N12 -> N01 -> N05 -> N04 -> N13 -> N02 -> N14
public_measurement_informed,random_heterogeneous_iot_public_measurement_informed_seed_106,106,average_gap,2057.959,108.152,34.459,6.352,571.296,0,0,457.02,N06 -> N07 -> N12 -> N09 -> N03 -> N08 -> N01 -> N10 -> N04 -> N05 -> N11 -> N13 -> N02 -> N14
public_measurement_informed,random_heterogeneous_iot_public_measurement_informed_seed_106,106,freshness_focused,2065.483,109.569,36.825,7.389,568.357,0,0,443.008,N06 -> N07 -> N04 -> N09 -> N03 -> N08 -> N01 -> N10 -> N12 -> N05 -> N11 -> N13 -> N02 -> N14
public_measurement_informed,random_heterogeneous_iot_public_measurement_informed_seed_106,106,bounded_beta90,2055.441,53.783,31.321,4.371,1038.928,1,0,1352.414,N11 -> N12 -> N05 -> N10 -> N13 -> N07 -> N08 -> N03 -> N06 -> N09 -> N01 -> N04 -> N02 -> N14
public_measurement_informed,random_heterogeneous_iot_public_measurement_informed_seed_107,107,protocol_aware_time,1065.382,67.874,32.796,10.034,622.021,1,1,381.658,N11 -> N12 -> N06 -> N02 -> N10 -> N01 -> N05 -> N13 -> N08 -> N04 -> N09 -> N14 -> N03 -> N07
public_measurement_informed,random_heterogeneous_iot_public_measurement_informed_seed_107,107,soft_penalty_w12,1080.512,75.835,33.191,10.548,670.927,1,1,399.999,N06 -> N14 -> N04 -> N10 -> N09 -> N05 -> N07 -> N11 -> N03 -> N13 -> N08 -> N12 -> N02 -> N01
public_measurement_informed,random_heterogeneous_iot_public_measurement_informed_seed_107,107,average_gap,1056.813,91.161,31.898,10.594,615.025,0,1,1151.536,N06 -> N05 -> N11 -> N02 -> N10 -> N13 -> N08 -> N01 -> N09 -> N12 -> N03 -> N14 -> N04 -> N07
public_measurement_informed,random_heterogeneous_iot_public_measurement_informed_seed_107,107,freshness_focused,1130.615,95.002,36.851,12.608,438.936,0,1,1167.73,N11 -> N07 -> N12 -> N06 -> N03 -> N14 -> N02 -> N01 -> N05 -> N09 -> N10 -> N13 -> N08 -> N04
public_measurement_informed,random_heterogeneous_iot_public_measurement_informed_seed_107,107,bounded_beta90,1065.382,67.874,32.796,10.034,622.021,1,1,2469.875,N11 -> N12 -> N06 -> N02 -> N10 -> N01 -> N05 -> N13 -> N08 -> N04 -> N09 -> N14 -> N03 -> N07
public_measurement_informed,random_heterogeneous_iot_public_measurement_informed_seed_108,108,protocol_aware_time,2935.383,227.498,53.218,15.106,1382.789,0,0,225.165,N03 -> N13 -> N12 -> N01 -> N07 -> N05 -> N11 -> N10 -> N04 -> N08 -> N09 -> N06 -> N14 -> N02
public_measurement_informed,random_heterogeneous_iot_public_measurement_informed_seed_108,108,soft_penalty_w12,2927.171,83.57,40.246,5.827,1622.932,1,0,245.465,N04 -> N08 -> N07 -> N12 -> N03 -> N11 -> N01 -> N13 -> N10 -> N05 -> N02 -> N14 -> N06 -> N09
public_measurement_informed,random_heterogeneous_iot_public_measurement_informed_seed_108,108,average_gap,2935.334,129.796,43.591,7.711,1422.356,0,0,689.366,N05 -> N03 -> N04 -> N07 -> N01 -> N12 -> N11 -> N13 -> N10 -> N08 -> N09 -> N06 -> N14 -> N02
public_measurement_informed,random_heterogeneous_iot_public_measurement_informed_seed_108,108,freshness_focused,3285.293,281.679,71.764,24.822,1104.562,0,0,639.302,N13 -> N04 -> N14 -> N01 -> N06 -> N10 -> N05 -> N11 -> N03 -> N08 -> N09 -> N07 -> N12 -> N02
public_measurement_informed,random_heterogeneous_iot_public_measurement_informed_seed_108,108,bounded_beta90,2935.383,227.498,53.218,15.106,1382.789,0,0,1697.717,N03 -> N13 -> N12 -> N01 -> N07 -> N05 -> N11 -> N10 -> N04 -> N08 -> N09 -> N06 -> N14 -> N02
public_measurement_informed,random_heterogeneous_iot_public_measurement_informed_seed_109,109,protocol_aware_time,2937.881,104.689,47.784,7.74,821.347,0,0,371.112,N11 -> N01 -> N10 -> N02 -> N14 -> N13 -> N05 -> N06 -> N03 -> N07 -> N04 -> N09 -> N12 -> N08
public_measurement_informed,random_heterogeneous_iot_public_measurement_informed_seed_109,109,soft_penalty_w12,2937.902,95.421,47.322,7.465,819.373,0,0,316.783,N11 -> N06 -> N13 -> N02 -> N14 -> N10 -> N05 -> N01 -> N03 -> N07 -> N04 -> N09 -> N12 -> N08
public_measurement_informed,random_heterogeneous_iot_public_measurement_informed_seed_109,109,average_gap,3013.996,98.823,45.732,6.7,1030.072,0,0,832.323,N11 -> N06 -> N13 -> N07 -> N01 -> N14 -> N02 -> N04 -> N03 -> N10 -> N05 -> N09 -> N12 -> N08
public_measurement_informed,random_heterogeneous_iot_public_measurement_informed_seed_109,109,freshness_focused,3005.795,164.41,55.72,12.193,729.542,0,0,776.696,N06 -> N01 -> N04 -> N02 -> N14 -> N13 -> N05 -> N11 -> N03 -> N07 -> N10 -> N08 -> N12 -> N09
public_measurement_informed,random_heterogeneous_iot_public_measurement_informed_seed_109,109,bounded_beta90,2937.881,104.689,47.784,7.74,821.347,0,0,1986.404,N11 -> N01 -> N10 -> N02 -> N14 -> N13 -> N05 -> N06 -> N03 -> N07 -> N04 -> N09 -> N12 -> N08
public_measurement_informed,random_heterogeneous_iot_public_measurement_informed_seed_110,110,protocol_aware_time,2068.832,65.801,32.636,5.002,1152.564,1,0,296.582,N14 -> N07 -> N09 -> N05 -> N03 -> N13 -> N12 -> N01 -> N02 -> N11 -> N08 -> N10 -> N06 -> N04
public_measurement_informed,random_heterogeneous_iot_public_measurement_informed_seed_110,110,soft_penalty_w12,2080.427,71.976,34.583,5.904,1219.968,1,0,524.416,N14 -> N07 -> N06 -> N04 -> N03 -> N05 -> N01 -> N02 -> N09 -> N12 -> N13 -> N11 -> N10 -> N08
public_measurement_informed,random_heterogeneous_iot_public_measurement_informed_seed_110,110,average_gap,2068.835,65.801,30.53,4.264,1156.325,1,0,857.03,N14 -> N07 -> N09 -> N13 -> N03 -> N05 -> N12 -> N01 -> N02 -> N11 -> N08 -> N10 -> N06 -> N04
public_measurement_informed,random_heterogeneous_iot_public_measurement_informed_seed_110,110,freshness_focused,2368.545,171.665,54.401,15.091,1066.751,0,0,866.209,N12 -> N01 -> N05 -> N06 -> N04 -> N03 -> N13 -> N09 -> N02 -> N11 -> N08 -> N10 -> N07 -> N14
public_measurement_informed,random_heterogeneous_iot_public_measurement_informed_seed_110,110,bounded_beta90,2068.832,65.801,32.636,5.002,1152.564,1,0,1973.793,N14 -> N07 -> N09 -> N05 -> N03 -> N13 -> N12 -> N01 -> N02 -> N11 -> N08 -> N10 -> N06 -> N04
public_measurement_informed,random_heterogeneous_iot_public_measurement_informed_seed_111,111,protocol_aware_time,2284.071,72.426,39.582,6.284,1613.676,1,0,516.984,N08 -> N12 -> N09 -> N04 -> N13 -> N01 -> N05 -> N07 -> N02 -> N10 -> N03 -> N06 -> N11 -> N14
public_measurement_informed,random_heterogeneous_iot_public_measurement_informed_seed_111,111,soft_penalty_w12,2512.914,73.286,46.982,7.887,1629.045,1,0,348.25,N14 -> N13 -> N11 -> N12 -> N09 -> N01 -> N08 -> N07 -> N06 -> N04 -> N10 -> N02 -> N03 -> N05
public_measurement_informed,random_heterogeneous_iot_public_measurement_informed_seed_111,111,average_gap,2449.716,69.656,37.626,5.209,921.451,1,0,1094.722,N12 -> N14 -> N07 -> N03 -> N11 -> N06 -> N01 -> N04 -> N02 -> N09 -> N05 -> N08 -> N10 -> N13
public_measurement_informed,random_heterogeneous_iot_public_measurement_informed_seed_111,111,freshness_focused,2453.801,86.099,40.843,6.829,681.199,1,0,1132.436,N05 -> N10 -> N07 -> N02 -> N06 -> N11 -> N03 -> N14 -> N12 -> N04 -> N08 -> N09 -> N01 -> N13
public_measurement_informed,random_heterogeneous_iot_public_measurement_informed_seed_111,111,bounded_beta90,2284.071,72.426,39.582,6.284,1613.676,1,0,2478.675,N08 -> N12 -> N09 -> N04 -> N13 -> N01 -> N05 -> N07 -> N02 -> N10 -> N03 -> N06 -> N11 -> N14
public_measurement_informed,random_heterogeneous_iot_public_measurement_informed_seed_112,112,protocol_aware_time,2977.779,85.488,35.314,4.81,1286.336,1,0,368.581,N01 -> N04 -> N03 -> N09 -> N05 -> N07 -> N08 -> N10 -> N13 -> N11 -> N14 -> N12 -> N02 -> N06
public_measurement_informed,random_heterogeneous_iot_public_measurement_informed_seed_112,112,soft_penalty_w12,2982.781,85.5,31.572,4.403,987.955,1,0,444.881,N11 -> N08 -> N03 -> N04 -> N07 -> N01 -> N14 -> N02 -> N09 -> N13 -> N10 -> N05 -> N12 -> N06
public_measurement_informed,random_heterogeneous_iot_public_measurement_informed_seed_112,112,average_gap,2983.082,78.778,31.122,4.037,996.897,1,0,974.576,N02 -> N08 -> N11 -> N04 -> N07 -> N01 -> N14 -> N09 -> N03 -> N13 -> N10 -> N05 -> N12 -> N06
public_measurement_informed,random_heterogeneous_iot_public_measurement_informed_seed_112,112,freshness_focused,2991.734,106.569,33.068,4.856,941.008,0,0,1040.902,N11 -> N02 -> N09 -> N07 -> N01 -> N04 -> N08 -> N14 -> N12 -> N13 -> N10 -> N05 -> N03 -> N06
public_measurement_informed,random_heterogeneous_iot_public_measurement_informed_seed_112,112,bounded_beta90,2977.779,85.488,35.314,4.81,1286.336,1,0,2292.079,N01 -> N04 -> N03 -> N09 -> N05 -> N07 -> N08 -> N10 -> N13 -> N11 -> N14 -> N12 -> N02 -> N06
public_measurement_informed,random_heterogeneous_iot_public_measurement_informed_seed_113,113,protocol_aware_time,2380.569,109.987,43.713,9.013,1054.49,0,0,339.379,N13 -> N12 -> N05 -> N07 -> N02 -> N08 -> N10 -> N11 -> N03 -> N01 -> N06 -> N04 -> N09 -> N14
public_measurement_informed,random_heterogeneous_iot_public_measurement_informed_seed_113,113,soft_penalty_w12,2431.793,91.011,42.637,8.398,1063.029,0,0,268.389,N07 -> N04 -> N12 -> N02 -> N11 -> N10 -> N14 -> N13 -> N05 -> N03 -> N01 -> N06 -> N08 -> N09
public_measurement_informed,random_heterogeneous_iot_public_measurement_informed_seed_113,113,average_gap,2390.501,98.137,39.799,7.222,1041.291,0,0,864.569,N03 -> N11 -> N02 -> N13 -> N10 -> N08 -> N12 -> N05 -> N09 -> N04 -> N06 -> N01 -> N14 -> N07
public_measurement_informed,random_heterogeneous_iot_public_measurement_informed_seed_113,113,freshness_focused,2659.875,234.363,63.543,20.213,1016.892,0,0,752.361,N07 -> N09 -> N14 -> N12 -> N04 -> N10 -> N05 -> N11 -> N01 -> N13 -> N02 -> N03 -> N06 -> N08
public_measurement_informed,random_heterogeneous_iot_public_measurement_informed_seed_113,113,bounded_beta90,2143.145,66.253,27.733,4.288,1364.786,1,0,1845.367,N14 -> N04 -> N03 -> N06 -> N08 -> N13 -> N05 -> N10 -> N09 -> N07 -> N01 -> N02 -> N11 -> N12
public_measurement_informed,random_heterogeneous_iot_public_measurement_informed_seed_114,114,protocol_aware_time,1911.833,107.586,43.801,11.518,823.49,0,0,485.284,N05 -> N07 -> N06 -> N14 -> N11 -> N10 -> N04 -> N02 -> N08 -> N13 -> N01 -> N12 -> N03 -> N09
public_measurement_informed,random_heterogeneous_iot_public_measurement_informed_seed_114,114,soft_penalty_w12,1870.303,81.635,39.903,8.687,1203.192,1,0,364.827,N10 -> N11 -> N02 -> N03 -> N09 -> N12 -> N05 -> N07 -> N08 -> N04 -> N01 -> N06 -> N14 -> N13
public_measurement_informed,random_heterogeneous_iot_public_measurement_informed_seed_114,114,average_gap,1911.852,93.0,43.661,10.397,833.202,0,0,989.991,N05 -> N06 -> N08 -> N14 -> N11 -> N10 -> N04 -> N02 -> N07 -> N13 -> N01 -> N12 -> N03 -> N09
public_measurement_informed,random_heterogeneous_iot_public_measurement_informed_seed_114,114,freshness_focused,1915.131,86.053,43.759,10.236,765.88,1,0,1030.794,N01 -> N02 -> N08 -> N07 -> N14 -> N11 -> N13 -> N05 -> N06 -> N04 -> N10 -> N12 -> N03 -> N09
public_measurement_informed,random_heterogeneous_iot_public_measurement_informed_seed_114,114,bounded_beta90,1911.833,107.586,43.801,11.518,823.49,0,0,2193.704,N05 -> N07 -> N06 -> N14 -> N11 -> N10 -> N04 -> N02 -> N08 -> N13 -> N01 -> N12 -> N03 -> N09
public_measurement_informed,random_heterogeneous_iot_public_measurement_informed_seed_115,115,protocol_aware_time,1525.351,72.293,36.422,8.517,473.176,1,0,390.77,N12 -> N04 -> N01 -> N09 -> N06 -> N02 -> N08 -> N03 -> N07 -> N14 -> N05 -> N11 -> N10 -> N13
public_measurement_informed,random_heterogeneous_iot_public_measurement_informed_seed_115,115,soft_penalty_w12,1525.351,72.293,36.422,8.517,473.176,1,0,255.983,N12 -> N04 -> N01 -> N09 -> N06 -> N02 -> N08 -> N03 -> N07 -> N14 -> N05 -> N11 -> N10 -> N13
public_measurement_informed,random_heterogeneous_iot_public_measurement_informed_seed_115,115,average_gap,1525.351,73.571,36.422,8.092,474.323,1,0,706.816,N01 -> N04 -> N12 -> N09 -> N02 -> N06 -> N08 -> N03 -> N07 -> N14 -> N05 -> N11 -> N10 -> N13
public_measurement_informed,random_heterogeneous_iot_public_measurement_informed_seed_115,115,freshness_focused,1548.525,76.847,41.857,10.884,451.365,1,0,809.39,N05 -> N01 -> N04 -> N09 -> N14 -> N06 -> N07 -> N12 -> N03 -> N08 -> N02 -> N11 -> N10 -> N13
public_measurement_informed,random_heterogeneous_iot_public_measurement_informed_seed_115,115,bounded_beta90,1525.351,72.293,36.422,8.517,473.176,1,0,1984.438,N12 -> N04 -> N01 -> N09 -> N06 -> N02 -> N08 -> N03 -> N07 -> N14 -> N05 -> N11 -> N10 -> N13
public_measurement_informed,random_heterogeneous_iot_public_measurement_informed_seed_116,116,protocol_aware_time,2179.966,96.284,40.989,8.861,1061.369,0,0,295.145,N02 -> N04 -> N08 -> N11 -> N12 -> N13 -> N09 -> N14 -> N10 -> N06 -> N01 -> N05 -> N07 -> N03
public_measurement_informed,random_heterogeneous_iot_public_measurement_informed_seed_116,116,soft_penalty_w12,2259.632,83.456,48.644,9.71,1165.509,1,0,315.765,N06 -> N14 -> N09 -> N10 -> N02 -> N07 -> N04 -> N12 -> N03 -> N01 -> N05 -> N13 -> N08 -> N11
public_measurement_informed,random_heterogeneous_iot_public_measurement_informed_seed_116,116,average_gap,2209.874,111.111,39.955,8.764,1056.028,0,0,755.796,N08 -> N14 -> N05 -> N10 -> N06 -> N01 -> N11 -> N09 -> N07 -> N13 -> N03 -> N04 -> N12 -> N02
public_measurement_informed,random_heterogeneous_iot_public_measurement_informed_seed_116,116,freshness_focused,2384.547,148.422,56.672,15.444,788.304,0,0,755.893,N06 -> N10 -> N13 -> N14 -> N01 -> N07 -> N11 -> N12 -> N09 -> N08 -> N03 -> N04 -> N02 -> N05
public_measurement_informed,random_heterogeneous_iot_public_measurement_informed_seed_116,116,bounded_beta90,2025.475,69.252,27.843,4.057,1321.196,1,0,1987.749,N03 -> N13 -> N05 -> N14 -> N06 -> N04 -> N10 -> N02 -> N01 -> N12 -> N08 -> N07 -> N09 -> N11
public_measurement_informed,random_heterogeneous_iot_public_measurement_informed_seed_117,117,protocol_aware_time,1553.572,95.388,38.843,10.198,610.273,0,0,208.985,N11 -> N08 -> N05 -> N12 -> N13 -> N07 -> N03 -> N02 -> N10 -> N09 -> N14 -> N01 -> N06 -> N04
public_measurement_informed,random_heterogeneous_iot_public_measurement_informed_seed_117,117,soft_penalty_w12,1425.387,82.343,33.624,8.553,933.742,1,1,436.103,N08 -> N04 -> N09 -> N13 -> N07 -> N03 -> N06 -> N11 -> N02 -> N14 -> N10 -> N05 -> N12 -> N01
public_measurement_informed,random_heterogeneous_iot_public_measurement_informed_seed_117,117,average_gap,1553.572,122.627,38.625,11.758,618.1,0,0,613.68,N12 -> N08 -> N05 -> N11 -> N07 -> N13 -> N03 -> N02 -> N10 -> N09 -> N14 -> N01 -> N06 -> N04
public_measurement_informed,random_heterogeneous_iot_public_measurement_informed_seed_117,117,freshness_focused,1660.757,143.134,46.056,14.649,506.491,0,0,691.734,N14 -> N01 -> N02 -> N11 -> N13 -> N07 -> N03 -> N04 -> N10 -> N12 -> N06 -> N05 -> N09 -> N08
public_measurement_informed,random_heterogeneous_iot_public_measurement_informed_seed_117,117,bounded_beta90,1553.572,95.388,38.843,10.198,610.273,0,0,1532.287,N11 -> N08 -> N05 -> N12 -> N13 -> N07 -> N03 -> N02 -> N10 -> N09 -> N14 -> N01 -> N06 -> N04
public_measurement_informed,random_heterogeneous_iot_public_measurement_informed_seed_118,118,protocol_aware_time,1932.433,87.195,40.102,8.476,503.802,1,0,209.77,N13 -> N12 -> N01 -> N07 -> N14 -> N11 -> N08 -> N05 -> N04 -> N09 -> N10 -> N03 -> N02 -> N06
public_measurement_informed,random_heterogeneous_iot_public_measurement_informed_seed_118,118,soft_penalty_w12,1932.433,87.195,40.102,8.476,503.802,1,0,325.538,N13 -> N12 -> N01 -> N07 -> N14 -> N11 -> N08 -> N05 -> N04 -> N09 -> N10 -> N03 -> N02 -> N06
public_measurement_informed,random_heterogeneous_iot_public_measurement_informed_seed_118,118,average_gap,1968.768,91.03,36.573,7.525,516.133,0,0,583.159,N13 -> N08 -> N10 -> N07 -> N14 -> N11 -> N05 -> N04 -> N12 -> N09 -> N01 -> N03 -> N02 -> N06
public_measurement_informed,random_heterogeneous_iot_public_measurement_informed_seed_118,118,freshness_focused,1932.433,87.195,40.102,8.334,502.638,1,0,563.419,N13 -> N12 -> N01 -> N07 -> N08 -> N11 -> N14 -> N05 -> N04 -> N09 -> N10 -> N03 -> N02 -> N06
public_measurement_informed,random_heterogeneous_iot_public_measurement_informed_seed_118,118,bounded_beta90,1821.31,47.493,26.096,3.628,1157.89,1,0,1458.896,N06 -> N04 -> N03 -> N05 -> N01 -> N07 -> N13 -> N12 -> N14 -> N11 -> N08 -> N10 -> N02 -> N09
public_measurement_informed,random_heterogeneous_iot_public_measurement_informed_seed_119,119,protocol_aware_time,1654.341,84.458,42.905,10.315,541.888,1,0,154.346,N10 -> N05 -> N07 -> N06 -> N01 -> N03 -> N02 -> N09 -> N08 -> N13 -> N12 -> N04 -> N14 -> N11
public_measurement_informed,random_heterogeneous_iot_public_measurement_informed_seed_119,119,soft_penalty_w12,1660.016,88.138,39.942,11.164,805.595,1,0,237.378,N10 -> N03 -> N13 -> N02 -> N01 -> N04 -> N12 -> N11 -> N06 -> N05 -> N07 -> N08 -> N14 -> N09
public_measurement_informed,random_heterogeneous_iot_public_measurement_informed_seed_119,119,average_gap,1705.621,83.853,41.43,10.854,726.814,1,0,484.935,N04 -> N02 -> N08 -> N10 -> N09 -> N12 -> N03 -> N13 -> N01 -> N05 -> N07 -> N06 -> N14 -> N11
public_measurement_informed,random_heterogeneous_iot_public_measurement_informed_seed_119,119,freshness_focused,1654.362,94.155,42.913,10.723,519.643,0,0,438.218,N09 -> N03 -> N06 -> N02 -> N01 -> N10 -> N05 -> N07 -> N08 -> N13 -> N12 -> N04 -> N14 -> N11
public_measurement_informed,random_heterogeneous_iot_public_measurement_informed_seed_119,119,bounded_beta90,1462.988,59.934,27.355,5.612,847.3,1,1,1315.65,N04 -> N08 -> N13 -> N01 -> N11 -> N03 -> N10 -> N06 -> N05 -> N07 -> N14 -> N02 -> N09 -> N12
public_measurement_informed,random_heterogeneous_iot_public_measurement_informed_seed_120,120,protocol_aware_time,2003.355,79.615,34.923,6.378,520.906,1,0,395.453,N05 -> N14 -> N04 -> N11 -> N01 -> N08 -> N03 -> N06 -> N12 -> N09 -> N10 -> N02 -> N13 -> N07
public_measurement_informed,random_heterogeneous_iot_public_measurement_informed_seed_120,120,soft_penalty_w12,2164.468,75.982,42.488,8.423,1531.37,1,0,316.126,N14 -> N13 -> N02 -> N10 -> N12 -> N05 -> N07 -> N11 -> N09 -> N08 -> N03 -> N06 -> N04 -> N01
public_measurement_informed,random_heterogeneous_iot_public_measurement_informed_seed_120,120,average_gap,2003.381,87.812,34.757,6.567,523.797,1,0,1018.007,N05 -> N06 -> N12 -> N04 -> N09 -> N08 -> N03 -> N14 -> N11 -> N01 -> N10 -> N02 -> N13 -> N07
public_measurement_informed,random_heterogeneous_iot_public_measurement_informed_seed_120,120,freshness_focused,2003.392,82.441,34.809,6.99,511.757,1,0,946.445,N05 -> N14 -> N04 -> N09 -> N01 -> N08 -> N03 -> N12 -> N06 -> N11 -> N10 -> N02 -> N13 -> N07
public_measurement_informed,random_heterogeneous_iot_public_measurement_informed_seed_120,120,bounded_beta90,2003.355,79.615,34.923,6.378,520.906,1,0,2046.121,N05 -> N14 -> N04 -> N11 -> N01 -> N08 -> N03 -> N06 -> N12 -> N09 -> N10 -> N02 -> N13 -> N07
public_measurement_informed,random_heterogeneous_iot_public_measurement_informed_seed_121,121,protocol_aware_time,1119.003,81.649,34.692,11.46,592.826,1,1,260.481,N13 -> N08 -> N09 -> N10 -> N02 -> N14 -> N04 -> N01 -> N07 -> N03 -> N05 -> N12 -> N06 -> N11
public_measurement_informed,random_heterogeneous_iot_public_measurement_informed_seed_121,121,soft_penalty_w12,1158.019,88.445,43.225,15.502,434.827,1,1,122.771,N13 -> N11 -> N07 -> N04 -> N12 -> N02 -> N14 -> N03 -> N06 -> N05 -> N10 -> N09 -> N01 -> N08
public_measurement_informed,random_heterogeneous_iot_public_measurement_informed_seed_121,121,average_gap,1115.268,76.999,34.443,11.207,769.843,1,1,720.221,N01 -> N10 -> N11 -> N08 -> N09 -> N13 -> N12 -> N02 -> N06 -> N05 -> N14 -> N03 -> N07 -> N04
public_measurement_informed,random_heterogeneous_iot_public_measurement_informed_seed_121,121,freshness_focused,1160.358,137.868,43.367,19.142,401.882,0,1,764.853,N10 -> N11 -> N07 -> N06 -> N13 -> N02 -> N14 -> N03 -> N05 -> N12 -> N04 -> N09 -> N01 -> N08
public_measurement_informed,random_heterogeneous_iot_public_measurement_informed_seed_121,121,bounded_beta90,1119.003,81.649,34.692,11.46,592.826,1,1,1479.929,N13 -> N08 -> N09 -> N10 -> N02 -> N14 -> N04 -> N01 -> N07 -> N03 -> N05 -> N12 -> N06 -> N11
public_measurement_informed,random_heterogeneous_iot_public_measurement_informed_seed_122,122,protocol_aware_time,1429.115,70.888,31.176,7.626,362.775,1,1,235.749,N08 -> N13 -> N04 -> N06 -> N02 -> N11 -> N12 -> N05 -> N10 -> N03 -> N01 -> N14 -> N09 -> N07
public_measurement_informed,random_heterogeneous_iot_public_measurement_informed_seed_122,122,soft_penalty_w12,1321.31,59.3,23.597,4.363,454.029,1,1,288.752,N08 -> N13 -> N04 -> N06 -> N02 -> N10 -> N05 -> N12 -> N01 -> N14 -> N07 -> N09 -> N03 -> N11
public_measurement_informed,random_heterogeneous_iot_public_measurement_informed_seed_122,122,average_gap,1431.315,70.888,30.691,6.705,396.957,1,1,630.969,N08 -> N13 -> N04 -> N06 -> N02 -> N11 -> N12 -> N05 -> N10 -> N03 -> N01 -> N09 -> N14 -> N07
public_measurement_informed,random_heterogeneous_iot_public_measurement_informed_seed_122,122,freshness_focused,1428.652,75.109,30.911,6.882,343.738,1,1,704.923,N08 -> N13 -> N04 -> N06 -> N02 -> N11 -> N14 -> N05 -> N12 -> N10 -> N03 -> N01 -> N09 -> N07
public_measurement_informed,random_heterogeneous_iot_public_measurement_informed_seed_122,122,bounded_beta90,1429.115,70.888,31.176,7.626,362.775,1,1,1381.592,N08 -> N13 -> N04 -> N06 -> N02 -> N11 -> N12 -> N05 -> N10 -> N03 -> N01 -> N14 -> N09 -> N07
public_measurement_informed,random_heterogeneous_iot_public_measurement_informed_seed_123,123,protocol_aware_time,2751.585,189.691,52.988,12.624,1659.054,0,0,438.597,N05 -> N06 -> N12 -> N07 -> N08 -> N10 -> N01 -> N14 -> N09 -> N11 -> N13 -> N04 -> N02 -> N03
public_measurement_informed,random_heterogeneous_iot_public_measurement_informed_seed_123,123,soft_penalty_w12,2830.308,107.537,56.825,11.333,1143.624,0,0,297.551,N11 -> N04 -> N08 -> N10 -> N02 -> N13 -> N03 -> N05 -> N01 -> N07 -> N06 -> N09 -> N14 -> N12
public_measurement_informed,random_heterogeneous_iot_public_measurement_informed_seed_123,123,average_gap,2775.255,83.037,37.831,5.147,1743.692,1,0,958.197,N13 -> N09 -> N12 -> N05 -> N07 -> N10 -> N03 -> N06 -> N14 -> N11 -> N01 -> N04 -> N02 -> N08
public_measurement_informed,random_heterogeneous_iot_public_measurement_informed_seed_123,123,freshness_focused,2830.296,117.071,56.802,11.701,1083.347,0,0,918.287,N02 -> N04 -> N11 -> N08 -> N10 -> N03 -> N13 -> N05 -> N01 -> N07 -> N06 -> N09 -> N14 -> N12
public_measurement_informed,random_heterogeneous_iot_public_measurement_informed_seed_123,123,bounded_beta90,2611.365,52.15,30.599,3.329,1127.244,1,0,2131.106,N10 -> N04 -> N11 -> N13 -> N08 -> N07 -> N01 -> N05 -> N06 -> N02 -> N03 -> N09 -> N14 -> N12
public_measurement_informed,random_heterogeneous_iot_public_measurement_informed_seed_124,124,protocol_aware_time,3773.474,90.353,44.562,5.194,1570.908,0,0,275.895,N13 -> N04 -> N08 -> N07 -> N09 -> N14 -> N05 -> N01 -> N11 -> N02 -> N12 -> N06 -> N10 -> N03
public_measurement_informed,random_heterogeneous_iot_public_measurement_informed_seed_124,124,soft_penalty_w12,3773.474,90.353,44.562,5.194,1570.908,0,0,294.202,N13 -> N04 -> N08 -> N07 -> N09 -> N14 -> N05 -> N01 -> N11 -> N02 -> N12 -> N06 -> N10 -> N03
public_measurement_informed,random_heterogeneous_iot_public_measurement_informed_seed_124,124,average_gap,3890.478,95.197,37.748,4.358,1564.811,0,0,781.77,N13 -> N09 -> N11 -> N07 -> N04 -> N12 -> N05 -> N08 -> N14 -> N01 -> N02 -> N06 -> N10 -> N03
public_measurement_informed,random_heterogeneous_iot_public_measurement_informed_seed_124,124,freshness_focused,3886.619,100.104,44.965,5.988,1379.6,0,0,810.119,N03 -> N08 -> N12 -> N14 -> N13 -> N09 -> N05 -> N01 -> N11 -> N02 -> N04 -> N06 -> N10 -> N07
public_measurement_informed,random_heterogeneous_iot_public_measurement_informed_seed_124,124,bounded_beta90,3773.474,90.353,44.562,5.194,1570.908,0,0,1914.065,N13 -> N04 -> N08 -> N07 -> N09 -> N14 -> N05 -> N01 -> N11 -> N02 -> N12 -> N06 -> N10 -> N03
public_measurement_informed,random_heterogeneous_iot_public_measurement_informed_seed_125,125,protocol_aware_time,2282.284,97.048,35.686,6.195,853.108,0,0,169.789,N08 -> N02 -> N13 -> N12 -> N10 -> N11 -> N06 -> N03 -> N04 -> N05 -> N09 -> N07 -> N14 -> N01
public_measurement_informed,random_heterogeneous_iot_public_measurement_informed_seed_125,125,soft_penalty_w12,2400.902,98.08,40.326,7.272,1688.185,0,0,508.983,N06 -> N08 -> N10 -> N12 -> N07 -> N02 -> N11 -> N13 -> N03 -> N04 -> N05 -> N09 -> N14 -> N01
public_measurement_informed,random_heterogeneous_iot_public_measurement_informed_seed_125,125,average_gap,2282.303,94.903,34.766,6.056,855.153,0,0,727.231,N11 -> N10 -> N13 -> N08 -> N02 -> N12 -> N06 -> N03 -> N04 -> N05 -> N09 -> N07 -> N14 -> N01
public_measurement_informed,random_heterogeneous_iot_public_measurement_informed_seed_125,125,freshness_focused,2578.611,217.518,56.182,16.966,608.745,0,0,785.144,N08 -> N10 -> N14 -> N05 -> N02 -> N04 -> N13 -> N03 -> N11 -> N09 -> N12 -> N01 -> N07 -> N06
public_measurement_informed,random_heterogeneous_iot_public_measurement_informed_seed_125,125,bounded_beta90,2282.284,97.048,35.686,6.195,853.108,0,0,1779.982,N08 -> N02 -> N13 -> N12 -> N10 -> N11 -> N06 -> N03 -> N04 -> N05 -> N09 -> N07 -> N14 -> N01
public_measurement_informed,random_heterogeneous_iot_public_measurement_informed_seed_126,126,protocol_aware_time,2069.08,85.13,42.391,8.939,914.021,1,0,446.253,N14 -> N13 -> N11 -> N02 -> N04 -> N03 -> N12 -> N06 -> N09 -> N07 -> N08 -> N05 -> N10 -> N01
public_measurement_informed,random_heterogeneous_iot_public_measurement_informed_seed_126,126,soft_penalty_w12,2189.983,74.749,43.058,8.122,1400.786,1,0,397.822,N03 -> N11 -> N14 -> N08 -> N13 -> N05 -> N10 -> N09 -> N02 -> N04 -> N01 -> N07 -> N12 -> N06
public_measurement_informed,random_heterogeneous_iot_public_measurement_informed_seed_126,126,average_gap,2155.315,81.601,37.541,6.698,1518.271,1,0,1167.446,N14 -> N08 -> N06 -> N11 -> N02 -> N01 -> N09 -> N04 -> N03 -> N13 -> N05 -> N10 -> N07 -> N12
public_measurement_informed,random_heterogeneous_iot_public_measurement_informed_seed_126,126,freshness_focused,2388.458,165.716,60.199,18.021,716.338,0,0,1041.246,N05 -> N10 -> N03 -> N14 -> N09 -> N04 -> N06 -> N02 -> N07 -> N12 -> N08 -> N11 -> N13 -> N01
public_measurement_informed,random_heterogeneous_iot_public_measurement_informed_seed_126,126,bounded_beta90,2047.36,56.724,36.409,5.686,1041.141,1,0,2379.138,N05 -> N13 -> N01 -> N06 -> N09 -> N07 -> N10 -> N11 -> N03 -> N14 -> N08 -> N02 -> N04 -> N12
public_measurement_informed,random_heterogeneous_iot_public_measurement_informed_seed_127,127,protocol_aware_time,2281.384,79.955,40.624,6.886,803.326,1,0,462.858,N07 -> N02 -> N10 -> N05 -> N14 -> N12 -> N09 -> N01 -> N08 -> N03 -> N13 -> N11 -> N06 -> N04
public_measurement_informed,random_heterogeneous_iot_public_measurement_informed_seed_127,127,soft_penalty_w12,2359.599,89.822,44.08,8.426,1253.953,1,0,533.171,N06 -> N13 -> N09 -> N14 -> N03 -> N08 -> N05 -> N07 -> N04 -> N10 -> N12 -> N11 -> N02 -> N01
public_measurement_informed,random_heterogeneous_iot_public_measurement_informed_seed_127,127,average_gap,2364.615,94.69,40.148,7.394,1258.885,0,0,1205.459,N07 -> N04 -> N12 -> N11 -> N03 -> N13 -> N08 -> N06 -> N14 -> N09 -> N05 -> N02 -> N10 -> N01
public_measurement_informed,random_heterogeneous_iot_public_measurement_informed_seed_127,127,freshness_focused,2581.431,211.258,56.503,16.743,705.797,0,0,1305.578,N07 -> N02 -> N10 -> N05 -> N14 -> N12 -> N09 -> N13 -> N08 -> N11 -> N03 -> N01 -> N06 -> N04
public_measurement_informed,random_heterogeneous_iot_public_measurement_informed_seed_127,127,bounded_beta90,2273.013,72.426,34.874,5.318,1390.937,1,0,2768.142,N06 -> N04 -> N02 -> N10 -> N05 -> N14 -> N03 -> N12 -> N09 -> N01 -> N08 -> N07 -> N13 -> N11
public_measurement_informed,random_heterogeneous_iot_public_measurement_informed_seed_128,128,protocol_aware_time,2505.789,82.054,31.867,4.839,911.186,1,0,329.744,N09 -> N04 -> N02 -> N12 -> N13 -> N14 -> N08 -> N07 -> N01 -> N03 -> N10 -> N11 -> N06 -> N05
public_measurement_informed,random_heterogeneous_iot_public_measurement_informed_seed_128,128,soft_penalty_w12,2502.955,82.054,32.161,5.321,881.953,1,0,436.098,N09 -> N02 -> N12 -> N14 -> N08 -> N05 -> N04 -> N07 -> N01 -> N03 -> N10 -> N11 -> N06 -> N13
public_measurement_informed,random_heterogeneous_iot_public_measurement_informed_seed_128,128,average_gap,2505.789,82.054,31.867,4.839,911.186,1,0,874.363,N09 -> N04 -> N02 -> N12 -> N13 -> N14 -> N08 -> N07 -> N01 -> N03 -> N10 -> N11 -> N06 -> N05
public_measurement_informed,random_heterogeneous_iot_public_measurement_informed_seed_128,128,freshness_focused,3150.256,213.629,65.905,16.74,836.626,0,0,918.82,N13 -> N14 -> N01 -> N05 -> N09 -> N06 -> N08 -> N02 -> N12 -> N04 -> N11 -> N10 -> N07 -> N03
public_measurement_informed,random_heterogeneous_iot_public_measurement_informed_seed_128,128,bounded_beta90,2505.789,82.054,31.867,4.839,911.186,1,0,2052.675,N09 -> N04 -> N02 -> N12 -> N13 -> N14 -> N08 -> N07 -> N01 -> N03 -> N10 -> N11 -> N06 -> N05
public_measurement_informed,random_heterogeneous_iot_public_measurement_informed_seed_129,129,protocol_aware_time,1072.484,82.573,30.581,9.344,688.225,1,1,257.243,N13 -> N11 -> N10 -> N07 -> N14 -> N04 -> N01 -> N02 -> N03 -> N08 -> N05 -> N09 -> N06 -> N12
public_measurement_informed,random_heterogeneous_iot_public_measurement_informed_seed_129,129,soft_penalty_w12,1071.498,66.198,30.638,9.071,709.929,1,1,504.841,N13 -> N11 -> N10 -> N04 -> N14 -> N01 -> N09 -> N03 -> N08 -> N05 -> N02 -> N06 -> N07 -> N12
public_measurement_informed,random_heterogeneous_iot_public_measurement_informed_seed_129,129,average_gap,1072.484,82.573,30.581,9.344,688.225,1,1,744.37,N13 -> N11 -> N10 -> N07 -> N14 -> N04 -> N01 -> N02 -> N03 -> N08 -> N05 -> N09 -> N06 -> N12
public_measurement_informed,random_heterogeneous_iot_public_measurement_informed_seed_129,129,freshness_focused,1505.05,225.28,59.001,30.734,436.443,0,0,764.749,N11 -> N02 -> N08 -> N07 -> N01 -> N06 -> N03 -> N14 -> N04 -> N12 -> N05 -> N09 -> N13 -> N10
public_measurement_informed,random_heterogeneous_iot_public_measurement_informed_seed_129,129,bounded_beta90,973.798,55.532,23.144,5.462,276.77,1,1,1723.783,N13 -> N11 -> N12 -> N03 -> N08 -> N07 -> N09 -> N14 -> N04 -> N05 -> N02 -> N06 -> N10 -> N01
public_measurement_informed,random_heterogeneous_iot_public_measurement_informed_seed_130,130,protocol_aware_time,2511.654,120.993,54.0,13.619,1362.259,0,0,197.007,N08 -> N12 -> N10 -> N06 -> N04 -> N01 -> N11 -> N03 -> N07 -> N13 -> N09 -> N02 -> N05 -> N14
public_measurement_informed,random_heterogeneous_iot_public_measurement_informed_seed_130,130,soft_penalty_w12,2326.677,81.182,40.487,6.663,1014.637,1,0,236.709,N12 -> N13 -> N14 -> N08 -> N06 -> N09 -> N11 -> N05 -> N02 -> N04 -> N07 -> N01 -> N03 -> N10
public_measurement_informed,random_heterogeneous_iot_public_measurement_informed_seed_130,130,average_gap,2379.805,97.357,40.854,7.7,1429.872,0,0,645.844,N13 -> N09 -> N10 -> N02 -> N05 -> N03 -> N08 -> N06 -> N01 -> N04 -> N07 -> N11 -> N12 -> N14
public_measurement_informed,random_heterogeneous_iot_public_measurement_informed_seed_130,130,freshness_focused,2579.504,193.079,62.041,18.308,1005.176,0,0,642.847,N14 -> N05 -> N07 -> N06 -> N10 -> N11 -> N03 -> N08 -> N13 -> N01 -> N09 -> N02 -> N04 -> N12
public_measurement_informed,random_heterogeneous_iot_public_measurement_informed_seed_130,130,bounded_beta90,2228.228,56.265,32.472,4.192,830.853,1,0,1566.094,N13 -> N14 -> N02 -> N12 -> N01 -> N03 -> N11 -> N10 -> N07 -> N06 -> N09 -> N08 -> N05 -> N04
public_measurement_informed,random_heterogeneous_iot_public_measurement_informed_seed_131,131,protocol_aware_time,2717.38,120.307,54.433,11.545,1331.086,0,0,244.241,N06 -> N13 -> N07 -> N01 -> N14 -> N09 -> N05 -> N08 -> N03 -> N11 -> N04 -> N10 -> N12 -> N02
public_measurement_informed,random_heterogeneous_iot_public_measurement_informed_seed_131,131,soft_penalty_w12,2588.817,96.545,45.137,7.345,1280.04,0,0,297.011,N13 -> N05 -> N11 -> N04 -> N01 -> N12 -> N03 -> N08 -> N02 -> N06 -> N07 -> N09 -> N14 -> N10
public_measurement_informed,random_heterogeneous_iot_public_measurement_informed_seed_131,131,average_gap,2717.386,114.651,48.683,9.417,1301.615,0,0,718.376,N07 -> N03 -> N08 -> N13 -> N14 -> N09 -> N06 -> N05 -> N01 -> N11 -> N04 -> N10 -> N12 -> N02
public_measurement_informed,random_heterogeneous_iot_public_measurement_informed_seed_131,131,freshness_focused,2960.236,169.963,69.972,18.656,991.475,0,0,807.979,N10 -> N07 -> N08 -> N13 -> N06 -> N01 -> N02 -> N09 -> N03 -> N11 -> N12 -> N04 -> N05 -> N14
public_measurement_informed,random_heterogeneous_iot_public_measurement_informed_seed_131,131,bounded_beta90,2708.302,101.518,52.24,10.818,1554.542,0,0,1594.807,N05 -> N01 -> N14 -> N11 -> N04 -> N03 -> N13 -> N08 -> N09 -> N02 -> N07 -> N06 -> N12 -> N10
public_measurement_informed,random_heterogeneous_iot_public_measurement_informed_seed_132,132,protocol_aware_time,2432.027,85.632,41.802,7.115,787.088,1,0,211.765,N01 -> N10 -> N12 -> N08 -> N04 -> N03 -> N13 -> N07 -> N06 -> N02 -> N14 -> N09 -> N05 -> N11
public_measurement_informed,random_heterogeneous_iot_public_measurement_informed_seed_132,132,soft_penalty_w12,2444.318,86.024,45.474,8.675,798.644,1,0,205.646,N14 -> N12 -> N02 -> N10 -> N01 -> N03 -> N04 -> N06 -> N13 -> N07 -> N08 -> N09 -> N05 -> N11
public_measurement_informed,random_heterogeneous_iot_public_measurement_informed_seed_132,132,average_gap,2476.153,79.4,35.037,4.857,958.097,1,0,611.438,N13 -> N02 -> N14 -> N08 -> N07 -> N06 -> N04 -> N10 -> N03 -> N12 -> N01 -> N09 -> N05 -> N11
public_measurement_informed,random_heterogeneous_iot_public_measurement_informed_seed_132,132,freshness_focused,2444.671,78.502,43.883,7.264,643.928,1,0,692.952,N01 -> N06 -> N04 -> N10 -> N14 -> N12 -> N03 -> N13 -> N07 -> N02 -> N08 -> N09 -> N05 -> N11
public_measurement_informed,random_heterogeneous_iot_public_measurement_informed_seed_132,132,bounded_beta90,2432.027,85.632,41.802,7.115,787.088,1,0,1435.819,N01 -> N10 -> N12 -> N08 -> N04 -> N03 -> N13 -> N07 -> N06 -> N02 -> N14 -> N09 -> N05 -> N11
public_measurement_informed,random_heterogeneous_iot_public_measurement_informed_seed_133,133,protocol_aware_time,2990.858,116.48,42.347,7.443,1419.782,0,0,414.193,N12 -> N08 -> N03 -> N09 -> N05 -> N14 -> N13 -> N06 -> N10 -> N04 -> N02 -> N07 -> N01 -> N11
public_measurement_informed,random_heterogeneous_iot_public_measurement_informed_seed_133,133,soft_penalty_w12,2991.542,90.973,37.478,5.665,1423.147,0,0,543.029,N05 -> N13 -> N01 -> N14 -> N03 -> N08 -> N09 -> N04 -> N11 -> N02 -> N06 -> N12 -> N10 -> N07
public_measurement_informed,random_heterogeneous_iot_public_measurement_informed_seed_133,133,average_gap,3007.04,85.192,34.725,4.51,1384.628,1,0,1117.707,N12 -> N08 -> N03 -> N09 -> N05 -> N14 -> N06 -> N13 -> N04 -> N11 -> N02 -> N07 -> N01 -> N10
public_measurement_informed,random_heterogeneous_iot_public_measurement_informed_seed_133,133,freshness_focused,3420.505,266.637,64.977,19.829,1037.198,0,0,1078.216,N09 -> N07 -> N01 -> N04 -> N14 -> N13 -> N05 -> N12 -> N10 -> N06 -> N02 -> N03 -> N08 -> N11
public_measurement_informed,random_heterogeneous_iot_public_measurement_informed_seed_133,133,bounded_beta90,2987.906,62.861,33.423,3.685,1899.077,1,0,2351.358,N02 -> N01 -> N10 -> N13 -> N11 -> N06 -> N05 -> N04 -> N09 -> N14 -> N03 -> N08 -> N12 -> N07
public_measurement_informed,random_heterogeneous_iot_public_measurement_informed_seed_134,134,protocol_aware_time,1280.801,112.908,38.518,13.821,927.495,0,1,293.825,N06 -> N10 -> N02 -> N11 -> N01 -> N03 -> N13 -> N12 -> N07 -> N05 -> N08 -> N04 -> N14 -> N09
public_measurement_informed,random_heterogeneous_iot_public_measurement_informed_seed_134,134,soft_penalty_w12,1246.326,68.346,34.051,9.723,576.365,1,1,369.181,N12 -> N07 -> N03 -> N08 -> N10 -> N01 -> N13 -> N14 -> N06 -> N09 -> N05 -> N02 -> N04 -> N11
public_measurement_informed,random_heterogeneous_iot_public_measurement_informed_seed_134,134,average_gap,1221.113,86.997,35.535,12.695,728.914,1,1,829.201,N05 -> N04 -> N09 -> N12 -> N10 -> N03 -> N11 -> N06 -> N02 -> N13 -> N14 -> N08 -> N07 -> N01
public_measurement_informed,random_heterogeneous_iot_public_measurement_informed_seed_134,134,freshness_focused,1357.101,151.75,44.344,18.759,598.177,0,1,831.807,N02 -> N01 -> N06 -> N14 -> N07 -> N12 -> N08 -> N11 -> N09 -> N10 -> N05 -> N03 -> N13 -> N04
public_measurement_informed,random_heterogeneous_iot_public_measurement_informed_seed_134,134,bounded_beta90,1267.084,54.037,37.185,9.019,596.636,1,1,1989.563,N04 -> N07 -> N03 -> N12 -> N10 -> N13 -> N09 -> N06 -> N08 -> N01 -> N14 -> N02 -> N05 -> N11
public_measurement_informed,random_heterogeneous_iot_public_measurement_informed_seed_135,135,protocol_aware_time,3339.993,72.628,38.209,4.214,1338.422,1,0,300.248,N10 -> N03 -> N09 -> N04 -> N07 -> N02 -> N05 -> N12 -> N14 -> N01 -> N11 -> N13 -> N08 -> N06
public_measurement_informed,random_heterogeneous_iot_public_measurement_informed_seed_135,135,soft_penalty_w12,3339.993,72.628,38.209,4.214,1338.422,1,0,336.115,N10 -> N03 -> N09 -> N04 -> N07 -> N02 -> N05 -> N12 -> N14 -> N01 -> N11 -> N13 -> N08 -> N06
public_measurement_informed,random_heterogeneous_iot_public_measurement_informed_seed_135,135,average_gap,3355.068,69.553,35.444,3.83,1338.472,1,0,872.779,N10 -> N05 -> N09 -> N04 -> N07 -> N02 -> N11 -> N12 -> N03 -> N01 -> N14 -> N13 -> N08 -> N06
public_measurement_informed,random_heterogeneous_iot_public_measurement_informed_seed_135,135,freshness_focused,3642.643,284.272,59.676,15.508,1294.079,0,0,832.831,N11 -> N12 -> N05 -> N02 -> N07 -> N03 -> N09 -> N14 -> N04 -> N01 -> N10 -> N13 -> N08 -> N06
public_measurement_informed,random_heterogeneous_iot_public_measurement_informed_seed_135,135,bounded_beta90,3339.993,72.628,38.209,4.214,1338.422,1,0,1908.907,N10 -> N03 -> N09 -> N04 -> N07 -> N02 -> N05 -> N12 -> N14 -> N01 -> N11 -> N13 -> N08 -> N06
public_measurement_informed,random_heterogeneous_iot_public_measurement_informed_seed_136,136,protocol_aware_time,1416.985,103.899,34.526,10.393,373.236,0,1,174.855,N10 -> N05 -> N07 -> N02 -> N14 -> N09 -> N06 -> N11 -> N01 -> N04 -> N03 -> N13 -> N12 -> N08
public_measurement_informed,random_heterogeneous_iot_public_measurement_informed_seed_136,136,soft_penalty_w12,1417.594,82.462,34.609,9.053,390.363,1,1,240.174,N10 -> N05 -> N07 -> N02 -> N14 -> N09 -> N06 -> N04 -> N11 -> N01 -> N13 -> N03 -> N12 -> N08
public_measurement_informed,random_heterogeneous_iot_public_measurement_informed_seed_136,136,average_gap,1438.685,62.978,33.582,7.653,440.817,1,1,530.152,N03 -> N02 -> N14 -> N10 -> N09 -> N11 -> N04 -> N06 -> N01 -> N05 -> N13 -> N07 -> N12 -> N08
public_measurement_informed,random_heterogeneous_iot_public_measurement_informed_seed_136,136,freshness_focused,1417.251,103.899,34.486,10.298,372.829,0,1,507.777,N10 -> N05 -> N07 -> N02 -> N14 -> N09 -> N04 -> N11 -> N01 -> N03 -> N06 -> N13 -> N12 -> N08
public_measurement_informed,random_heterogeneous_iot_public_measurement_informed_seed_136,136,bounded_beta90,1418.139,53.423,29.827,5.664,683.064,1,1,1341.772,N12 -> N10 -> N05 -> N14 -> N09 -> N04 -> N02 -> N11 -> N07 -> N13 -> N03 -> N06 -> N01 -> N08
public_measurement_informed,random_heterogeneous_iot_public_measurement_informed_seed_137,137,protocol_aware_time,1673.347,99.738,38.602,9.54,525.771,0,0,342.454,N05 -> N02 -> N04 -> N03 -> N13 -> N11 -> N09 -> N10 -> N06 -> N08 -> N01 -> N07 -> N14 -> N12
public_measurement_informed,random_heterogeneous_iot_public_measurement_informed_seed_137,137,soft_penalty_w12,1815.112,103.303,44.709,12.44,564.422,0,0,190.172,N04 -> N05 -> N02 -> N10 -> N09 -> N07 -> N06 -> N11 -> N13 -> N08 -> N01 -> N14 -> N12 -> N03
public_measurement_informed,random_heterogeneous_iot_public_measurement_informed_seed_137,137,average_gap,1754.548,70.206,35.813,7.127,778.556,1,0,709.247,N04 -> N05 -> N10 -> N09 -> N07 -> N06 -> N11 -> N12 -> N02 -> N08 -> N01 -> N03 -> N13 -> N14
public_measurement_informed,random_heterogeneous_iot_public_measurement_informed_seed_137,137,freshness_focused,1903.598,260.776,53.231,28.673,476.956,0,0,754.239,N04 -> N05 -> N02 -> N10 -> N09 -> N07 -> N06 -> N03 -> N13 -> N11 -> N08 -> N14 -> N12 -> N01
public_measurement_informed,random_heterogeneous_iot_public_measurement_informed_seed_137,137,bounded_beta90,1612.414,75.172,29.116,6.36,920.245,1,0,1624.247,N14 -> N08 -> N01 -> N06 -> N03 -> N05 -> N02 -> N10 -> N09 -> N07 -> N12 -> N04 -> N11 -> N13
public_measurement_informed,random_heterogeneous_iot_public_measurement_informed_seed_138,138,protocol_aware_time,2255.722,73.259,35.262,5.61,1290.719,1,0,383.135,N12 -> N14 -> N06 -> N01 -> N13 -> N07 -> N03 -> N09 -> N02 -> N04 -> N11 -> N05 -> N10 -> N08
public_measurement_informed,random_heterogeneous_iot_public_measurement_informed_seed_138,138,soft_penalty_w12,2342.587,103.271,39.585,7.248,1180.579,0,0,489.527,N12 -> N14 -> N08 -> N09 -> N07 -> N01 -> N13 -> N06 -> N03 -> N11 -> N05 -> N02 -> N04 -> N10
public_measurement_informed,random_heterogeneous_iot_public_measurement_informed_seed_138,138,average_gap,2376.979,88.034,32.964,5.155,1282.293,1,0,1145.574,N05 -> N10 -> N09 -> N01 -> N12 -> N04 -> N02 -> N14 -> N03 -> N13 -> N06 -> N07 -> N11 -> N08
public_measurement_informed,random_heterogeneous_iot_public_measurement_informed_seed_138,138,freshness_focused,2340.339,88.259,39.116,6.411,989.825,1,0,1188.906,N10 -> N02 -> N11 -> N07 -> N13 -> N01 -> N12 -> N14 -> N03 -> N09 -> N08 -> N05 -> N04 -> N06
public_measurement_informed,random_heterogeneous_iot_public_measurement_informed_seed_138,138,bounded_beta90,2209.85,64.361,29.594,3.948,574.555,1,0,2608.315,N11 -> N10 -> N02 -> N08 -> N06 -> N07 -> N13 -> N09 -> N01 -> N12 -> N14 -> N03 -> N04 -> N05
public_measurement_informed,random_heterogeneous_iot_public_measurement_informed_seed_139,139,protocol_aware_time,2753.538,115.151,32.185,5.16,1574.791,0,0,566.231,N06 -> N02 -> N13 -> N07 -> N03 -> N04 -> N12 -> N14 -> N09 -> N01 -> N08 -> N05 -> N11 -> N10
public_measurement_informed,random_heterogeneous_iot_public_measurement_informed_seed_139,139,soft_penalty_w12,2875.06,138.528,45.273,8.47,1119.109,0,0,417.172,N05 -> N13 -> N04 -> N01 -> N02 -> N03 -> N07 -> N11 -> N12 -> N14 -> N08 -> N10 -> N06 -> N09
public_measurement_informed,random_heterogeneous_iot_public_measurement_informed_seed_139,139,average_gap,2753.587,117.927,30.985,5.16,1582.023,0,0,1410.844,N06 -> N12 -> N03 -> N07 -> N13 -> N04 -> N02 -> N14 -> N09 -> N01 -> N08 -> N05 -> N11 -> N10
public_measurement_informed,random_heterogeneous_iot_public_measurement_informed_seed_139,139,freshness_focused,3177.377,263.101,63.373,19.459,1023.33,0,0,1379.486,N12 -> N13 -> N05 -> N02 -> N14 -> N04 -> N03 -> N11 -> N07 -> N01 -> N08 -> N10 -> N06 -> N09
public_measurement_informed,random_heterogeneous_iot_public_measurement_informed_seed_139,139,bounded_beta90,2753.538,115.151,32.185,5.16,1574.791,0,0,3174.397,N06 -> N02 -> N13 -> N07 -> N03 -> N04 -> N12 -> N14 -> N09 -> N01 -> N08 -> N05 -> N11 -> N10
public_measurement_informed,random_heterogeneous_iot_public_measurement_informed_seed_140,140,protocol_aware_time,1606.333,79.632,31.377,6.715,1137.922,1,0,385.265,N12 -> N03 -> N05 -> N01 -> N04 -> N09 -> N14 -> N11 -> N02 -> N08 -> N13 -> N10 -> N06 -> N07
public_measurement_informed,random_heterogeneous_iot_public_measurement_informed_seed_140,140,soft_penalty_w12,1676.536,97.929,37.579,9.04,903.29,0,0,412.19,N14 -> N09 -> N03 -> N01 -> N04 -> N06 -> N11 -> N02 -> N05 -> N13 -> N08 -> N12 -> N10 -> N07
public_measurement_informed,random_heterogeneous_iot_public_measurement_informed_seed_140,140,average_gap,1606.333,90.463,26.995,5.552,1208.685,0,0,932.237,N04 -> N12 -> N09 -> N01 -> N14 -> N03 -> N05 -> N11 -> N02 -> N08 -> N13 -> N10 -> N06 -> N07
public_measurement_informed,random_heterogeneous_iot_public_measurement_informed_seed_140,140,freshness_focused,1914.777,112.42,51.461,13.399,808.169,0,0,911.848,N06 -> N07 -> N02 -> N05 -> N04 -> N09 -> N03 -> N11 -> N14 -> N01 -> N10 -> N13 -> N08 -> N12
public_measurement_informed,random_heterogeneous_iot_public_measurement_informed_seed_140,140,bounded_beta90,1606.296,46.573,31.475,5.293,1138.781,1,0,2231.897,N12 -> N14 -> N03 -> N01 -> N04 -> N02 -> N05 -> N11 -> N09 -> N08 -> N13 -> N10 -> N06 -> N07
public_measurement_informed,random_heterogeneous_iot_public_measurement_informed_seed_141,141,protocol_aware_time,1991.528,95.573,46.271,11.556,1230.166,0,0,173.441,N13 -> N01 -> N05 -> N09 -> N11 -> N02 -> N10 -> N04 -> N12 -> N03 -> N14 -> N08 -> N07 -> N06
public_measurement_informed,random_heterogeneous_iot_public_measurement_informed_seed_141,141,soft_penalty_w12,1872.869,67.882,37.922,6.845,1100.431,1,0,222.331,N02 -> N08 -> N05 -> N11 -> N04 -> N01 -> N14 -> N12 -> N09 -> N07 -> N03 -> N10 -> N13 -> N06
public_measurement_informed,random_heterogeneous_iot_public_measurement_informed_seed_141,141,average_gap,1872.909,91.752,35.605,7.449,1203.566,0,0,609.891,N14 -> N01 -> N07 -> N09 -> N08 -> N02 -> N10 -> N12 -> N03 -> N11 -> N04 -> N05 -> N13 -> N06
public_measurement_informed,random_heterogeneous_iot_public_measurement_informed_seed_141,141,freshness_focused,2112.437,172.432,58.506,19.478,889.17,0,0,513.029,N13 -> N11 -> N05 -> N09 -> N08 -> N02 -> N07 -> N14 -> N04 -> N01 -> N12 -> N03 -> N10 -> N06
public_measurement_informed,random_heterogeneous_iot_public_measurement_informed_seed_141,141,bounded_beta90,1770.121,66.395,30.167,5.822,989.341,1,0,1199.397,N06 -> N12 -> N01 -> N13 -> N11 -> N08 -> N05 -> N02 -> N10 -> N04 -> N03 -> N07 -> N14 -> N09
public_measurement_informed,random_heterogeneous_iot_public_measurement_informed_seed_142,142,protocol_aware_time,1919.526,112.319,50.187,13.178,599.085,0,0,336.591,N14 -> N06 -> N03 -> N12 -> N11 -> N05 -> N10 -> N09 -> N02 -> N01 -> N07 -> N08 -> N04 -> N13
public_measurement_informed,random_heterogeneous_iot_public_measurement_informed_seed_142,142,soft_penalty_w12,1895.624,80.941,46.662,10.606,957.777,1,0,341.212,N11 -> N03 -> N06 -> N12 -> N10 -> N13 -> N05 -> N04 -> N14 -> N09 -> N02 -> N01 -> N07 -> N08
public_measurement_informed,random_heterogeneous_iot_public_measurement_informed_seed_142,142,average_gap,1987.605,131.486,46.586,11.627,661.104,0,0,941.64,N05 -> N08 -> N10 -> N12 -> N11 -> N03 -> N01 -> N09 -> N02 -> N06 -> N07 -> N14 -> N04 -> N13
public_measurement_informed,random_heterogeneous_iot_public_measurement_informed_seed_142,142,freshness_focused,1943.407,136.487,51.884,14.548,507.467,0,0,989.532,N02 -> N08 -> N03 -> N12 -> N06 -> N09 -> N11 -> N05 -> N14 -> N01 -> N10 -> N07 -> N13 -> N04
public_measurement_informed,random_heterogeneous_iot_public_measurement_informed_seed_142,142,bounded_beta90,1919.526,112.319,50.187,13.178,599.085,0,0,2110.943,N14 -> N06 -> N03 -> N12 -> N11 -> N05 -> N10 -> N09 -> N02 -> N01 -> N07 -> N08 -> N04 -> N13
public_measurement_informed,random_heterogeneous_iot_public_measurement_informed_seed_143,143,protocol_aware_time,2875.622,91.679,52.88,8.699,1283.477,0,0,277.067,N05 -> N02 -> N04 -> N10 -> N07 -> N08 -> N01 -> N12 -> N14 -> N03 -> N09 -> N11 -> N06 -> N13
public_measurement_informed,random_heterogeneous_iot_public_measurement_informed_seed_143,143,soft_penalty_w12,2758.393,106.221,38.455,5.96,1312.013,0,0,354.643,N12 -> N01 -> N10 -> N09 -> N03 -> N14 -> N04 -> N02 -> N05 -> N07 -> N13 -> N06 -> N08 -> N11
public_measurement_informed,random_heterogeneous_iot_public_measurement_informed_seed_143,143,average_gap,2882.296,100.844,39.139,5.862,1102.139,0,0,1018.432,N02 -> N05 -> N04 -> N06 -> N14 -> N09 -> N01 -> N03 -> N12 -> N11 -> N07 -> N10 -> N08 -> N13
public_measurement_informed,random_heterogeneous_iot_public_measurement_informed_seed_143,143,freshness_focused,2938.671,128.919,47.79,8.494,794.393,0,0,1061.349,N02 -> N05 -> N04 -> N11 -> N09 -> N03 -> N14 -> N07 -> N01 -> N06 -> N12 -> N10 -> N08 -> N13
public_measurement_informed,random_heterogeneous_iot_public_measurement_informed_seed_143,143,bounded_beta90,2842.219,76.32,47.64,7.644,1362.213,1,0,2046.889,N05 -> N01 -> N04 -> N10 -> N02 -> N08 -> N07 -> N12 -> N14 -> N03 -> N13 -> N11 -> N06 -> N09
public_measurement_informed,random_heterogeneous_iot_public_measurement_informed_seed_144,144,protocol_aware_time,1761.374,73.889,26.603,4.242,1033.501,1,0,427.746,N02 -> N07 -> N12 -> N04 -> N03 -> N05 -> N14 -> N13 -> N11 -> N09 -> N08 -> N10 -> N01 -> N06
public_measurement_informed,random_heterogeneous_iot_public_measurement_informed_seed_144,144,soft_penalty_w12,1905.265,83.524,35.745,7.234,928.336,1,0,448.464,N01 -> N07 -> N12 -> N04 -> N03 -> N02 -> N05 -> N14 -> N10 -> N09 -> N08 -> N13 -> N06 -> N11
public_measurement_informed,random_heterogeneous_iot_public_measurement_informed_seed_144,144,average_gap,1749.39,56.052,24.715,3.668,1037.999,1,0,1222.197,N02 -> N14 -> N12 -> N04 -> N03 -> N05 -> N06 -> N01 -> N11 -> N09 -> N08 -> N10 -> N13 -> N07
public_measurement_informed,random_heterogeneous_iot_public_measurement_informed_seed_144,144,freshness_focused,1910.647,74.817,37.209,7.487,768.243,1,0,1145.766,N02 -> N06 -> N05 -> N11 -> N10 -> N01 -> N09 -> N13 -> N07 -> N08 -> N04 -> N14 -> N12 -> N03
public_measurement_informed,random_heterogeneous_iot_public_measurement_informed_seed_144,144,bounded_beta90,1761.374,73.889,26.603,4.242,1033.501,1,0,2347.761,N02 -> N07 -> N12 -> N04 -> N03 -> N05 -> N14 -> N13 -> N11 -> N09 -> N08 -> N10 -> N01 -> N06
public_measurement_informed,random_heterogeneous_iot_public_measurement_informed_seed_145,145,protocol_aware_time,2071.969,82.287,40.423,7.361,1577.075,1,0,316.237,N14 -> N02 -> N04 -> N05 -> N09 -> N06 -> N10 -> N11 -> N07 -> N12 -> N13 -> N01 -> N03 -> N08
public_measurement_informed,random_heterogeneous_iot_public_measurement_informed_seed_145,145,soft_penalty_w12,2063.996,82.562,37.95,7.019,889.968,1,0,295.983,N02 -> N12 -> N10 -> N13 -> N01 -> N11 -> N07 -> N09 -> N08 -> N04 -> N06 -> N14 -> N05 -> N03
public_measurement_informed,random_heterogeneous_iot_public_measurement_informed_seed_145,145,average_gap,2311.97,76.107,35.721,5.501,1677.845,1,0,879.473,N05 -> N06 -> N14 -> N04 -> N02 -> N10 -> N09 -> N11 -> N07 -> N12 -> N13 -> N01 -> N03 -> N08
public_measurement_informed,random_heterogeneous_iot_public_measurement_informed_seed_145,145,freshness_focused,2356.603,78.377,38.708,6.306,679.408,1,0,970.634,N14 -> N03 -> N01 -> N13 -> N12 -> N06 -> N05 -> N08 -> N09 -> N02 -> N07 -> N04 -> N10 -> N11
public_measurement_informed,random_heterogeneous_iot_public_measurement_informed_seed_145,145,bounded_beta90,2043.957,88.557,41.87,8.641,896.086,1,0,1993.048,N13 -> N05 -> N11 -> N07 -> N12 -> N02 -> N01 -> N08 -> N09 -> N04 -> N10 -> N06 -> N14 -> N03
public_measurement_informed,random_heterogeneous_iot_public_measurement_informed_seed_146,146,protocol_aware_time,1679.492,90.673,32.048,7.243,1095.565,0,0,292.942,N10 -> N02 -> N11 -> N08 -> N05 -> N07 -> N03 -> N01 -> N04 -> N09 -> N12 -> N14 -> N13 -> N06
public_measurement_informed,random_heterogeneous_iot_public_measurement_informed_seed_146,146,soft_penalty_w12,1730.09,75.701,31.225,6.177,865.252,1,0,355.375,N11 -> N10 -> N14 -> N13 -> N07 -> N05 -> N06 -> N09 -> N02 -> N04 -> N12 -> N08 -> N03 -> N01
public_measurement_informed,random_heterogeneous_iot_public_measurement_informed_seed_146,146,average_gap,1679.605,70.112,27.622,5.275,962.821,1,0,833.886,N09 -> N14 -> N04 -> N07 -> N10 -> N13 -> N03 -> N02 -> N08 -> N12 -> N01 -> N05 -> N11 -> N06
public_measurement_informed,random_heterogeneous_iot_public_measurement_informed_seed_146,146,freshness_focused,2034.072,175.02,56.926,20.423,527.555,0,0,776.818,N01 -> N11 -> N06 -> N03 -> N05 -> N14 -> N13 -> N09 -> N10 -> N04 -> N08 -> N02 -> N12 -> N07
public_measurement_informed,random_heterogeneous_iot_public_measurement_informed_seed_146,146,bounded_beta90,1643.622,40.624,28.239,4.255,978.801,1,0,2055.534,N01 -> N05 -> N02 -> N11 -> N06 -> N12 -> N14 -> N13 -> N09 -> N07 -> N04 -> N03 -> N10 -> N08
public_measurement_informed,random_heterogeneous_iot_public_measurement_informed_seed_147,147,protocol_aware_time,1403.884,84.158,37.747,9.672,690.991,1,1,459.658,N09 -> N01 -> N14 -> N03 -> N04 -> N05 -> N06 -> N13 -> N02 -> N12 -> N11 -> N08 -> N07 -> N10
public_measurement_informed,random_heterogeneous_iot_public_measurement_informed_seed_147,147,soft_penalty_w12,1387.436,61.432,34.303,8.243,886.232,1,1,389.673,N06 -> N03 -> N11 -> N08 -> N05 -> N14 -> N01 -> N04 -> N09 -> N13 -> N12 -> N10 -> N02 -> N07
public_measurement_informed,random_heterogeneous_iot_public_measurement_informed_seed_147,147,average_gap,1400.62,88.448,33.022,8.879,830.33,1,1,1087.945,N11 -> N13 -> N03 -> N12 -> N01 -> N08 -> N09 -> N04 -> N06 -> N05 -> N14 -> N02 -> N07 -> N10
public_measurement_informed,random_heterogeneous_iot_public_measurement_informed_seed_147,147,freshness_focused,1510.058,97.135,44.752,12.491,529.164,0,0,1004.478,N10 -> N12 -> N11 -> N04 -> N01 -> N14 -> N02 -> N03 -> N05 -> N08 -> N09 -> N07 -> N06 -> N13
public_measurement_informed,random_heterogeneous_iot_public_measurement_informed_seed_147,147,bounded_beta90,1352.617,45.07,31.932,6.022,808.581,1,1,2314.46,N06 -> N13 -> N07 -> N10 -> N03 -> N02 -> N09 -> N12 -> N04 -> N05 -> N14 -> N01 -> N11 -> N08
public_measurement_informed,random_heterogeneous_iot_public_measurement_informed_seed_148,148,protocol_aware_time,3083.721,85.644,38.469,4.925,1529.958,1,0,303.199,N08 -> N09 -> N12 -> N05 -> N02 -> N14 -> N03 -> N01 -> N10 -> N04 -> N13 -> N06 -> N07 -> N11
public_measurement_informed,random_heterogeneous_iot_public_measurement_informed_seed_148,148,soft_penalty_w12,3114.31,100.13,41.715,5.657,1766.115,0,0,306.22,N05 -> N09 -> N06 -> N10 -> N08 -> N12 -> N03 -> N11 -> N04 -> N13 -> N01 -> N07 -> N02 -> N14
public_measurement_informed,random_heterogeneous_iot_public_measurement_informed_seed_148,148,average_gap,3086.043,127.253,37.929,6.006,1541.023,0,0,791.56,N08 -> N09 -> N12 -> N05 -> N02 -> N14 -> N06 -> N01 -> N10 -> N04 -> N13 -> N03 -> N07 -> N11
public_measurement_informed,random_heterogeneous_iot_public_measurement_informed_seed_148,148,freshness_focused,3263.066,128.087,50.799,8.623,1042.684,0,0,859.171,N11 -> N02 -> N14 -> N03 -> N01 -> N09 -> N06 -> N04 -> N13 -> N08 -> N07 -> N10 -> N12 -> N05
public_measurement_informed,random_heterogeneous_iot_public_measurement_informed_seed_148,148,bounded_beta90,3083.721,85.644,38.469,4.925,1529.958,1,0,1832.42,N08 -> N09 -> N12 -> N05 -> N02 -> N14 -> N03 -> N01 -> N10 -> N04 -> N13 -> N06 -> N07 -> N11
public_measurement_informed,random_heterogeneous_iot_public_measurement_informed_seed_149,149,protocol_aware_time,2270.452,140.337,51.38,11.969,1032.458,0,0,343.165,N03 -> N10 -> N12 -> N02 -> N09 -> N06 -> N13 -> N07 -> N04 -> N08 -> N14 -> N05 -> N01 -> N11
public_measurement_informed,random_heterogeneous_iot_public_measurement_informed_seed_149,149,soft_penalty_w12,2274.804,106.938,52.482,13.331,855.291,0,0,236.463,N03 -> N09 -> N10 -> N13 -> N04 -> N12 -> N05 -> N06 -> N02 -> N08 -> N14 -> N07 -> N01 -> N11
public_measurement_informed,random_heterogeneous_iot_public_measurement_informed_seed_149,149,average_gap,2276.585,118.261,47.649,10.42,1215.784,0,0,815.657,N02 -> N06 -> N10 -> N13 -> N04 -> N09 -> N01 -> N12 -> N03 -> N07 -> N08 -> N05 -> N14 -> N11
public_measurement_informed,random_heterogeneous_iot_public_measurement_informed_seed_149,149,freshness_focused,2448.53,180.003,59.255,18.372,639.495,0,0,811.768,N03 -> N07 -> N14 -> N12 -> N04 -> N05 -> N06 -> N01 -> N09 -> N10 -> N13 -> N08 -> N11 -> N02
public_measurement_informed,random_heterogeneous_iot_public_measurement_informed_seed_149,149,bounded_beta90,2140.409,73.775,41.465,7.818,1506.267,1,0,1853.025,N13 -> N02 -> N01 -> N11 -> N07 -> N08 -> N05 -> N03 -> N10 -> N14 -> N12 -> N06 -> N04 -> N09
public_measurement_informed,random_heterogeneous_iot_public_measurement_informed_seed_150,150,protocol_aware_time,4116.847,111.943,43.867,5.622,1792.974,0,0,435.742,N14 -> N03 -> N07 -> N13 -> N05 -> N10 -> N06 -> N01 -> N08 -> N09 -> N12 -> N04 -> N11 -> N02
public_measurement_informed,random_heterogeneous_iot_public_measurement_informed_seed_150,150,soft_penalty_w12,4308.052,85.461,51.647,5.819,2202.398,1,0,405.8,N14 -> N05 -> N11 -> N04 -> N01 -> N13 -> N06 -> N08 -> N07 -> N10 -> N09 -> N02 -> N03 -> N12
public_measurement_informed,random_heterogeneous_iot_public_measurement_informed_seed_150,150,average_gap,4116.847,102.3,39.574,4.766,1862.298,0,0,1133.747,N08 -> N07 -> N14 -> N03 -> N05 -> N10 -> N06 -> N01 -> N13 -> N09 -> N12 -> N04 -> N11 -> N02
public_measurement_informed,random_heterogeneous_iot_public_measurement_informed_seed_150,150,freshness_focused,4194.293,128.778,45.893,5.848,1521.226,0,0,1198.123,N12 -> N01 -> N05 -> N03 -> N07 -> N13 -> N06 -> N14 -> N08 -> N10 -> N09 -> N02 -> N04 -> N11
public_measurement_informed,random_heterogeneous_iot_public_measurement_informed_seed_150,150,bounded_beta90,4116.847,111.943,43.867,5.622,1792.974,0,0,2474.419,N14 -> N03 -> N07 -> N13 -> N05 -> N10 -> N06 -> N01 -> N08 -> N09 -> N12 -> N04 -> N11 -> N02
