scenario,planner,total_time_s,max_blackout_s,mean_gap_s,average_silence_age_s,mean_collection_completion_s,meets_90s_budget,mission_feasible,runtime_ms,route
reference,distance_only,2126.934,203.015,88.875,39.477,879.284,0,0,0.039,N01 -> N02 -> N03 -> N04 -> N05 -> N06 -> N07 -> N08 -> N13 -> N12 -> N09 -> N10 -> N11 -> N14
reference,ordinary_collection,1609.248,114.121,52.468,18.192,907.183,0,0,8.304,N14 -> N11 -> N10 -> N09 -> N12 -> N13 -> N08 -> N07 -> N06 -> N05 -> N04 -> N03 -> N02 -> N01
reference,protocol_aware_time,1371.245,87.981,36.787,10.787,640.93,1,1,310.808,N02 -> N12 -> N13 -> N06 -> N07 -> N08 -> N10 -> N05 -> N09 -> N11 -> N04 -> N01 -> N03 -> N14
reference,soft_penalty_w12,1465.46,76.68,42.431,11.563,748.059,1,1,320.92,N14 -> N12 -> N07 -> N13 -> N05 -> N06 -> N02 -> N09 -> N03 -> N04 -> N11 -> N10 -> N08 -> N01
reference,average_gap,1371.238,60.78,35.794,8.527,672.94,1,1,929.658,N08 -> N02 -> N10 -> N12 -> N07 -> N13 -> N06 -> N05 -> N09 -> N11 -> N04 -> N01 -> N03 -> N14
reference,freshness_focused,1401.206,100.615,41.289,14.228,614.858,0,1,887.631,N02 -> N04 -> N06 -> N05 -> N11 -> N07 -> N13 -> N08 -> N01 -> N14 -> N03 -> N12 -> N10 -> N09
reference,bounded_beta90,1357.891,56.461,35.353,8.424,675.484,1,1,1933.509,N03 -> N11 -> N10 -> N12 -> N07 -> N09 -> N13 -> N06 -> N08 -> N05 -> N14 -> N01 -> N02 -> N04
random_101,distance_only,987.849,76.28,45.463,19.013,490.758,1,1,0.037,N14 -> N03 -> N07 -> N08 -> N06 -> N12 -> N11 -> N02 -> N01 -> N13 -> N10 -> N09 -> N04 -> N05
random_101,ordinary_collection,1206.075,199.752,59.278,36.69,659.832,0,1,7.525,N14 -> N05 -> N04 -> N09 -> N10 -> N13 -> N01 -> N02 -> N11 -> N12 -> N06 -> N08 -> N07 -> N03
random_101,protocol_aware_time,829.777,71.003,34.944,15.083,446.602,1,1,209.145,N12 -> N06 -> N11 -> N08 -> N01 -> N10 -> N02 -> N13 -> N09 -> N04 -> N07 -> N03 -> N05 -> N14
random_101,soft_penalty_w12,826.881,83.853,34.6,15.45,396.497,1,1,367.805,N03 -> N07 -> N06 -> N11 -> N10 -> N12 -> N08 -> N14 -> N04 -> N05 -> N01 -> N02 -> N13 -> N09
random_101,average_gap,829.777,93.269,34.805,17.267,437.144,0,1,652.163,N06 -> N12 -> N08 -> N11 -> N10 -> N01 -> N02 -> N13 -> N09 -> N04 -> N07 -> N03 -> N05 -> N14
random_101,freshness_focused,795.256,66.693,32.609,14.555,333.654,1,1,682.702,N03 -> N14 -> N06 -> N12 -> N11 -> N08 -> N07 -> N02 -> N01 -> N04 -> N09 -> N13 -> N10 -> N05
random_101,bounded_beta90,829.777,71.003,34.944,15.083,446.602,1,1,1488.62,N12 -> N06 -> N11 -> N08 -> N01 -> N10 -> N02 -> N13 -> N09 -> N04 -> N07 -> N03 -> N05 -> N14
random_102,distance_only,1107.651,84.112,44.245,17.205,515.447,1,1,0.025,N06 -> N05 -> N11 -> N04 -> N09 -> N14 -> N02 -> N12 -> N03 -> N01 -> N07 -> N13 -> N08 -> N10
random_102,ordinary_collection,1143.626,127.68,45.883,20.973,650.945,0,1,14.756,N06 -> N01 -> N03 -> N07 -> N12 -> N02 -> N14 -> N09 -> N04 -> N11 -> N05 -> N10 -> N08 -> N13
random_102,protocol_aware_time,833.633,56.354,25.875,8.327,496.747,1,1,306.892,N01 -> N09 -> N03 -> N12 -> N07 -> N02 -> N13 -> N08 -> N04 -> N10 -> N05 -> N14 -> N06 -> N11
random_102,soft_penalty_w12,945.65,78.941,33.471,11.807,512.172,1,1,316.443,N08 -> N02 -> N04 -> N09 -> N10 -> N14 -> N01 -> N12 -> N05 -> N07 -> N03 -> N06 -> N11 -> N13
random_102,average_gap,804.147,56.354,23.799,7.486,478.087,1,1,797.683,N01 -> N09 -> N05 -> N12 -> N07 -> N02 -> N03 -> N14 -> N08 -> N13 -> N10 -> N04 -> N11 -> N06
random_102,freshness_focused,1046.381,105.067,39.792,15.564,446.982,0,1,828.775,N06 -> N02 -> N05 -> N09 -> N07 -> N11 -> N13 -> N08 -> N14 -> N10 -> N04 -> N12 -> N01 -> N03
random_102,bounded_beta90,833.633,56.354,25.875,8.327,496.747,1,1,1726.766,N01 -> N09 -> N03 -> N12 -> N07 -> N02 -> N13 -> N08 -> N04 -> N10 -> N05 -> N14 -> N06 -> N11
random_103,distance_only,1503.471,228.146,73.249,50.469,728.922,0,0,0.024,N14 -> N04 -> N08 -> N11 -> N02 -> N13 -> N09 -> N01 -> N07 -> N06 -> N12 -> N03 -> N05 -> N10
random_103,ordinary_collection,1086.657,85.074,45.32,18.471,554.5,1,1,10.211,N14 -> N04 -> N11 -> N08 -> N02 -> N09 -> N13 -> N01 -> N07 -> N06 -> N12 -> N03 -> N10 -> N05
random_103,protocol_aware_time,988.394,115.624,36.994,19.182,450.531,0,1,258.069,N13 -> N09 -> N07 -> N01 -> N04 -> N03 -> N12 -> N11 -> N06 -> N05 -> N08 -> N10 -> N14 -> N02
random_103,soft_penalty_w12,941.447,81.541,34.919,13.958,504.68,1,1,306.208,N01 -> N03 -> N10 -> N13 -> N09 -> N11 -> N07 -> N06 -> N12 -> N14 -> N02 -> N05 -> N04 -> N08
random_103,average_gap,988.394,115.625,36.974,18.397,448.778,0,1,744.418,N13 -> N09 -> N04 -> N01 -> N07 -> N03 -> N12 -> N11 -> N06 -> N05 -> N08 -> N10 -> N14 -> N02
random_103,freshness_focused,1019.353,117.656,39.973,19.498,348.966,0,1,805.313,N14 -> N05 -> N12 -> N06 -> N01 -> N07 -> N04 -> N08 -> N09 -> N02 -> N13 -> N03 -> N10 -> N11
random_103,bounded_beta90,1086.657,85.074,45.32,18.471,554.5,1,1,1971.708,N14 -> N04 -> N11 -> N08 -> N02 -> N09 -> N13 -> N01 -> N07 -> N06 -> N12 -> N03 -> N10 -> N05
random_104,distance_only,2379.46,229.392,100.037,44.341,1123.411,0,0,0.025,N10 -> N14 -> N06 -> N04 -> N11 -> N01 -> N12 -> N03 -> N08 -> N07 -> N05 -> N02 -> N13 -> N09
random_104,ordinary_collection,2209.814,206.354,86.565,37.519,1347.027,0,0,17.844,N10 -> N09 -> N13 -> N07 -> N05 -> N02 -> N01 -> N12 -> N08 -> N03 -> N11 -> N04 -> N06 -> N14
random_104,protocol_aware_time,1388.459,95.122,33.43,10.102,664.888,0,1,397.962,N03 -> N12 -> N08 -> N11 -> N01 -> N04 -> N10 -> N07 -> N02 -> N05 -> N06 -> N14 -> N13 -> N09
random_104,soft_penalty_w12,1345.345,70.909,29.649,7.363,664.531,1,1,355.006,N11 -> N01 -> N03 -> N08 -> N13 -> N14 -> N10 -> N07 -> N05 -> N09 -> N04 -> N02 -> N12 -> N06
random_104,average_gap,1388.459,95.122,33.43,10.102,664.888,0,1,971.776,N03 -> N12 -> N08 -> N11 -> N01 -> N04 -> N10 -> N07 -> N02 -> N05 -> N06 -> N14 -> N13 -> N09
random_104,freshness_focused,1429.843,95.122,36.983,12.372,650.322,0,1,988.43,N03 -> N12 -> N08 -> N11 -> N01 -> N04 -> N09 -> N07 -> N05 -> N02 -> N14 -> N06 -> N13 -> N10
random_104,bounded_beta90,1430.591,82.708,35.036,9.892,754.251,1,1,1969.513,N01 -> N03 -> N08 -> N05 -> N04 -> N13 -> N11 -> N07 -> N02 -> N12 -> N10 -> N14 -> N09 -> N06
random_105,distance_only,1291.775,181.41,62.811,38.27,670.869,0,1,0.027,N05 -> N02 -> N10 -> N08 -> N14 -> N04 -> N11 -> N01 -> N09 -> N13 -> N07 -> N12 -> N03 -> N06
random_105,ordinary_collection,1248.279,183.494,60.5,33.53,572.182,0,1,19.465,N05 -> N02 -> N10 -> N12 -> N06 -> N03 -> N07 -> N13 -> N09 -> N14 -> N04 -> N11 -> N01 -> N08
random_105,protocol_aware_time,876.244,88.017,35.779,15.805,502.186,1,1,273.993,N07 -> N09 -> N13 -> N14 -> N01 -> N08 -> N11 -> N04 -> N06 -> N12 -> N03 -> N05 -> N02 -> N10
random_105,soft_penalty_w12,868.963,84.106,35.267,15.116,487.206,1,1,275.073,N10 -> N07 -> N08 -> N09 -> N14 -> N12 -> N13 -> N06 -> N03 -> N04 -> N05 -> N02 -> N11 -> N01
random_105,average_gap,876.247,78.41,34.293,14.269,503.38,1,1,823.073,N01 -> N04 -> N13 -> N14 -> N06 -> N08 -> N09 -> N07 -> N11 -> N12 -> N03 -> N05 -> N02 -> N10
random_105,freshness_focused,1029.935,223.873,45.764,34.705,376.15,0,1,887.076,N01 -> N02 -> N05 -> N10 -> N11 -> N14 -> N04 -> N03 -> N13 -> N06 -> N09 -> N07 -> N12 -> N08
random_105,bounded_beta90,869.261,88.017,34.696,16.966,450.231,1,1,1809.592,N07 -> N09 -> N14 -> N13 -> N04 -> N10 -> N06 -> N12 -> N03 -> N05 -> N08 -> N02 -> N11 -> N01
random_106,distance_only,1275.725,105.205,50.393,19.826,593.239,0,1,0.024,N04 -> N07 -> N06 -> N03 -> N13 -> N09 -> N11 -> N12 -> N10 -> N08 -> N02 -> N01 -> N05 -> N14
random_106,ordinary_collection,1275.724,146.387,50.165,22.707,631.578,0,1,8.248,N04 -> N07 -> N13 -> N03 -> N06 -> N09 -> N11 -> N12 -> N10 -> N08 -> N02 -> N01 -> N05 -> N14
random_106,protocol_aware_time,962.16,68.161,27.918,9.332,541.214,1,1,286.29,N08 -> N02 -> N12 -> N11 -> N01 -> N04 -> N03 -> N05 -> N10 -> N14 -> N09 -> N13 -> N06 -> N07
random_106,soft_penalty_w12,1055.849,77.482,34.375,10.7,633.702,1,1,438.421,N13 -> N12 -> N06 -> N03 -> N02 -> N11 -> N01 -> N14 -> N05 -> N08 -> N10 -> N04 -> N09 -> N07
random_106,average_gap,963.728,93.975,27.19,10.511,534.029,0,1,734.456,N08 -> N02 -> N12 -> N01 -> N11 -> N04 -> N03 -> N05 -> N09 -> N14 -> N10 -> N13 -> N06 -> N07
random_106,freshness_focused,1035.997,78.477,33.557,11.03,443.868,1,1,839.065,N11 -> N07 -> N06 -> N12 -> N04 -> N09 -> N13 -> N10 -> N03 -> N08 -> N02 -> N01 -> N05 -> N14
random_106,bounded_beta90,962.16,68.161,27.918,9.332,541.214,1,1,1775.625,N08 -> N02 -> N12 -> N11 -> N01 -> N04 -> N03 -> N05 -> N10 -> N14 -> N09 -> N13 -> N06 -> N07
random_107,distance_only,1231.146,103.702,59.934,27.91,655.736,0,1,0.024,N04 -> N07 -> N05 -> N06 -> N10 -> N02 -> N12 -> N01 -> N09 -> N14 -> N03 -> N13 -> N08 -> N11
random_107,ordinary_collection,1227.74,101.86,59.707,27.337,679.682,0,1,12.623,N04 -> N07 -> N05 -> N06 -> N10 -> N03 -> N14 -> N09 -> N13 -> N08 -> N01 -> N12 -> N02 -> N11
random_107,protocol_aware_time,931.667,93.934,39.896,17.059,566.681,0,1,262.334,N12 -> N10 -> N06 -> N09 -> N05 -> N13 -> N08 -> N02 -> N01 -> N14 -> N03 -> N04 -> N07 -> N11
random_107,soft_penalty_w12,937.151,70.472,39.519,14.428,488.369,1,1,308.191,N06 -> N02 -> N12 -> N14 -> N08 -> N01 -> N10 -> N09 -> N13 -> N05 -> N03 -> N07 -> N11 -> N04
random_107,average_gap,881.651,125.754,35.543,18.831,583.883,0,1,763.37,N10 -> N11 -> N12 -> N09 -> N14 -> N13 -> N08 -> N02 -> N01 -> N06 -> N03 -> N04 -> N05 -> N07
random_107,freshness_focused,1002.129,93.355,44.791,21.365,434.935,0,1,754.033,N09 -> N03 -> N14 -> N08 -> N11 -> N07 -> N02 -> N01 -> N12 -> N06 -> N10 -> N04 -> N05 -> N13
random_107,bounded_beta90,805.137,59.176,31.235,12.231,316.645,1,1,1794.334,N11 -> N07 -> N05 -> N06 -> N09 -> N13 -> N08 -> N12 -> N01 -> N02 -> N14 -> N04 -> N03 -> N10
random_108,distance_only,2233.336,213.192,99.905,48.763,1233.661,0,0,0.025,N06 -> N02 -> N14 -> N01 -> N12 -> N07 -> N03 -> N08 -> N04 -> N11 -> N10 -> N05 -> N09 -> N13
random_108,ordinary_collection,2473.336,245.611,115.772,55.614,1406.737,0,0,9.004,N06 -> N02 -> N14 -> N01 -> N07 -> N12 -> N03 -> N08 -> N04 -> N11 -> N10 -> N05 -> N09 -> N13
random_108,protocol_aware_time,1404.331,115.274,44.589,15.061,719.288,0,1,572.882,N11 -> N12 -> N06 -> N01 -> N07 -> N05 -> N08 -> N10 -> N04 -> N09 -> N14 -> N02 -> N13 -> N03
random_108,soft_penalty_w12,1411.245,89.694,43.977,13.877,838.309,1,1,394.356,N02 -> N11 -> N13 -> N05 -> N08 -> N01 -> N14 -> N06 -> N07 -> N04 -> N09 -> N10 -> N12 -> N03
random_108,average_gap,1401.566,89.475,41.683,12.225,709.681,1,1,1257.902,N11 -> N01 -> N12 -> N04 -> N07 -> N05 -> N02 -> N13 -> N14 -> N09 -> N10 -> N06 -> N08 -> N03
random_108,freshness_focused,1404.271,114.704,44.322,16.689,626.981,0,1,1274.647,N12 -> N01 -> N07 -> N13 -> N04 -> N10 -> N08 -> N11 -> N05 -> N02 -> N06 -> N09 -> N14 -> N03
random_108,bounded_beta90,1404.302,59.641,43.317,11.331,711.609,1,1,2702.363,N11 -> N10 -> N12 -> N04 -> N07 -> N05 -> N08 -> N01 -> N06 -> N09 -> N13 -> N02 -> N14 -> N03
random_109,distance_only,1675.835,126.869,60.959,20.281,900.446,0,0,0.025,N12 -> N04 -> N08 -> N10 -> N03 -> N09 -> N02 -> N14 -> N01 -> N06 -> N11 -> N13 -> N07 -> N05
random_109,ordinary_collection,1645.381,126.869,59.069,19.622,984.394,0,0,11.27,N12 -> N04 -> N08 -> N10 -> N03 -> N09 -> N05 -> N07 -> N13 -> N11 -> N06 -> N02 -> N14 -> N01
random_109,protocol_aware_time,1455.829,107.495,45.903,14.928,487.919,0,1,221.418,N11 -> N14 -> N01 -> N02 -> N04 -> N03 -> N05 -> N13 -> N06 -> N10 -> N08 -> N12 -> N07 -> N09
random_109,soft_penalty_w12,1357.641,74.954,37.377,9.602,692.623,1,1,203.763,N10 -> N14 -> N09 -> N02 -> N04 -> N03 -> N05 -> N13 -> N06 -> N11 -> N08 -> N12 -> N07 -> N01
random_109,average_gap,1357.641,74.954,37.377,9.602,692.623,1,1,688.433,N10 -> N14 -> N09 -> N02 -> N04 -> N03 -> N05 -> N13 -> N06 -> N11 -> N08 -> N12 -> N07 -> N01
random_109,freshness_focused,1457.061,88.969,44.963,13.552,471.987,1,1,698.13,N11 -> N14 -> N10 -> N03 -> N04 -> N02 -> N01 -> N06 -> N05 -> N13 -> N08 -> N12 -> N07 -> N09
random_109,bounded_beta90,1286.783,56.187,30.444,6.988,574.302,1,1,1636.987,N12 -> N14 -> N01 -> N02 -> N10 -> N04 -> N03 -> N07 -> N13 -> N05 -> N09 -> N11 -> N08 -> N06
random_110,distance_only,1390.61,125.894,46.634,17.422,853.828,0,1,0.028,N14 -> N07 -> N04 -> N06 -> N03 -> N05 -> N02 -> N09 -> N12 -> N01 -> N13 -> N11 -> N08 -> N10
random_110,ordinary_collection,1794.758,203.867,75.947,38.871,708.315,0,0,6.465,N10 -> N08 -> N11 -> N13 -> N01 -> N12 -> N09 -> N02 -> N05 -> N03 -> N06 -> N04 -> N07 -> N14
random_110,protocol_aware_time,1155.712,72.245,32.731,10.472,660.509,1,1,228.44,N14 -> N07 -> N13 -> N06 -> N03 -> N04 -> N02 -> N01 -> N12 -> N05 -> N09 -> N08 -> N11 -> N10
random_110,soft_penalty_w12,1291.337,85.427,42.316,13.006,503.038,1,1,299.497,N08 -> N11 -> N10 -> N06 -> N04 -> N12 -> N07 -> N05 -> N01 -> N13 -> N09 -> N14 -> N03 -> N02
random_110,average_gap,1160.428,60.251,30.616,8.428,683.69,1,1,697.078,N07 -> N09 -> N11 -> N14 -> N03 -> N05 -> N02 -> N04 -> N06 -> N10 -> N12 -> N01 -> N13 -> N08
random_110,freshness_focused,1314.867,73.166,43.186,12.102,578.674,1,1,734.734,N10 -> N08 -> N11 -> N01 -> N04 -> N12 -> N13 -> N09 -> N02 -> N03 -> N05 -> N06 -> N07 -> N14
random_110,bounded_beta90,1124.616,51.815,29.05,7.222,680.602,1,1,1534.063,N02 -> N10 -> N07 -> N14 -> N08 -> N12 -> N09 -> N01 -> N13 -> N05 -> N06 -> N03 -> N11 -> N04
random_111,distance_only,1805.903,196.249,71.812,32.267,1029.173,0,0,0.026,N09 -> N12 -> N10 -> N02 -> N07 -> N06 -> N13 -> N01 -> N05 -> N08 -> N03 -> N04 -> N11 -> N14
random_111,ordinary_collection,1925.907,196.196,79.631,32.482,1170.022,0,0,8.764,N09 -> N05 -> N08 -> N01 -> N13 -> N06 -> N07 -> N02 -> N10 -> N12 -> N04 -> N03 -> N11 -> N14
random_111,protocol_aware_time,1357.601,101.044,42.012,15.847,643.301,0,1,250.036,N12 -> N07 -> N06 -> N02 -> N05 -> N01 -> N13 -> N08 -> N09 -> N14 -> N03 -> N04 -> N10 -> N11
random_111,soft_penalty_w12,1401.009,80.108,44.915,13.547,786.487,1,1,301.876,N14 -> N08 -> N07 -> N01 -> N13 -> N06 -> N09 -> N11 -> N03 -> N04 -> N12 -> N05 -> N10 -> N02
random_111,average_gap,1266.847,97.916,35.716,12.363,620.185,0,1,844.151,N12 -> N07 -> N06 -> N02 -> N05 -> N08 -> N13 -> N01 -> N09 -> N10 -> N14 -> N03 -> N04 -> N11
random_111,freshness_focused,1356.704,97.566,41.097,13.412,539.637,0,1,798.709,N12 -> N14 -> N02 -> N03 -> N05 -> N08 -> N13 -> N01 -> N10 -> N04 -> N06 -> N07 -> N09 -> N11
random_111,bounded_beta90,1358.985,66.749,41.319,10.625,824.275,1,1,1747.875,N05 -> N04 -> N01 -> N08 -> N09 -> N06 -> N13 -> N02 -> N07 -> N12 -> N11 -> N03 -> N14 -> N10
random_112,distance_only,2001.998,177.012,75.205,26.925,1117.355,0,0,0.025,N06 -> N14 -> N12 -> N02 -> N08 -> N10 -> N07 -> N04 -> N01 -> N05 -> N03 -> N09 -> N11 -> N13
random_112,ordinary_collection,1949.864,201.014,73.043,31.392,900.18,0,0,11.024,N11 -> N09 -> N03 -> N05 -> N07 -> N04 -> N01 -> N10 -> N08 -> N02 -> N12 -> N13 -> N14 -> N06
random_112,protocol_aware_time,1343.188,126.028,31.893,12.318,805.954,0,1,392.405,N04 -> N13 -> N01 -> N05 -> N03 -> N10 -> N07 -> N09 -> N12 -> N14 -> N06 -> N08 -> N11 -> N02
random_112,soft_penalty_w12,1355.21,69.261,31.365,8.084,726.771,1,1,249.82,N08 -> N06 -> N09 -> N12 -> N03 -> N10 -> N13 -> N04 -> N11 -> N05 -> N07 -> N14 -> N01 -> N02
random_112,average_gap,1347.866,88.999,28.034,7.417,831.65,1,1,839.88,N10 -> N09 -> N11 -> N05 -> N07 -> N13 -> N03 -> N04 -> N14 -> N01 -> N06 -> N08 -> N12 -> N02
random_112,freshness_focused,1467.845,116.568,41.043,14.379,613.833,0,1,812.137,N09 -> N11 -> N01 -> N05 -> N04 -> N10 -> N07 -> N08 -> N03 -> N02 -> N12 -> N13 -> N14 -> N06
random_112,bounded_beta90,1306.723,53.722,29.943,6.682,489.829,1,1,1774.934,N02 -> N03 -> N12 -> N06 -> N09 -> N04 -> N07 -> N01 -> N05 -> N11 -> N14 -> N08 -> N13 -> N10
random_113,distance_only,1833.763,163.424,78.775,32.542,1016.611,0,0,0.026,N06 -> N14 -> N03 -> N04 -> N05 -> N13 -> N10 -> N12 -> N11 -> N01 -> N02 -> N08 -> N09 -> N07
random_113,ordinary_collection,1540.44,113.564,58.76,22.943,748.59,0,0,14.609,N14 -> N04 -> N05 -> N13 -> N10 -> N12 -> N11 -> N02 -> N01 -> N08 -> N07 -> N09 -> N03 -> N06
random_113,protocol_aware_time,1280.654,79.595,40.427,13.142,729.597,1,1,285.69,N02 -> N07 -> N13 -> N04 -> N06 -> N01 -> N11 -> N12 -> N10 -> N03 -> N05 -> N08 -> N09 -> N14
random_113,soft_penalty_w12,1178.752,87.641,33.912,11.743,651.251,1,1,281.068,N14 -> N09 -> N07 -> N13 -> N04 -> N06 -> N01 -> N12 -> N08 -> N10 -> N02 -> N11 -> N03 -> N05
random_113,average_gap,1210.248,77.299,33.947,8.903,703.985,1,1,825.924,N08 -> N11 -> N10 -> N05 -> N06 -> N12 -> N02 -> N07 -> N13 -> N01 -> N03 -> N09 -> N04 -> N14
random_113,freshness_focused,1327.133,121.657,44.294,17.871,514.104,0,1,841.767,N03 -> N09 -> N14 -> N10 -> N05 -> N12 -> N08 -> N11 -> N01 -> N02 -> N07 -> N13 -> N04 -> N06
random_113,bounded_beta90,1215.749,61.696,35.774,9.824,686.054,1,1,1951.721,N04 -> N13 -> N05 -> N10 -> N06 -> N07 -> N02 -> N12 -> N11 -> N01 -> N03 -> N09 -> N08 -> N14
random_114,distance_only,1415.02,104.473,60.87,22.881,751.444,0,1,0.025,N09 -> N13 -> N14 -> N12 -> N01 -> N10 -> N02 -> N04 -> N03 -> N06 -> N07 -> N05 -> N08 -> N11
random_114,ordinary_collection,1416.781,186.626,61.764,31.79,695.708,0,1,10.202,N08 -> N05 -> N07 -> N02 -> N06 -> N04 -> N03 -> N01 -> N10 -> N12 -> N11 -> N14 -> N13 -> N09
random_114,protocol_aware_time,1145.268,110.325,43.162,18.905,582.043,0,1,250.481,N04 -> N03 -> N01 -> N02 -> N10 -> N12 -> N06 -> N07 -> N05 -> N14 -> N08 -> N09 -> N13 -> N11
random_114,soft_penalty_w12,1163.512,88.606,42.972,16.151,563.374,1,1,534.907,N10 -> N03 -> N01 -> N07 -> N08 -> N09 -> N05 -> N02 -> N12 -> N06 -> N11 -> N13 -> N14 -> N04
random_114,average_gap,1102.439,84.395,38.331,12.166,672.801,1,1,956.751,N07 -> N03 -> N06 -> N12 -> N04 -> N05 -> N09 -> N08 -> N11 -> N01 -> N02 -> N13 -> N14 -> N10
random_114,freshness_focused,1189.604,131.632,46.22,19.265,514.348,0,1,985.78,N01 -> N02 -> N07 -> N05 -> N08 -> N04 -> N03 -> N06 -> N09 -> N10 -> N14 -> N11 -> N13 -> N12
random_114,bounded_beta90,1148.039,57.22,43.222,13.361,571.657,1,1,2074.673,N13 -> N12 -> N01 -> N05 -> N02 -> N10 -> N04 -> N06 -> N03 -> N07 -> N08 -> N09 -> N14 -> N11
random_115,distance_only,1000.335,81.445,40.141,16.909,465.788,1,1,0.028,N05 -> N03 -> N01 -> N12 -> N14 -> N07 -> N02 -> N08 -> N10 -> N06 -> N09 -> N11 -> N13 -> N04
random_115,ordinary_collection,1033.359,156.155,42.966,23.016,536.691,0,1,11.285,N01 -> N06 -> N09 -> N08 -> N11 -> N02 -> N10 -> N12 -> N14 -> N07 -> N13 -> N04 -> N03 -> N05
random_115,protocol_aware_time,895.831,75.352,33.719,12.257,338.928,1,1,134.31,N05 -> N01 -> N06 -> N09 -> N08 -> N03 -> N14 -> N12 -> N04 -> N02 -> N07 -> N10 -> N11 -> N13
random_115,soft_penalty_w12,895.831,75.352,33.719,12.257,338.928,1,1,149.345,N05 -> N01 -> N06 -> N09 -> N08 -> N03 -> N14 -> N12 -> N04 -> N02 -> N07 -> N10 -> N11 -> N13
random_115,average_gap,895.963,66.39,33.029,11.872,339.658,1,1,446.889,N05 -> N01 -> N02 -> N09 -> N08 -> N03 -> N06 -> N14 -> N07 -> N12 -> N04 -> N10 -> N11 -> N13
random_115,freshness_focused,813.581,51.056,27.142,8.298,324.422,1,1,467.561,N05 -> N01 -> N06 -> N09 -> N12 -> N03 -> N07 -> N08 -> N13 -> N02 -> N04 -> N10 -> N14 -> N11
random_115,bounded_beta90,773.859,49.407,25.254,8.162,402.356,1,1,1096.232,N03 -> N01 -> N13 -> N12 -> N09 -> N10 -> N06 -> N08 -> N11 -> N07 -> N14 -> N04 -> N02 -> N05
random_116,distance_only,1686.449,234.2,74.609,35.86,860.061,0,0,0.027,N13 -> N14 -> N09 -> N04 -> N10 -> N06 -> N05 -> N12 -> N07 -> N08 -> N11 -> N01 -> N03 -> N02
random_116,ordinary_collection,1621.273,198.926,71.153,34.082,878.656,0,0,15.412,N13 -> N14 -> N06 -> N10 -> N04 -> N09 -> N05 -> N12 -> N07 -> N03 -> N02 -> N01 -> N11 -> N08
random_116,protocol_aware_time,1110.407,68.022,35.482,10.6,703.071,1,1,300.681,N04 -> N03 -> N14 -> N09 -> N10 -> N05 -> N06 -> N12 -> N01 -> N07 -> N11 -> N13 -> N08 -> N02
random_116,soft_penalty_w12,1120.281,81.756,37.577,12.176,562.649,1,1,302.918,N11 -> N12 -> N07 -> N09 -> N03 -> N05 -> N14 -> N10 -> N06 -> N02 -> N04 -> N01 -> N13 -> N08
random_116,average_gap,1066.616,67.448,33.489,10.7,609.959,1,1,847.298,N12 -> N04 -> N03 -> N14 -> N09 -> N10 -> N06 -> N02 -> N07 -> N01 -> N13 -> N05 -> N08 -> N11
random_116,freshness_focused,1244.539,105.851,46.205,16.313,442.338,0,1,908.624,N08 -> N12 -> N07 -> N01 -> N11 -> N14 -> N13 -> N02 -> N10 -> N06 -> N04 -> N03 -> N09 -> N05
random_116,bounded_beta90,1064.875,61.284,33.131,9.812,631.238,1,1,1797.95,N12 -> N04 -> N03 -> N13 -> N09 -> N06 -> N10 -> N05 -> N07 -> N01 -> N14 -> N02 -> N08 -> N11
random_117,distance_only,1204.676,97.947,52.124,21.367,631.593,0,1,0.026,N01 -> N14 -> N08 -> N05 -> N12 -> N09 -> N04 -> N03 -> N02 -> N13 -> N06 -> N11 -> N07 -> N10
random_117,ordinary_collection,1308.594,221.541,59.147,34.343,672.007,0,1,11.183,N01 -> N10 -> N03 -> N13 -> N06 -> N11 -> N02 -> N07 -> N04 -> N09 -> N12 -> N05 -> N08 -> N14
random_117,protocol_aware_time,913.755,92.815,32.89,13.534,570.703,0,1,241.55,N01 -> N06 -> N07 -> N12 -> N09 -> N05 -> N03 -> N04 -> N11 -> N13 -> N02 -> N10 -> N14 -> N08
random_117,soft_penalty_w12,913.756,89.657,32.281,12.931,568.373,1,1,298.658,N01 -> N06 -> N05 -> N12 -> N09 -> N07 -> N03 -> N04 -> N11 -> N13 -> N02 -> N10 -> N14 -> N08
random_117,average_gap,913.802,89.657,32.272,12.578,570.745,1,1,584.425,N01 -> N06 -> N05 -> N12 -> N09 -> N13 -> N03 -> N04 -> N11 -> N07 -> N02 -> N10 -> N14 -> N08
random_117,freshness_focused,1228.49,203.364,53.011,39.576,370.48,0,1,644.902,N14 -> N10 -> N05 -> N12 -> N08 -> N07 -> N04 -> N02 -> N03 -> N13 -> N11 -> N09 -> N01 -> N06
random_117,bounded_beta90,809.35,45.335,25.194,7.52,408.53,1,1,1520.503,N14 -> N08 -> N05 -> N12 -> N09 -> N10 -> N06 -> N02 -> N03 -> N13 -> N07 -> N04 -> N11 -> N01
random_118,distance_only,1301.094,129.863,49.985,20.174,746.647,0,1,0.025,N12 -> N09 -> N04 -> N06 -> N03 -> N05 -> N10 -> N02 -> N01 -> N14 -> N07 -> N11 -> N13 -> N08
random_118,ordinary_collection,1253.426,129.863,46.807,19.299,736.831,0,1,15.246,N12 -> N09 -> N04 -> N06 -> N03 -> N05 -> N10 -> N02 -> N01 -> N14 -> N07 -> N08 -> N11 -> N13
random_118,protocol_aware_time,1077.578,72.1,34.09,10.183,418.742,1,1,352.919,N13 -> N08 -> N01 -> N14 -> N04 -> N07 -> N11 -> N05 -> N09 -> N10 -> N12 -> N02 -> N06 -> N03
random_118,soft_penalty_w12,1077.577,77.374,34.092,10.292,424.127,1,1,388.336,N13 -> N14 -> N01 -> N08 -> N04 -> N11 -> N05 -> N07 -> N09 -> N10 -> N12 -> N02 -> N06 -> N03
random_118,average_gap,1077.779,74.884,33.959,11.687,435.219,1,1,939.153,N13 -> N10 -> N01 -> N14 -> N08 -> N07 -> N11 -> N05 -> N04 -> N09 -> N12 -> N02 -> N06 -> N03
random_118,freshness_focused,1097.21,72.055,37.522,11.247,397.021,1,1,946.433,N13 -> N11 -> N01 -> N08 -> N10 -> N09 -> N04 -> N12 -> N07 -> N14 -> N05 -> N02 -> N06 -> N03
random_118,bounded_beta90,1077.578,72.1,34.09,10.183,418.742,1,1,2162.647,N13 -> N08 -> N01 -> N14 -> N04 -> N07 -> N11 -> N05 -> N09 -> N10 -> N12 -> N02 -> N06 -> N03
random_119,distance_only,1130.309,217.865,47.013,33.229,609.412,0,1,0.025,N09 -> N08 -> N11 -> N03 -> N13 -> N01 -> N02 -> N06 -> N07 -> N05 -> N14 -> N12 -> N04 -> N10
random_119,ordinary_collection,1434.33,152.474,66.984,33.304,826.971,0,1,11.928,N09 -> N10 -> N04 -> N12 -> N14 -> N05 -> N07 -> N06 -> N02 -> N01 -> N13 -> N03 -> N11 -> N08
random_119,protocol_aware_time,952.776,84.358,34.32,13.32,440.82,1,1,326.367,N10 -> N05 -> N07 -> N02 -> N06 -> N03 -> N08 -> N09 -> N13 -> N01 -> N14 -> N12 -> N04 -> N11
random_119,soft_penalty_w12,1043.844,84.943,40.673,14.448,561.224,1,1,405.969,N13 -> N11 -> N08 -> N12 -> N10 -> N05 -> N07 -> N14 -> N01 -> N04 -> N06 -> N09 -> N03 -> N02
random_119,average_gap,952.776,84.358,34.32,13.32,440.82,1,1,892.456,N10 -> N05 -> N07 -> N02 -> N06 -> N03 -> N08 -> N09 -> N13 -> N01 -> N14 -> N12 -> N04 -> N11
random_119,freshness_focused,963.039,63.516,35.108,12.646,405.505,1,1,932.018,N09 -> N03 -> N01 -> N08 -> N13 -> N06 -> N14 -> N02 -> N10 -> N05 -> N07 -> N12 -> N04 -> N11
random_119,bounded_beta90,952.776,84.358,34.32,13.32,440.82,1,1,1852.374,N10 -> N05 -> N07 -> N02 -> N06 -> N03 -> N08 -> N09 -> N13 -> N01 -> N14 -> N12 -> N04 -> N11
random_120,distance_only,1382.829,108.256,54.851,22.74,813.207,0,1,0.026,N10 -> N07 -> N14 -> N02 -> N05 -> N03 -> N06 -> N13 -> N12 -> N08 -> N09 -> N01 -> N04 -> N11
random_120,ordinary_collection,1526.014,214.281,63.752,34.607,864.742,0,0,18.724,N02 -> N05 -> N03 -> N06 -> N13 -> N12 -> N08 -> N09 -> N01 -> N04 -> N11 -> N14 -> N07 -> N10
random_120,protocol_aware_time,1268.556,98.925,47.467,16.29,587.245,0,1,259.276,N08 -> N09 -> N06 -> N01 -> N12 -> N11 -> N04 -> N03 -> N13 -> N14 -> N07 -> N05 -> N10 -> N02
random_120,soft_penalty_w12,1155.189,63.021,39.368,13.047,543.455,1,1,279.062,N08 -> N11 -> N04 -> N09 -> N01 -> N06 -> N07 -> N12 -> N13 -> N03 -> N10 -> N02 -> N14 -> N05
random_120,average_gap,1224.961,78.972,42.376,13.53,714.852,1,1,754.334,N05 -> N13 -> N08 -> N02 -> N12 -> N06 -> N03 -> N09 -> N01 -> N04 -> N11 -> N14 -> N10 -> N07
random_120,freshness_focused,1268.564,228.692,47.392,30.17,526.256,0,1,735.266,N09 -> N11 -> N12 -> N01 -> N03 -> N06 -> N08 -> N04 -> N13 -> N14 -> N07 -> N05 -> N10 -> N02
random_120,bounded_beta90,1021.744,48.711,28.171,7.66,571.416,1,1,1756.73,N05 -> N13 -> N03 -> N06 -> N11 -> N07 -> N04 -> N01 -> N12 -> N02 -> N08 -> N09 -> N14 -> N10
random_121,distance_only,1292.03,120.295,64.589,30.903,540.089,0,1,0.024,N10 -> N11 -> N05 -> N06 -> N12 -> N02 -> N14 -> N04 -> N03 -> N07 -> N13 -> N08 -> N01 -> N09
random_121,ordinary_collection,1220.264,102.562,59.717,26.793,655.641,0,1,20.561,N10 -> N11 -> N08 -> N01 -> N09 -> N13 -> N05 -> N07 -> N06 -> N12 -> N02 -> N03 -> N14 -> N04
random_121,protocol_aware_time,931.089,78.662,39.545,14.825,463.823,1,1,310.191,N03 -> N02 -> N05 -> N14 -> N07 -> N12 -> N13 -> N11 -> N06 -> N04 -> N09 -> N08 -> N10 -> N01
random_121,soft_penalty_w12,935.331,71.989,39.774,15.809,394.276,1,1,166.611,N04 -> N11 -> N05 -> N12 -> N13 -> N06 -> N08 -> N09 -> N07 -> N02 -> N03 -> N14 -> N10 -> N01
random_121,average_gap,931.157,110.034,39.495,18.232,440.938,0,1,744.526,N14 -> N03 -> N06 -> N02 -> N04 -> N12 -> N05 -> N11 -> N07 -> N13 -> N08 -> N09 -> N10 -> N01
random_121,freshness_focused,935.085,91.597,39.757,18.089,376.287,0,1,781.125,N13 -> N11 -> N05 -> N12 -> N04 -> N03 -> N14 -> N06 -> N07 -> N08 -> N09 -> N02 -> N10 -> N01
random_121,bounded_beta90,858.385,56.626,34.728,12.211,496.13,1,1,1712.323,N01 -> N13 -> N09 -> N08 -> N10 -> N11 -> N14 -> N07 -> N03 -> N02 -> N05 -> N06 -> N12 -> N04
random_122,distance_only,1289.571,113.49,54.352,21.161,653.015,0,1,0.025,N08 -> N13 -> N04 -> N07 -> N06 -> N03 -> N01 -> N12 -> N11 -> N05 -> N10 -> N02 -> N14 -> N09
random_122,ordinary_collection,1357.873,113.49,58.305,23.356,687.944,0,1,14.297,N08 -> N13 -> N04 -> N07 -> N06 -> N03 -> N01 -> N12 -> N11 -> N10 -> N02 -> N05 -> N09 -> N14
random_122,protocol_aware_time,923.362,84.64,28.921,9.885,368.931,1,1,217.254,N08 -> N04 -> N06 -> N02 -> N10 -> N12 -> N11 -> N05 -> N03 -> N09 -> N01 -> N14 -> N13 -> N07
random_122,soft_penalty_w12,923.362,84.64,28.921,9.885,368.931,1,1,276.145,N08 -> N04 -> N06 -> N02 -> N10 -> N12 -> N11 -> N05 -> N03 -> N09 -> N01 -> N14 -> N13 -> N07
random_122,average_gap,923.362,84.64,28.921,9.885,368.931,1,1,595.243,N08 -> N04 -> N06 -> N02 -> N10 -> N12 -> N11 -> N05 -> N03 -> N09 -> N01 -> N14 -> N13 -> N07
random_122,freshness_focused,941.813,70.713,30.169,9.542,343.554,1,1,598.741,N08 -> N04 -> N06 -> N02 -> N10 -> N12 -> N11 -> N05 -> N03 -> N13 -> N14 -> N01 -> N09 -> N07
random_122,bounded_beta90,872.366,47.109,25.31,6.814,371.046,1,1,1492.532,N13 -> N04 -> N06 -> N02 -> N10 -> N12 -> N11 -> N05 -> N03 -> N09 -> N07 -> N08 -> N01 -> N14
random_123,distance_only,2017.966,206.182,88.229,37.572,1053.607,0,0,0.024,N14 -> N04 -> N11 -> N01 -> N05 -> N07 -> N12 -> N06 -> N09 -> N10 -> N02 -> N08 -> N03 -> N13
random_123,ordinary_collection,1799.244,157.028,74.271,30.358,1001.817,0,0,14.703,N14 -> N02 -> N08 -> N10 -> N03 -> N13 -> N09 -> N06 -> N12 -> N01 -> N05 -> N07 -> N11 -> N04
random_123,protocol_aware_time,1296.804,91.809,39.545,12.696,551.137,0,1,333.854,N13 -> N09 -> N03 -> N08 -> N07 -> N05 -> N11 -> N06 -> N10 -> N01 -> N14 -> N02 -> N04 -> N12
random_123,soft_penalty_w12,1277.051,76.152,38.869,11.59,718.153,1,1,415.814,N14 -> N08 -> N10 -> N13 -> N06 -> N03 -> N09 -> N01 -> N07 -> N12 -> N05 -> N04 -> N11 -> N02
random_123,average_gap,1191.048,115.898,31.754,11.482,729.811,0,1,969.754,N12 -> N09 -> N06 -> N08 -> N05 -> N07 -> N14 -> N11 -> N10 -> N01 -> N02 -> N04 -> N13 -> N03
random_123,freshness_focused,1304.637,157.028,41.559,18.939,509.862,0,1,972.848,N03 -> N09 -> N13 -> N04 -> N11 -> N07 -> N05 -> N08 -> N10 -> N01 -> N02 -> N14 -> N06 -> N12
random_123,bounded_beta90,1083.308,41.412,24.533,5.267,565.274,1,1,2116.244,N11 -> N09 -> N06 -> N05 -> N10 -> N07 -> N02 -> N03 -> N08 -> N12 -> N14 -> N01 -> N13 -> N04
random_124,distance_only,1890.695,148.482,51.88,16.893,1233.655,0,0,0.025,N03 -> N06 -> N02 -> N05 -> N14 -> N10 -> N04 -> N11 -> N12 -> N07 -> N08 -> N01 -> N09 -> N13
random_124,ordinary_collection,2106.695,167.813,66.895,24.957,1250.395,0,0,14.355,N03 -> N06 -> N02 -> N05 -> N14 -> N11 -> N04 -> N10 -> N12 -> N07 -> N08 -> N01 -> N09 -> N13
random_124,protocol_aware_time,1545.552,103.212,31.246,8.047,693.441,0,0,273.168,N14 -> N09 -> N01 -> N12 -> N08 -> N04 -> N10 -> N11 -> N13 -> N05 -> N07 -> N03 -> N02 -> N06
random_124,soft_penalty_w12,1621.175,56.51,33.798,6.343,962.299,1,0,317.115,N05 -> N06 -> N07 -> N01 -> N09 -> N08 -> N13 -> N04 -> N12 -> N02 -> N11 -> N03 -> N14 -> N10
random_124,average_gap,1545.534,60.519,30.282,5.896,685.573,1,0,824.65,N09 -> N01 -> N04 -> N11 -> N12 -> N14 -> N10 -> N08 -> N13 -> N05 -> N07 -> N03 -> N02 -> N06
random_124,freshness_focused,1665.234,107.1,37.804,9.681,559.75,0,0,849.545,N03 -> N09 -> N01 -> N12 -> N13 -> N04 -> N14 -> N02 -> N06 -> N07 -> N05 -> N11 -> N08 -> N10
random_124,bounded_beta90,1545.552,103.212,31.246,8.047,693.441,0,0,1892.601,N14 -> N09 -> N01 -> N12 -> N08 -> N04 -> N10 -> N11 -> N13 -> N05 -> N07 -> N03 -> N02 -> N06
random_125,distance_only,1822.537,144.421,72.259,26.977,869.985,0,0,0.024,N10 -> N02 -> N13 -> N08 -> N12 -> N03 -> N07 -> N11 -> N09 -> N14 -> N01 -> N06 -> N05 -> N04
random_125,ordinary_collection,1578.362,187.746,56.036,24.533,996.318,0,0,20.546,N05 -> N06 -> N01 -> N14 -> N09 -> N11 -> N07 -> N12 -> N03 -> N04 -> N08 -> N13 -> N02 -> N10
random_125,protocol_aware_time,1143.192,59.091,25.914,6.11,732.411,1,1,314.683,N06 -> N13 -> N08 -> N03 -> N07 -> N12 -> N04 -> N11 -> N01 -> N09 -> N14 -> N05 -> N02 -> N10
random_125,soft_penalty_w12,1446.526,85.444,47.286,15.888,618.79,1,1,225.466,N05 -> N02 -> N10 -> N01 -> N06 -> N11 -> N08 -> N09 -> N12 -> N04 -> N03 -> N13 -> N14 -> N07
random_125,average_gap,1143.192,59.091,25.914,6.11,732.411,1,1,826.819,N06 -> N13 -> N08 -> N03 -> N07 -> N12 -> N04 -> N11 -> N01 -> N09 -> N14 -> N05 -> N02 -> N10
random_125,freshness_focused,1342.542,111.441,41.191,14.399,617.74,0,1,828.583,N08 -> N10 -> N13 -> N02 -> N11 -> N03 -> N07 -> N12 -> N14 -> N09 -> N01 -> N06 -> N05 -> N04
random_125,bounded_beta90,1143.192,59.091,25.914,6.11,732.411,1,1,1802.625,N06 -> N13 -> N08 -> N03 -> N07 -> N12 -> N04 -> N11 -> N01 -> N09 -> N14 -> N05 -> N02 -> N10
random_126,distance_only,1736.895,164.819,76.236,29.677,964.849,0,0,0.025,N10 -> N05 -> N01 -> N11 -> N13 -> N09 -> N14 -> N02 -> N04 -> N03 -> N08 -> N06 -> N12 -> N07
random_126,ordinary_collection,1352.895,219.352,50.379,29.774,820.98,0,1,9.338,N10 -> N01 -> N05 -> N11 -> N13 -> N14 -> N09 -> N02 -> N04 -> N03 -> N06 -> N08 -> N12 -> N07
random_126,protocol_aware_time,1217.619,79.213,40.412,13.442,576.567,1,1,312.905,N06 -> N09 -> N04 -> N02 -> N14 -> N07 -> N11 -> N08 -> N13 -> N12 -> N05 -> N03 -> N10 -> N01
random_126,soft_penalty_w12,1216.949,69.476,39.988,12.647,540.163,1,1,285.283,N13 -> N02 -> N09 -> N14 -> N06 -> N11 -> N04 -> N10 -> N03 -> N12 -> N05 -> N07 -> N01 -> N08
random_126,average_gap,1228.702,73.876,39.561,11.964,538.48,1,1,903.325,N06 -> N09 -> N04 -> N13 -> N14 -> N07 -> N11 -> N12 -> N01 -> N02 -> N05 -> N03 -> N10 -> N08
random_126,freshness_focused,1287.131,88.544,44.675,15.777,495.994,1,1,903.127,N07 -> N06 -> N03 -> N12 -> N14 -> N09 -> N13 -> N10 -> N05 -> N01 -> N02 -> N08 -> N04 -> N11
random_126,bounded_beta90,999.241,55.666,25.459,6.767,536.722,1,1,2084.466,N07 -> N12 -> N08 -> N10 -> N06 -> N11 -> N03 -> N02 -> N01 -> N13 -> N14 -> N09 -> N04 -> N05
random_127,distance_only,1834.489,154.93,76.651,29.681,915.463,0,0,0.026,N06 -> N02 -> N11 -> N07 -> N03 -> N13 -> N08 -> N05 -> N04 -> N14 -> N09 -> N01 -> N12 -> N10
random_127,ordinary_collection,1481.161,228.958,52.669,28.467,870.422,0,1,10.063,N06 -> N10 -> N12 -> N01 -> N14 -> N09 -> N04 -> N05 -> N03 -> N08 -> N13 -> N07 -> N11 -> N02
random_127,protocol_aware_time,1322.245,85.325,40.86,13.354,681.227,1,1,461.674,N06 -> N10 -> N14 -> N05 -> N12 -> N09 -> N03 -> N07 -> N04 -> N11 -> N02 -> N01 -> N08 -> N13
random_127,soft_penalty_w12,1248.08,71.117,36.417,10.588,692.236,1,1,576.332,N04 -> N11 -> N06 -> N12 -> N05 -> N14 -> N01 -> N09 -> N03 -> N07 -> N08 -> N13 -> N02 -> N10
random_127,average_gap,1295.342,81.072,38.539,10.823,717.641,1,1,1313.602,N11 -> N04 -> N01 -> N07 -> N12 -> N14 -> N09 -> N10 -> N06 -> N13 -> N03 -> N08 -> N05 -> N02
random_127,freshness_focused,1392.567,98.742,45.381,15.082,599.416,0,1,1378.923,N13 -> N08 -> N02 -> N05 -> N12 -> N14 -> N11 -> N09 -> N04 -> N03 -> N07 -> N01 -> N10 -> N06
random_127,bounded_beta90,1322.245,85.325,40.86,13.354,681.227,1,1,2903.647,N06 -> N10 -> N14 -> N05 -> N12 -> N09 -> N03 -> N07 -> N04 -> N11 -> N02 -> N01 -> N08 -> N13
random_128,distance_only,1763.329,224.275,66.332,29.827,892.522,0,0,0.025,N14 -> N13 -> N05 -> N01 -> N08 -> N03 -> N11 -> N06 -> N12 -> N02 -> N10 -> N07 -> N09 -> N04
random_128,ordinary_collection,2048.196,224.199,84.289,43.68,874.433,0,0,21.621,N14 -> N06 -> N11 -> N13 -> N05 -> N01 -> N08 -> N02 -> N12 -> N04 -> N09 -> N10 -> N07 -> N03
random_128,protocol_aware_time,1254.234,95.901,34.694,10.937,700.216,0,1,225.165,N08 -> N04 -> N07 -> N10 -> N09 -> N14 -> N06 -> N02 -> N12 -> N01 -> N03 -> N13 -> N05 -> N11
random_128,soft_penalty_w12,1251.487,65.716,34.57,8.985,460.644,1,1,411.302,N05 -> N08 -> N06 -> N14 -> N12 -> N02 -> N09 -> N01 -> N04 -> N07 -> N10 -> N13 -> N03 -> N11
random_128,average_gap,1254.59,90.227,31.474,9.05,573.099,0,1,676.598,N02 -> N01 -> N09 -> N07 -> N08 -> N04 -> N06 -> N14 -> N12 -> N10 -> N03 -> N13 -> N05 -> N11
random_128,freshness_focused,1493.145,178.981,47.954,19.727,544.901,0,1,653.405,N05 -> N04 -> N02 -> N12 -> N08 -> N09 -> N06 -> N14 -> N07 -> N01 -> N03 -> N10 -> N13 -> N11
random_128,bounded_beta90,1254.425,64.165,31.982,8.483,759.902,1,1,1508.576,N10 -> N12 -> N07 -> N09 -> N02 -> N08 -> N06 -> N14 -> N04 -> N01 -> N03 -> N13 -> N05 -> N11
random_129,distance_only,981.524,96.126,41.541,18.06,530.935,0,1,0.024,N11 -> N10 -> N13 -> N06 -> N08 -> N07 -> N01 -> N02 -> N03 -> N09 -> N04 -> N14 -> N05 -> N12
random_129,ordinary_collection,1198.158,144.586,55.893,25.875,525.741,0,1,14.45,N11 -> N06 -> N02 -> N01 -> N07 -> N08 -> N03 -> N14 -> N04 -> N09 -> N05 -> N12 -> N13 -> N10
random_129,protocol_aware_time,789.525,77.307,28.192,12.057,380.987,1,1,185.687,N13 -> N11 -> N06 -> N01 -> N07 -> N08 -> N02 -> N10 -> N03 -> N09 -> N04 -> N14 -> N05 -> N12
random_129,soft_penalty_w12,950.556,66.999,39.609,16.108,481.778,1,1,295.477,N14 -> N04 -> N03 -> N01 -> N07 -> N08 -> N09 -> N02 -> N06 -> N12 -> N05 -> N13 -> N11 -> N10
random_129,average_gap,789.525,77.307,28.192,12.057,380.987,1,1,481.569,N13 -> N11 -> N06 -> N01 -> N07 -> N08 -> N02 -> N10 -> N03 -> N09 -> N04 -> N14 -> N05 -> N12
random_129,freshness_focused,884.761,113.076,34.038,17.786,316.132,0,1,576.446,N13 -> N11 -> N02 -> N06 -> N07 -> N14 -> N04 -> N08 -> N03 -> N01 -> N09 -> N10 -> N05 -> N12
random_129,bounded_beta90,713.961,50.599,23.87,8.462,356.299,1,1,1220.029,N13 -> N11 -> N10 -> N08 -> N02 -> N06 -> N07 -> N14 -> N05 -> N12 -> N04 -> N09 -> N01 -> N03
random_130,distance_only,1602.198,197.189,63.971,33.211,867.558,0,0,0.027,N12 -> N14 -> N09 -> N01 -> N10 -> N03 -> N11 -> N07 -> N06 -> N04 -> N08 -> N02 -> N13 -> N05
random_130,ordinary_collection,1525.555,197.189,58.867,33.264,864.654,0,0,14.327,N12 -> N14 -> N09 -> N01 -> N10 -> N03 -> N06 -> N07 -> N11 -> N04 -> N08 -> N05 -> N02 -> N13
random_130,protocol_aware_time,1346.542,158.855,46.587,18.821,609.676,0,1,225.069,N06 -> N05 -> N13 -> N14 -> N11 -> N10 -> N07 -> N12 -> N09 -> N02 -> N08 -> N03 -> N04 -> N01
random_130,soft_penalty_w12,1296.279,78.362,42.775,12.343,745.478,1,1,305.64,N05 -> N04 -> N01 -> N10 -> N08 -> N09 -> N07 -> N11 -> N06 -> N03 -> N13 -> N02 -> N12 -> N14
random_130,average_gap,1284.357,149.038,40.666,17.153,752.6,0,1,666.993,N04 -> N14 -> N12 -> N03 -> N10 -> N01 -> N11 -> N07 -> N06 -> N09 -> N02 -> N05 -> N08 -> N13
random_130,freshness_focused,1370.055,113.515,47.569,17.47,540.355,0,1,669.941,N13 -> N02 -> N01 -> N11 -> N10 -> N06 -> N07 -> N12 -> N09 -> N14 -> N05 -> N03 -> N04 -> N08
random_130,bounded_beta90,1101.061,48.941,28.623,6.839,527.273,1,1,1505.575,N13 -> N09 -> N02 -> N08 -> N05 -> N14 -> N11 -> N07 -> N06 -> N10 -> N04 -> N01 -> N12 -> N03
random_131,distance_only,1675.362,214.163,68.989,34.755,681.979,0,0,0.026,N10 -> N07 -> N08 -> N01 -> N02 -> N09 -> N13 -> N06 -> N03 -> N04 -> N12 -> N11 -> N05 -> N14
random_131,ordinary_collection,1630.389,164.106,64.056,28.906,979.847,0,0,10.703,N14 -> N05 -> N11 -> N12 -> N04 -> N03 -> N13 -> N06 -> N09 -> N02 -> N01 -> N08 -> N07 -> N10
random_131,protocol_aware_time,1354.677,160.333,46.585,20.885,685.051,0,1,272.442,N04 -> N03 -> N10 -> N14 -> N06 -> N08 -> N13 -> N02 -> N12 -> N05 -> N11 -> N09 -> N07 -> N01
random_131,soft_penalty_w12,1223.682,76.859,36.386,11.861,621.278,1,1,396.217,N01 -> N12 -> N04 -> N03 -> N13 -> N06 -> N10 -> N02 -> N09 -> N07 -> N05 -> N11 -> N14 -> N08
random_131,average_gap,1272.488,69.064,40.059,11.123,661.901,1,1,796.092,N14 -> N08 -> N13 -> N03 -> N09 -> N04 -> N11 -> N07 -> N06 -> N02 -> N12 -> N01 -> N05 -> N10
random_131,freshness_focused,1192.091,67.591,35.538,10.038,447.121,1,1,835.883,N10 -> N07 -> N08 -> N06 -> N13 -> N01 -> N03 -> N05 -> N11 -> N02 -> N12 -> N04 -> N09 -> N14
random_131,bounded_beta90,1197.349,71.834,35.469,10.872,448.776,1,1,1727.043,N07 -> N10 -> N08 -> N06 -> N13 -> N01 -> N04 -> N03 -> N12 -> N02 -> N09 -> N05 -> N11 -> N14
random_132,distance_only,1682.199,220.113,70.641,41.307,627.807,0,0,0.024,N01 -> N10 -> N12 -> N14 -> N02 -> N03 -> N06 -> N04 -> N05 -> N11 -> N09 -> N08 -> N07 -> N13
random_132,ordinary_collection,1718.717,166.79,72.706,29.396,884.68,0,0,13.608,N10 -> N02 -> N03 -> N13 -> N06 -> N04 -> N05 -> N11 -> N09 -> N08 -> N07 -> N14 -> N12 -> N01
random_132,protocol_aware_time,1156.327,66.321,35.553,10.409,529.312,1,1,426.436,N01 -> N12 -> N09 -> N06 -> N14 -> N07 -> N08 -> N04 -> N13 -> N05 -> N03 -> N11 -> N10 -> N02
random_132,soft_penalty_w12,1237.504,89.027,39.683,13.764,664.373,1,1,260.913,N04 -> N09 -> N07 -> N06 -> N08 -> N12 -> N03 -> N14 -> N05 -> N11 -> N13 -> N02 -> N10 -> N01
random_132,average_gap,1157.573,66.251,34.298,9.58,531.787,1,1,944.851,N01 -> N13 -> N09 -> N07 -> N03 -> N06 -> N08 -> N04 -> N12 -> N05 -> N14 -> N11 -> N10 -> N02
random_132,freshness_focused,1297.339,106.321,44.137,17.718,472.027,0,1,1004.941,N01 -> N10 -> N12 -> N14 -> N08 -> N13 -> N02 -> N03 -> N04 -> N11 -> N06 -> N09 -> N07 -> N05
random_132,bounded_beta90,1156.146,57.651,35.093,8.997,564.004,1,1,2254.49,N10 -> N12 -> N09 -> N06 -> N14 -> N05 -> N13 -> N04 -> N08 -> N07 -> N03 -> N11 -> N01 -> N02
random_133,distance_only,2129.182,211.3,87.975,38.869,1167.048,0,0,0.028,N11 -> N07 -> N01 -> N03 -> N09 -> N10 -> N08 -> N14 -> N02 -> N06 -> N05 -> N04 -> N13 -> N12
random_133,ordinary_collection,1700.09,187.844,58.267,23.358,851.272,0,0,10.463,N07 -> N01 -> N03 -> N09 -> N12 -> N08 -> N10 -> N14 -> N02 -> N06 -> N05 -> N04 -> N13 -> N11
random_133,protocol_aware_time,1246.107,65.982,28.531,7.305,669.062,1,1,316.205,N12 -> N08 -> N09 -> N11 -> N13 -> N06 -> N05 -> N04 -> N03 -> N02 -> N14 -> N10 -> N01 -> N07
random_133,soft_penalty_w12,1421.274,89.528,41.475,12.088,633.813,1,1,192.784,N09 -> N06 -> N01 -> N13 -> N04 -> N08 -> N12 -> N05 -> N03 -> N02 -> N14 -> N10 -> N07 -> N11
random_133,average_gap,1246.107,65.982,28.531,7.305,669.062,1,1,720.602,N12 -> N08 -> N09 -> N11 -> N13 -> N06 -> N05 -> N04 -> N03 -> N02 -> N14 -> N10 -> N01 -> N07
random_133,freshness_focused,1457.847,99.022,43.314,13.784,512.381,0,1,731.743,N07 -> N01 -> N09 -> N12 -> N13 -> N04 -> N05 -> N06 -> N03 -> N02 -> N14 -> N08 -> N10 -> N11
random_133,bounded_beta90,1246.107,65.982,28.531,7.305,669.062,1,1,1594.693,N12 -> N08 -> N09 -> N11 -> N13 -> N06 -> N05 -> N04 -> N03 -> N02 -> N14 -> N10 -> N01 -> N07
random_134,distance_only,963.687,102.7,42.322,19.531,524.327,0,1,0.024,N04 -> N10 -> N09 -> N05 -> N07 -> N12 -> N08 -> N01 -> N14 -> N13 -> N03 -> N06 -> N11 -> N02
random_134,ordinary_collection,1083.957,150.729,50.121,30.33,560.052,0,1,12.14,N02 -> N06 -> N11 -> N14 -> N01 -> N13 -> N03 -> N08 -> N12 -> N07 -> N05 -> N09 -> N10 -> N04
random_134,protocol_aware_time,787.399,63.388,29.861,11.477,324.87,1,1,232.786,N04 -> N05 -> N08 -> N06 -> N01 -> N14 -> N13 -> N03 -> N07 -> N09 -> N12 -> N02 -> N11 -> N10
random_134,soft_penalty_w12,787.399,63.388,29.861,11.477,324.87,1,1,208.593,N04 -> N05 -> N08 -> N06 -> N01 -> N14 -> N13 -> N03 -> N07 -> N09 -> N12 -> N02 -> N11 -> N10
random_134,average_gap,787.399,63.388,29.84,10.97,323.69,1,1,643.152,N04 -> N05 -> N08 -> N13 -> N01 -> N14 -> N06 -> N03 -> N07 -> N09 -> N12 -> N02 -> N11 -> N10
random_134,freshness_focused,789.388,78.424,29.776,11.732,310.458,1,1,684.654,N04 -> N05 -> N08 -> N13 -> N01 -> N03 -> N06 -> N14 -> N02 -> N07 -> N09 -> N12 -> N11 -> N10
random_134,bounded_beta90,776.09,49.588,29.304,10.293,328.282,1,1,1510.257,N04 -> N05 -> N08 -> N13 -> N14 -> N01 -> N12 -> N03 -> N07 -> N02 -> N06 -> N09 -> N11 -> N10
random_135,distance_only,1883.329,187.346,64.873,27.418,1311.979,0,0,0.026,N04 -> N09 -> N08 -> N13 -> N06 -> N03 -> N07 -> N02 -> N11 -> N14 -> N01 -> N05 -> N12 -> N10
random_135,ordinary_collection,1780.66,172.908,56.018,20.466,874.603,0,0,9.775,N04 -> N10 -> N12 -> N05 -> N01 -> N14 -> N06 -> N03 -> N07 -> N02 -> N13 -> N11 -> N08 -> N09
random_135,protocol_aware_time,1497.132,108.48,37.837,11.272,985.396,0,1,170.999,N11 -> N04 -> N06 -> N03 -> N07 -> N10 -> N08 -> N02 -> N13 -> N14 -> N01 -> N05 -> N12 -> N09
random_135,soft_penalty_w12,1490.456,89.175,39.364,10.653,717.517,1,1,406.421,N03 -> N06 -> N14 -> N07 -> N12 -> N05 -> N01 -> N13 -> N02 -> N11 -> N09 -> N04 -> N08 -> N10
random_135,average_gap,1497.132,106.103,35.893,9.986,986.956,0,1,588.787,N10 -> N04 -> N06 -> N02 -> N07 -> N11 -> N08 -> N03 -> N13 -> N14 -> N01 -> N05 -> N12 -> N09
random_135,freshness_focused,1710.362,208.521,52.134,21.19,748.578,0,0,592.32,N13 -> N03 -> N07 -> N14 -> N01 -> N04 -> N06 -> N02 -> N05 -> N12 -> N10 -> N11 -> N08 -> N09
random_135,bounded_beta90,1356.964,44.192,26.934,4.699,675.359,1,1,1463.433,N13 -> N12 -> N10 -> N06 -> N09 -> N08 -> N14 -> N01 -> N05 -> N07 -> N03 -> N11 -> N02 -> N04
random_136,distance_only,1194.903,237.591,51.216,35.272,484.236,0,1,0.025,N10 -> N07 -> N05 -> N13 -> N12 -> N03 -> N06 -> N01 -> N04 -> N11 -> N09 -> N02 -> N14 -> N08
random_136,ordinary_collection,1442.247,158.234,68.204,30.918,845.922,0,1,10.803,N05 -> N13 -> N12 -> N08 -> N03 -> N06 -> N01 -> N04 -> N11 -> N09 -> N02 -> N14 -> N07 -> N10
random_136,protocol_aware_time,929.736,76.263,33.347,12.152,394.56,1,1,267.697,N04 -> N03 -> N01 -> N06 -> N02 -> N14 -> N09 -> N11 -> N13 -> N10 -> N12 -> N07 -> N05 -> N08
random_136,soft_penalty_w12,1107.058,76.263,44.942,17.151,554.217,1,1,274.448,N04 -> N09 -> N11 -> N02 -> N06 -> N03 -> N14 -> N08 -> N13 -> N07 -> N01 -> N05 -> N10 -> N12
random_136,average_gap,929.795,80.41,32.955,13.416,398.758,1,1,667.146,N07 -> N13 -> N01 -> N06 -> N02 -> N14 -> N09 -> N03 -> N11 -> N04 -> N12 -> N10 -> N05 -> N08
random_136,freshness_focused,950.848,85.742,35.064,14.147,385.236,1,1,694.59,N06 -> N03 -> N01 -> N05 -> N02 -> N14 -> N09 -> N11 -> N13 -> N07 -> N12 -> N10 -> N04 -> N08
random_136,bounded_beta90,929.736,76.263,33.347,12.152,394.56,1,1,1452.728,N04 -> N03 -> N01 -> N06 -> N02 -> N14 -> N09 -> N11 -> N13 -> N10 -> N12 -> N07 -> N05 -> N08
random_137,distance_only,1331.346,123.266,59.242,26.018,700.002,0,1,0.025,N12 -> N14 -> N01 -> N10 -> N09 -> N07 -> N13 -> N11 -> N02 -> N03 -> N05 -> N08 -> N06 -> N04
random_137,ordinary_collection,1378.23,124.466,62.303,27.619,632.612,0,1,15.391,N01 -> N10 -> N09 -> N07 -> N13 -> N11 -> N03 -> N02 -> N05 -> N08 -> N06 -> N04 -> N14 -> N12
random_137,protocol_aware_time,1130.531,129.84,45.723,21.605,408.66,0,1,249.14,N13 -> N11 -> N03 -> N05 -> N07 -> N09 -> N04 -> N10 -> N06 -> N02 -> N14 -> N01 -> N12 -> N08
random_137,soft_penalty_w12,1148.509,82.33,47.044,16.953,513.501,1,1,428.804,N11 -> N09 -> N07 -> N03 -> N05 -> N02 -> N13 -> N14 -> N12 -> N10 -> N06 -> N01 -> N04 -> N08
random_137,average_gap,1130.123,118.539,45.021,19.848,493.921,0,1,658.767,N11 -> N10 -> N09 -> N07 -> N13 -> N01 -> N04 -> N05 -> N02 -> N03 -> N06 -> N14 -> N12 -> N08
random_137,freshness_focused,1131.333,129.859,45.705,20.13,406.291,0,1,691.592,N10 -> N07 -> N06 -> N05 -> N02 -> N03 -> N04 -> N13 -> N09 -> N11 -> N14 -> N01 -> N12 -> N08
random_137,bounded_beta90,942.353,59.614,32.579,10.379,414.435,1,1,1561.975,N14 -> N01 -> N04 -> N10 -> N09 -> N02 -> N13 -> N05 -> N03 -> N11 -> N06 -> N08 -> N07 -> N12
random_138,distance_only,1730.935,215.732,68.224,38.925,918.834,0,0,0.025,N10 -> N08 -> N05 -> N04 -> N11 -> N02 -> N14 -> N12 -> N03 -> N13 -> N06 -> N07 -> N01 -> N09
random_138,ordinary_collection,1644.098,189.248,64.404,30.523,784.942,0,0,15.51,N10 -> N08 -> N06 -> N13 -> N03 -> N07 -> N01 -> N09 -> N12 -> N14 -> N02 -> N04 -> N05 -> N11
random_138,protocol_aware_time,1174.737,67.826,32.931,9.194,652.613,1,1,322.152,N05 -> N12 -> N13 -> N06 -> N07 -> N03 -> N09 -> N02 -> N01 -> N11 -> N04 -> N10 -> N14 -> N08
random_138,soft_penalty_w12,1233.204,68.201,35.742,10.211,668.539,1,1,292.095,N04 -> N02 -> N01 -> N05 -> N07 -> N09 -> N14 -> N12 -> N06 -> N13 -> N03 -> N08 -> N11 -> N10
random_138,average_gap,1176.805,76.316,30.194,8.424,607.457,1,1,832.045,N13 -> N09 -> N01 -> N07 -> N05 -> N12 -> N04 -> N11 -> N03 -> N02 -> N06 -> N10 -> N14 -> N08
random_138,freshness_focused,1419.648,182.677,47.543,26.218,396.439,0,1,845.615,N11 -> N10 -> N08 -> N06 -> N09 -> N01 -> N07 -> N13 -> N04 -> N12 -> N02 -> N05 -> N14 -> N03
random_138,bounded_beta90,1174.737,67.826,32.931,9.194,652.613,1,1,1936.715,N05 -> N12 -> N13 -> N06 -> N07 -> N03 -> N09 -> N02 -> N01 -> N11 -> N04 -> N10 -> N14 -> N08
random_139,distance_only,1750.542,207.215,67.108,29.572,848.896,0,0,0.025,N10 -> N11 -> N09 -> N08 -> N12 -> N04 -> N03 -> N13 -> N02 -> N01 -> N07 -> N05 -> N06 -> N14
random_139,ordinary_collection,1554.724,125.701,52.75,21.092,1010.645,0,0,9.015,N06 -> N09 -> N08 -> N12 -> N14 -> N03 -> N04 -> N13 -> N02 -> N01 -> N07 -> N05 -> N11 -> N10
random_139,protocol_aware_time,1219.715,73.856,31.325,9.663,453.409,1,1,236.105,N12 -> N10 -> N03 -> N04 -> N13 -> N02 -> N05 -> N06 -> N11 -> N09 -> N01 -> N07 -> N14 -> N08
random_139,soft_penalty_w12,1263.195,80.781,34.221,10.472,642.815,1,1,245.881,N07 -> N10 -> N06 -> N11 -> N02 -> N04 -> N03 -> N13 -> N12 -> N01 -> N08 -> N05 -> N09 -> N14
random_139,average_gap,1219.977,74.053,31.165,9.723,457.053,1,1,783.351,N11 -> N10 -> N03 -> N04 -> N13 -> N02 -> N05 -> N06 -> N12 -> N09 -> N01 -> N07 -> N14 -> N08
random_139,freshness_focused,1219.715,73.856,31.325,9.663,453.409,1,1,782.513,N12 -> N10 -> N03 -> N04 -> N13 -> N02 -> N05 -> N06 -> N11 -> N09 -> N01 -> N07 -> N14 -> N08
random_139,bounded_beta90,1219.715,73.856,31.325,9.663,453.409,1,1,1588.3,N12 -> N10 -> N03 -> N04 -> N13 -> N02 -> N05 -> N06 -> N11 -> N09 -> N01 -> N07 -> N14 -> N08
random_140,distance_only,1646.323,209.957,79.823,37.479,933.395,0,0,0.025,N01 -> N05 -> N03 -> N14 -> N04 -> N09 -> N06 -> N11 -> N02 -> N07 -> N10 -> N13 -> N08 -> N12
random_140,ordinary_collection,1661.613,234.893,80.967,40.129,960.804,0,0,26.949,N01 -> N05 -> N03 -> N14 -> N12 -> N10 -> N13 -> N08 -> N11 -> N02 -> N06 -> N09 -> N04 -> N07
random_140,protocol_aware_time,964.831,107.582,32.689,12.751,593.379,0,1,283.477,N04 -> N02 -> N12 -> N10 -> N03 -> N11 -> N08 -> N13 -> N01 -> N06 -> N14 -> N09 -> N07 -> N05
random_140,soft_penalty_w12,922.265,52.447,31.028,9.844,567.732,1,1,471.449,N04 -> N01 -> N12 -> N13 -> N08 -> N11 -> N10 -> N02 -> N07 -> N06 -> N03 -> N14 -> N05 -> N09
random_140,average_gap,964.831,107.582,32.689,12.751,593.379,0,1,772.77,N04 -> N02 -> N12 -> N10 -> N03 -> N11 -> N08 -> N13 -> N01 -> N06 -> N14 -> N09 -> N07 -> N05
random_140,freshness_focused,900.938,62.204,29.994,10.165,473.169,1,1,856.155,N04 -> N01 -> N05 -> N07 -> N03 -> N13 -> N06 -> N11 -> N02 -> N08 -> N14 -> N09 -> N10 -> N12
random_140,bounded_beta90,966.128,85.783,33.952,11.684,537.804,1,1,1867.698,N04 -> N01 -> N09 -> N03 -> N11 -> N06 -> N07 -> N12 -> N14 -> N08 -> N02 -> N13 -> N10 -> N05
random_141,distance_only,1420.538,167.582,63.512,34.444,717.382,0,1,0.024,N06 -> N14 -> N10 -> N03 -> N07 -> N13 -> N05 -> N09 -> N01 -> N04 -> N11 -> N12 -> N08 -> N02
random_141,ordinary_collection,1558.57,199.801,72.65,37.523,651.941,0,0,18.791,N06 -> N11 -> N12 -> N08 -> N02 -> N05 -> N13 -> N09 -> N04 -> N01 -> N07 -> N03 -> N10 -> N14
random_141,protocol_aware_time,1019.131,100.892,36.355,14.163,524.036,0,1,308.489,N06 -> N13 -> N11 -> N05 -> N08 -> N12 -> N01 -> N03 -> N10 -> N09 -> N07 -> N02 -> N14 -> N04
random_141,soft_penalty_w12,1033.838,88.341,36.457,16.399,583.9,1,1,264.209,N09 -> N01 -> N11 -> N04 -> N10 -> N08 -> N12 -> N05 -> N07 -> N13 -> N03 -> N02 -> N14 -> N06
random_141,average_gap,1018.962,88.341,34.98,13.814,515.417,1,1,875.792,N09 -> N07 -> N13 -> N05 -> N08 -> N12 -> N01 -> N11 -> N06 -> N10 -> N03 -> N02 -> N14 -> N04
random_141,freshness_focused,1234.614,220.484,51.025,32.547,491.367,0,1,880.098,N06 -> N04 -> N13 -> N09 -> N08 -> N03 -> N11 -> N12 -> N01 -> N05 -> N07 -> N02 -> N14 -> N10
random_141,bounded_beta90,1019.234,75.71,35.05,12.917,519.417,1,1,1869.549,N06 -> N11 -> N07 -> N09 -> N08 -> N12 -> N01 -> N13 -> N10 -> N05 -> N03 -> N02 -> N14 -> N04
random_142,distance_only,1652.907,195.583,77.523,35.152,896.616,0,0,0.025,N01 -> N08 -> N07 -> N10 -> N02 -> N13 -> N04 -> N09 -> N11 -> N03 -> N12 -> N06 -> N14 -> N05
random_142,ordinary_collection,1195.718,85.653,46.447,17.019,658.348,1,1,10.379,N07 -> N05 -> N14 -> N03 -> N12 -> N06 -> N11 -> N09 -> N04 -> N13 -> N02 -> N10 -> N08 -> N01
random_142,protocol_aware_time,1136.304,97.703,41.004,16.264,454.707,0,1,338.59,N01 -> N02 -> N06 -> N12 -> N03 -> N09 -> N11 -> N14 -> N10 -> N08 -> N05 -> N04 -> N13 -> N07
random_142,soft_penalty_w12,1043.143,78.198,36.546,13.023,537.53,1,1,356.48,N11 -> N05 -> N01 -> N10 -> N02 -> N07 -> N04 -> N13 -> N14 -> N12 -> N03 -> N06 -> N08 -> N09
random_142,average_gap,1136.304,97.703,41.004,16.264,454.707,0,1,734.281,N01 -> N02 -> N06 -> N12 -> N03 -> N09 -> N11 -> N14 -> N10 -> N08 -> N05 -> N04 -> N13 -> N07
random_142,freshness_focused,1144.357,151.104,41.677,20.668,448.616,0,1,779.828,N01 -> N02 -> N06 -> N12 -> N03 -> N09 -> N11 -> N13 -> N10 -> N08 -> N05 -> N04 -> N14 -> N07
random_142,bounded_beta90,980.655,61.073,31.028,9.248,439.809,1,1,1689.014,N07 -> N08 -> N02 -> N01 -> N14 -> N10 -> N13 -> N11 -> N09 -> N12 -> N03 -> N06 -> N04 -> N05
random_143,distance_only,1654.701,192.005,62.568,26.245,777.434,0,0,0.025,N02 -> N04 -> N10 -> N12 -> N01 -> N08 -> N09 -> N07 -> N05 -> N11 -> N06 -> N03 -> N14 -> N13
random_143,ordinary_collection,1577.752,202.127,56.376,28.249,805.751,0,0,14.032,N02 -> N05 -> N07 -> N11 -> N13 -> N06 -> N03 -> N14 -> N09 -> N08 -> N01 -> N12 -> N10 -> N04
random_143,protocol_aware_time,1224.671,71.732,31.308,8.269,530.184,1,1,328.145,N02 -> N14 -> N03 -> N09 -> N07 -> N13 -> N11 -> N01 -> N05 -> N12 -> N10 -> N06 -> N08 -> N04
random_143,soft_penalty_w12,1259.828,74.368,33.554,8.86,647.33,1,1,358.711,N05 -> N12 -> N01 -> N09 -> N13 -> N10 -> N04 -> N07 -> N11 -> N03 -> N06 -> N08 -> N14 -> N02
random_143,average_gap,1224.681,80.125,31.125,8.296,535.648,1,1,837.944,N03 -> N07 -> N02 -> N14 -> N09 -> N13 -> N11 -> N01 -> N05 -> N12 -> N10 -> N06 -> N08 -> N04
random_143,freshness_focused,1503.514,193.201,49.747,21.7,481.499,0,0,940.576,N02 -> N14 -> N11 -> N09 -> N01 -> N07 -> N03 -> N05 -> N04 -> N10 -> N12 -> N08 -> N13 -> N06
random_143,bounded_beta90,1205.305,63.576,29.603,7.502,628.989,1,1,1944.723,N02 -> N12 -> N10 -> N04 -> N06 -> N13 -> N07 -> N03 -> N09 -> N14 -> N11 -> N01 -> N05 -> N08
random_144,distance_only,1170.9,142.943,43.917,20.539,470.653,0,1,0.024,N01 -> N06 -> N02 -> N11 -> N07 -> N09 -> N08 -> N13 -> N10 -> N14 -> N04 -> N05 -> N12 -> N03
random_144,ordinary_collection,1314.51,214.943,53.508,32.11,699.865,0,1,21.673,N01 -> N13 -> N08 -> N09 -> N07 -> N11 -> N10 -> N12 -> N03 -> N05 -> N04 -> N14 -> N02 -> N06
random_144,protocol_aware_time,927.968,74.113,26.363,8.869,287.319,1,1,256.042,N01 -> N09 -> N08 -> N07 -> N10 -> N04 -> N05 -> N14 -> N12 -> N02 -> N06 -> N03 -> N11 -> N13
random_144,soft_penalty_w12,927.968,74.113,26.363,8.869,287.319,1,1,226.103,N01 -> N09 -> N08 -> N07 -> N10 -> N04 -> N05 -> N14 -> N12 -> N02 -> N06 -> N03 -> N11 -> N13
random_144,average_gap,920.984,68.278,25.96,8.49,604.9,1,1,733.451,N08 -> N07 -> N03 -> N11 -> N12 -> N10 -> N02 -> N13 -> N05 -> N14 -> N04 -> N09 -> N01 -> N06
random_144,freshness_focused,940.51,68.012,27.422,9.868,252.194,1,1,716.168,N01 -> N09 -> N08 -> N07 -> N10 -> N05 -> N04 -> N14 -> N12 -> N02 -> N06 -> N13 -> N11 -> N03
random_144,bounded_beta90,871.464,56.837,22.61,6.817,327.461,1,1,1558.927,N02 -> N06 -> N13 -> N01 -> N12 -> N10 -> N14 -> N04 -> N05 -> N09 -> N08 -> N03 -> N11 -> N07
random_145,distance_only,1422.777,135.336,58.544,24.05,785.422,0,1,0.027,N03 -> N14 -> N08 -> N09 -> N02 -> N04 -> N12 -> N01 -> N13 -> N07 -> N10 -> N06 -> N05 -> N11
random_145,ordinary_collection,1601.38,124.655,67.98,25.796,724.71,0,0,10.852,N03 -> N14 -> N05 -> N11 -> N06 -> N10 -> N07 -> N13 -> N12 -> N01 -> N04 -> N02 -> N09 -> N08
random_145,protocol_aware_time,1037.663,72.28,31.728,10.912,375.903,1,1,248.085,N14 -> N08 -> N03 -> N10 -> N06 -> N07 -> N02 -> N13 -> N12 -> N09 -> N01 -> N04 -> N05 -> N11
random_145,soft_penalty_w12,1037.663,72.28,31.728,10.912,375.903,1,1,249.58,N14 -> N08 -> N03 -> N10 -> N06 -> N07 -> N02 -> N13 -> N12 -> N09 -> N01 -> N04 -> N05 -> N11
random_145,average_gap,1037.663,72.28,31.728,10.912,375.903,1,1,655.359,N14 -> N08 -> N03 -> N10 -> N06 -> N07 -> N02 -> N13 -> N12 -> N09 -> N01 -> N04 -> N05 -> N11
random_145,freshness_focused,1156.711,89.634,38.35,13.061,325.023,1,1,688.683,N14 -> N03 -> N08 -> N10 -> N06 -> N11 -> N02 -> N13 -> N12 -> N09 -> N01 -> N07 -> N05 -> N04
random_145,bounded_beta90,1037.663,72.28,31.728,10.912,375.903,1,1,1542.229,N14 -> N08 -> N03 -> N10 -> N06 -> N07 -> N02 -> N13 -> N12 -> N09 -> N01 -> N04 -> N05 -> N11
random_146,distance_only,1244.528,150.884,51.919,23.47,737.878,0,1,0.026,N07 -> N02 -> N08 -> N03 -> N01 -> N11 -> N06 -> N10 -> N05 -> N12 -> N09 -> N04 -> N13 -> N14
random_146,ordinary_collection,1201.176,150.884,48.914,23.419,766.692,0,1,15.599,N07 -> N02 -> N08 -> N05 -> N12 -> N09 -> N04 -> N13 -> N14 -> N10 -> N06 -> N11 -> N01 -> N03
random_146,protocol_aware_time,940.97,81.902,31.552,12.25,599.197,1,1,205.942,N03 -> N02 -> N14 -> N12 -> N13 -> N04 -> N01 -> N07 -> N05 -> N06 -> N09 -> N10 -> N08 -> N11
random_146,soft_penalty_w12,910.154,62.823,28.517,10.282,464.312,1,1,349.417,N06 -> N10 -> N04 -> N11 -> N14 -> N13 -> N02 -> N05 -> N09 -> N12 -> N07 -> N01 -> N03 -> N08
random_146,average_gap,931.096,97.799,29.274,11.447,609.916,0,1,558.546,N04 -> N02 -> N01 -> N12 -> N13 -> N03 -> N14 -> N07 -> N11 -> N06 -> N09 -> N10 -> N08 -> N05
random_146,freshness_focused,805.355,61.024,22.658,7.737,396.24,1,1,560.891,N05 -> N09 -> N12 -> N14 -> N13 -> N04 -> N03 -> N07 -> N01 -> N11 -> N06 -> N10 -> N02 -> N08
random_146,bounded_beta90,940.97,81.902,31.552,12.25,599.197,1,1,1579.355,N03 -> N02 -> N14 -> N12 -> N13 -> N04 -> N01 -> N07 -> N05 -> N06 -> N09 -> N10 -> N08 -> N11
random_147,distance_only,1289.902,147.581,62.857,28.888,693.667,0,1,0.025,N10 -> N05 -> N06 -> N02 -> N03 -> N14 -> N08 -> N13 -> N11 -> N07 -> N12 -> N09 -> N01 -> N04
random_147,ordinary_collection,1262.664,105.9,60.53,26.33,726.747,0,1,13.831,N10 -> N05 -> N06 -> N07 -> N11 -> N08 -> N13 -> N14 -> N03 -> N02 -> N04 -> N01 -> N12 -> N09
random_147,protocol_aware_time,847.412,69.455,33.234,11.752,445.974,1,1,295.42,N11 -> N07 -> N01 -> N14 -> N03 -> N13 -> N08 -> N06 -> N02 -> N04 -> N12 -> N09 -> N10 -> N05
random_147,soft_penalty_w12,790.87,54.998,28.014,9.248,434.462,1,1,225.154,N06 -> N05 -> N02 -> N07 -> N04 -> N13 -> N08 -> N03 -> N11 -> N14 -> N01 -> N10 -> N09 -> N12
random_147,average_gap,847.323,87.03,31.841,12.614,500.715,1,1,749.694,N06 -> N03 -> N14 -> N11 -> N09 -> N08 -> N07 -> N13 -> N02 -> N04 -> N12 -> N01 -> N10 -> N05
random_147,freshness_focused,847.89,118.291,33.197,15.951,402.234,0,1,694.65,N09 -> N12 -> N01 -> N04 -> N03 -> N02 -> N06 -> N08 -> N14 -> N13 -> N07 -> N11 -> N10 -> N05
random_147,bounded_beta90,799.256,49.423,28.573,9.082,414.541,1,1,1623.895,N06 -> N05 -> N11 -> N03 -> N14 -> N02 -> N07 -> N01 -> N12 -> N04 -> N13 -> N08 -> N09 -> N10
random_148,distance_only,2196.489,190.264,88.786,34.436,1020.6,0,0,0.026,N14 -> N04 -> N02 -> N03 -> N11 -> N13 -> N01 -> N07 -> N09 -> N06 -> N08 -> N10 -> N12 -> N05
random_148,ordinary_collection,1884.984,188.664,68.185,29.013,955.578,0,0,19.622,N14 -> N04 -> N02 -> N10 -> N08 -> N06 -> N09 -> N07 -> N12 -> N05 -> N01 -> N13 -> N03 -> N11
random_148,protocol_aware_time,1415.417,102.289,35.87,10.262,740.706,0,1,504.482,N09 -> N11 -> N13 -> N01 -> N07 -> N06 -> N03 -> N12 -> N05 -> N08 -> N04 -> N02 -> N14 -> N10
random_148,soft_penalty_w12,1430.149,79.804,37.155,9.061,810.763,1,1,368.27,N05 -> N09 -> N02 -> N08 -> N13 -> N07 -> N06 -> N03 -> N12 -> N10 -> N01 -> N11 -> N14 -> N04
random_148,average_gap,1415.417,85.585,35.759,9.236,731.54,1,1,1033.603,N11 -> N09 -> N13 -> N01 -> N07 -> N06 -> N03 -> N12 -> N05 -> N08 -> N04 -> N02 -> N14 -> N10
random_148,freshness_focused,1728.029,189.219,56.75,24.683,622.638,0,0,1161.531,N11 -> N02 -> N14 -> N06 -> N03 -> N09 -> N08 -> N12 -> N07 -> N05 -> N01 -> N13 -> N10 -> N04
random_148,bounded_beta90,1415.412,57.238,36.785,8.257,745.754,1,1,2397.801,N11 -> N01 -> N12 -> N05 -> N09 -> N06 -> N03 -> N13 -> N07 -> N08 -> N04 -> N02 -> N14 -> N10
random_149,distance_only,1449.58,96.951,59.565,21.02,736.532,0,1,0.025,N03 -> N07 -> N05 -> N02 -> N04 -> N12 -> N06 -> N11 -> N14 -> N01 -> N13 -> N08 -> N10 -> N09
random_149,ordinary_collection,1633.267,206.591,71.739,39.276,852.04,0,0,14.692,N01 -> N13 -> N10 -> N08 -> N14 -> N06 -> N11 -> N12 -> N09 -> N04 -> N02 -> N05 -> N07 -> N03
random_149,protocol_aware_time,1090.081,102.239,35.285,13.655,601.101,0,1,258.746,N02 -> N05 -> N01 -> N07 -> N04 -> N12 -> N06 -> N11 -> N09 -> N13 -> N10 -> N08 -> N03 -> N14
random_149,soft_penalty_w12,1153.932,86.372,38.426,14.038,606.379,1,1,296.423,N02 -> N05 -> N14 -> N07 -> N04 -> N12 -> N06 -> N11 -> N09 -> N01 -> N03 -> N08 -> N13 -> N10
random_149,average_gap,1090.081,102.239,35.285,13.655,601.101,0,1,663.655,N02 -> N05 -> N01 -> N07 -> N04 -> N12 -> N06 -> N11 -> N09 -> N13 -> N10 -> N08 -> N03 -> N14
random_149,freshness_focused,1352.676,133.446,52.829,23.105,539.428,0,1,653.451,N05 -> N07 -> N04 -> N13 -> N10 -> N12 -> N06 -> N11 -> N03 -> N01 -> N14 -> N08 -> N02 -> N09
random_149,bounded_beta90,1127.475,65.374,37.269,11.585,597.173,1,1,1506.384,N02 -> N14 -> N07 -> N09 -> N04 -> N12 -> N06 -> N11 -> N10 -> N01 -> N13 -> N08 -> N03 -> N05
random_150,distance_only,2623.403,213.93,101.106,43.894,1484.465,0,0,0.025,N11 -> N12 -> N13 -> N04 -> N05 -> N08 -> N06 -> N07 -> N14 -> N10 -> N09 -> N03 -> N02 -> N01
random_150,ordinary_collection,2397.924,203.501,87.866,33.087,1206.388,0,0,17.181,N11 -> N03 -> N10 -> N14 -> N07 -> N09 -> N06 -> N05 -> N08 -> N01 -> N02 -> N04 -> N13 -> N12
random_150,protocol_aware_time,1626.68,63.527,33.079,6.999,646.827,1,0,162.766,N12 -> N05 -> N01 -> N07 -> N14 -> N03 -> N06 -> N13 -> N11 -> N08 -> N10 -> N09 -> N04 -> N02
random_150,soft_penalty_w12,1626.68,63.527,33.079,6.999,646.827,1,0,135.829,N12 -> N05 -> N01 -> N07 -> N14 -> N03 -> N06 -> N13 -> N11 -> N08 -> N10 -> N09 -> N04 -> N02
random_150,average_gap,1626.68,63.527,33.079,6.999,646.827,1,0,450.944,N12 -> N05 -> N01 -> N07 -> N14 -> N03 -> N06 -> N13 -> N11 -> N08 -> N10 -> N09 -> N04 -> N02
random_150,freshness_focused,1626.68,63.527,33.079,6.999,646.827,1,0,465.693,N12 -> N05 -> N01 -> N07 -> N14 -> N03 -> N06 -> N13 -> N11 -> N08 -> N10 -> N09 -> N04 -> N02
random_150,bounded_beta90,1626.68,63.527,33.079,6.999,646.827,1,0,1103.627,N12 -> N05 -> N01 -> N07 -> N14 -> N03 -> N06 -> N13 -> N11 -> N08 -> N10 -> N09 -> N04 -> N02
