scenario_seed,uncertainty_level,planner,total_time_s,flight_distance_m,max_blackout_s,meets_90s_budget,mission_feasible,planning_runtime_ms,route
601,0.0,distance_only,1409.077,2074.101,194.417,0,1,0.03,N05 -> N11 -> N06 -> N12 -> N01 -> N07 -> N04 -> N03 -> N08 -> N14 -> N02 -> N13 -> N09 -> N10
601,0.0,protocol_aware,919.782,2601.669,72.433,1,1,303.876,N13 -> N14 -> N03 -> N08 -> N07 -> N01 -> N04 -> N02 -> N06 -> N10 -> N09 -> N12 -> N11 -> N05
601,0.0,bounded_blackout,919.782,2601.669,72.433,1,1,1940.642,N13 -> N14 -> N03 -> N08 -> N07 -> N01 -> N04 -> N02 -> N06 -> N10 -> N09 -> N12 -> N11 -> N05
601,0.02,distance_only,1406.784,2074.101,189.831,0,1,0.03,N05 -> N11 -> N06 -> N12 -> N01 -> N07 -> N04 -> N03 -> N08 -> N14 -> N02 -> N13 -> N09 -> N10
601,0.02,protocol_aware,1399.748,2601.669,180.415,0,1,303.876,N13 -> N14 -> N03 -> N08 -> N07 -> N01 -> N04 -> N02 -> N06 -> N10 -> N09 -> N12 -> N11 -> N05
601,0.02,bounded_blackout,1399.748,2601.669,180.415,0,1,1940.642,N13 -> N14 -> N03 -> N08 -> N07 -> N01 -> N04 -> N02 -> N06 -> N10 -> N09 -> N12 -> N11 -> N05
601,0.05,distance_only,1122.543,2074.101,128.395,0,1,0.03,N05 -> N11 -> N06 -> N12 -> N01 -> N07 -> N04 -> N03 -> N08 -> N14 -> N02 -> N13 -> N09 -> N10
601,0.05,protocol_aware,1519.696,2601.669,190.928,0,0,303.876,N13 -> N14 -> N03 -> N08 -> N07 -> N01 -> N04 -> N02 -> N06 -> N10 -> N09 -> N12 -> N11 -> N05
601,0.05,bounded_blackout,1519.696,2601.669,190.928,0,0,1940.642,N13 -> N14 -> N03 -> N08 -> N07 -> N01 -> N04 -> N02 -> N06 -> N10 -> N09 -> N12 -> N11 -> N05
601,0.1,distance_only,1205.774,2074.101,145.093,0,1,0.03,N05 -> N11 -> N06 -> N12 -> N01 -> N07 -> N04 -> N03 -> N08 -> N14 -> N02 -> N13 -> N09 -> N10
601,0.1,protocol_aware,1519.605,2601.669,218.35,0,0,303.876,N13 -> N14 -> N03 -> N08 -> N07 -> N01 -> N04 -> N02 -> N06 -> N10 -> N09 -> N12 -> N11 -> N05
601,0.1,bounded_blackout,1519.605,2601.669,218.35,0,0,1940.642,N13 -> N14 -> N03 -> N08 -> N07 -> N01 -> N04 -> N02 -> N06 -> N10 -> N09 -> N12 -> N11 -> N05
602,0.0,distance_only,1845.999,2526.824,220.801,0,0,0.022,N06 -> N12 -> N07 -> N03 -> N11 -> N10 -> N02 -> N09 -> N04 -> N13 -> N05 -> N01 -> N14 -> N08
602,0.0,protocol_aware,1358.961,2950.537,84.029,1,1,479.04,N02 -> N01 -> N14 -> N05 -> N06 -> N10 -> N13 -> N09 -> N04 -> N07 -> N11 -> N03 -> N12 -> N08
602,0.0,bounded_blackout,1358.961,2950.537,84.029,1,1,2271.429,N02 -> N01 -> N14 -> N05 -> N06 -> N10 -> N13 -> N09 -> N04 -> N07 -> N11 -> N03 -> N12 -> N08
602,0.02,distance_only,1845.054,2526.824,216.747,0,0,0.022,N06 -> N12 -> N07 -> N03 -> N11 -> N10 -> N02 -> N09 -> N04 -> N13 -> N05 -> N01 -> N14 -> N08
602,0.02,protocol_aware,1358.015,2950.537,80.519,1,1,479.04,N02 -> N01 -> N14 -> N05 -> N06 -> N10 -> N13 -> N09 -> N04 -> N07 -> N11 -> N03 -> N12 -> N08
602,0.02,bounded_blackout,1358.015,2950.537,80.519,1,1,2271.429,N02 -> N01 -> N14 -> N05 -> N06 -> N10 -> N13 -> N09 -> N04 -> N07 -> N11 -> N03 -> N12 -> N08
602,0.05,distance_only,1843.633,2526.824,210.633,0,0,0.022,N06 -> N12 -> N07 -> N03 -> N11 -> N10 -> N02 -> N09 -> N04 -> N13 -> N05 -> N01 -> N14 -> N08
602,0.05,protocol_aware,1356.594,2950.537,75.254,1,1,479.04,N02 -> N01 -> N14 -> N05 -> N06 -> N10 -> N13 -> N09 -> N04 -> N07 -> N11 -> N03 -> N12 -> N08
602,0.05,bounded_blackout,1356.594,2950.537,75.254,1,1,2271.429,N02 -> N01 -> N14 -> N05 -> N06 -> N10 -> N13 -> N09 -> N04 -> N07 -> N11 -> N03 -> N12 -> N08
602,0.1,distance_only,1841.259,2526.824,200.356,0,0,0.022,N06 -> N12 -> N07 -> N03 -> N11 -> N10 -> N02 -> N09 -> N04 -> N13 -> N05 -> N01 -> N14 -> N08
602,0.1,protocol_aware,1354.221,2950.537,67.755,1,1,479.04,N02 -> N01 -> N14 -> N05 -> N06 -> N10 -> N13 -> N09 -> N04 -> N07 -> N11 -> N03 -> N12 -> N08
602,0.1,bounded_blackout,1354.221,2950.537,67.755,1,1,2271.429,N02 -> N01 -> N14 -> N05 -> N06 -> N10 -> N13 -> N09 -> N04 -> N07 -> N11 -> N03 -> N12 -> N08
603,0.0,distance_only,1569.366,2599.485,176.02,0,0,0.022,N05 -> N14 -> N01 -> N02 -> N06 -> N11 -> N04 -> N03 -> N10 -> N09 -> N08 -> N12 -> N07 -> N13
603,0.0,protocol_aware,1140.054,3617.69,103.214,0,1,286.219,N14 -> N03 -> N09 -> N10 -> N02 -> N04 -> N13 -> N01 -> N11 -> N07 -> N08 -> N12 -> N06 -> N05
603,0.0,bounded_blackout,1252.113,3330.752,62.28,1,1,2003.672,N04 -> N06 -> N11 -> N03 -> N14 -> N13 -> N12 -> N07 -> N01 -> N09 -> N10 -> N08 -> N05 -> N02
603,0.02,distance_only,1570.579,2599.485,177.464,0,0,0.022,N05 -> N14 -> N01 -> N02 -> N06 -> N11 -> N04 -> N03 -> N10 -> N09 -> N08 -> N12 -> N07 -> N13
603,0.02,protocol_aware,1138.649,3617.69,105.359,0,1,286.219,N14 -> N03 -> N09 -> N10 -> N02 -> N04 -> N13 -> N01 -> N11 -> N07 -> N08 -> N12 -> N06 -> N05
603,0.02,bounded_blackout,1493.97,3330.752,215.522,0,1,2003.672,N04 -> N06 -> N11 -> N03 -> N14 -> N13 -> N12 -> N07 -> N01 -> N09 -> N10 -> N08 -> N05 -> N02
603,0.05,distance_only,1788.399,2599.485,226.42,0,0,0.022,N05 -> N14 -> N01 -> N02 -> N06 -> N11 -> N04 -> N03 -> N10 -> N09 -> N08 -> N12 -> N07 -> N13
603,0.05,protocol_aware,1208.541,3617.69,108.581,0,1,286.219,N14 -> N03 -> N09 -> N10 -> N02 -> N04 -> N13 -> N01 -> N11 -> N07 -> N08 -> N12 -> N06 -> N05
603,0.05,bounded_blackout,1496.757,3330.752,220.66,0,1,2003.672,N04 -> N06 -> N11 -> N03 -> N14 -> N13 -> N12 -> N07 -> N01 -> N09 -> N10 -> N08 -> N05 -> N02
603,0.1,distance_only,1791.438,2599.485,207.239,0,0,0.022,N05 -> N14 -> N01 -> N02 -> N06 -> N11 -> N04 -> N03 -> N10 -> N09 -> N08 -> N12 -> N07 -> N13
603,0.1,protocol_aware,1205.025,3617.69,113.961,0,1,286.219,N14 -> N03 -> N09 -> N10 -> N02 -> N04 -> N13 -> N01 -> N11 -> N07 -> N08 -> N12 -> N06 -> N05
603,0.1,bounded_blackout,1501.405,3330.752,229.228,0,0,2003.672,N04 -> N06 -> N11 -> N03 -> N14 -> N13 -> N12 -> N07 -> N01 -> N09 -> N10 -> N08 -> N05 -> N02
604,0.0,distance_only,1588.692,3174.317,107.087,0,0,0.021,N11 -> N01 -> N09 -> N05 -> N06 -> N03 -> N08 -> N02 -> N13 -> N12 -> N07 -> N14 -> N10 -> N04
604,0.0,protocol_aware,1168.767,3314.006,72.528,1,1,253.046,N04 -> N07 -> N05 -> N09 -> N10 -> N06 -> N08 -> N02 -> N03 -> N13 -> N11 -> N01 -> N12 -> N14
604,0.0,bounded_blackout,1168.767,3314.006,72.528,1,1,1687.34,N04 -> N07 -> N05 -> N09 -> N10 -> N06 -> N08 -> N02 -> N03 -> N13 -> N11 -> N01 -> N12 -> N14
604,0.02,distance_only,1589.319,3174.317,113.8,0,0,0.021,N11 -> N01 -> N09 -> N05 -> N06 -> N03 -> N08 -> N02 -> N13 -> N12 -> N07 -> N14 -> N10 -> N04
604,0.02,protocol_aware,1168.261,3314.006,73.283,1,1,253.046,N04 -> N07 -> N05 -> N09 -> N10 -> N06 -> N08 -> N02 -> N03 -> N13 -> N11 -> N01 -> N12 -> N14
604,0.02,bounded_blackout,1168.261,3314.006,73.283,1,1,1687.34,N04 -> N07 -> N05 -> N09 -> N10 -> N06 -> N08 -> N02 -> N03 -> N13 -> N11 -> N01 -> N12 -> N14
604,0.05,distance_only,1590.264,3174.317,121.911,0,0,0.021,N11 -> N01 -> N09 -> N05 -> N06 -> N03 -> N08 -> N02 -> N13 -> N12 -> N07 -> N14 -> N10 -> N04
604,0.05,protocol_aware,1455.557,3314.006,170.914,0,1,253.046,N04 -> N07 -> N05 -> N09 -> N10 -> N06 -> N08 -> N02 -> N03 -> N13 -> N11 -> N01 -> N12 -> N14
604,0.05,bounded_blackout,1455.557,3314.006,170.914,0,1,1687.34,N04 -> N07 -> N05 -> N09 -> N10 -> N06 -> N08 -> N02 -> N03 -> N13 -> N11 -> N01 -> N12 -> N14
604,0.1,distance_only,1591.85,3174.317,171.016,0,0,0.021,N11 -> N01 -> N09 -> N05 -> N06 -> N03 -> N08 -> N02 -> N13 -> N12 -> N07 -> N14 -> N10 -> N04
604,0.1,protocol_aware,1454.542,3314.006,180.805,0,1,253.046,N04 -> N07 -> N05 -> N09 -> N10 -> N06 -> N08 -> N02 -> N03 -> N13 -> N11 -> N01 -> N12 -> N14
604,0.1,bounded_blackout,1454.542,3314.006,180.805,0,1,1687.34,N04 -> N07 -> N05 -> N09 -> N10 -> N06 -> N08 -> N02 -> N03 -> N13 -> N11 -> N01 -> N12 -> N14
605,0.0,distance_only,1490.216,2403.744,222.048,0,1,0.022,N05 -> N12 -> N09 -> N03 -> N02 -> N07 -> N14 -> N11 -> N04 -> N01 -> N06 -> N10 -> N13 -> N08
605,0.0,protocol_aware,928.587,2719.17,82.242,1,1,340.035,N09 -> N04 -> N11 -> N14 -> N06 -> N10 -> N01 -> N13 -> N08 -> N02 -> N07 -> N03 -> N05 -> N12
605,0.0,bounded_blackout,928.587,2719.17,82.242,1,1,2060.434,N09 -> N04 -> N11 -> N14 -> N06 -> N10 -> N01 -> N13 -> N08 -> N02 -> N07 -> N03 -> N05 -> N12
605,0.02,distance_only,1490.993,2403.744,219.916,0,1,0.022,N05 -> N12 -> N09 -> N03 -> N02 -> N07 -> N14 -> N11 -> N04 -> N01 -> N06 -> N10 -> N13 -> N08
605,0.02,protocol_aware,926.372,2719.17,85.414,1,1,340.035,N09 -> N04 -> N11 -> N14 -> N06 -> N10 -> N01 -> N13 -> N08 -> N02 -> N07 -> N03 -> N05 -> N12
605,0.02,bounded_blackout,926.372,2719.17,85.414,1,1,2060.434,N09 -> N04 -> N11 -> N14 -> N06 -> N10 -> N01 -> N13 -> N08 -> N02 -> N07 -> N03 -> N05 -> N12
605,0.05,distance_only,1492.158,2403.744,216.716,0,1,0.022,N05 -> N12 -> N09 -> N03 -> N02 -> N07 -> N14 -> N11 -> N04 -> N01 -> N06 -> N10 -> N13 -> N08
605,0.05,protocol_aware,923.123,2719.17,90.154,0,1,340.035,N09 -> N04 -> N11 -> N14 -> N06 -> N10 -> N01 -> N13 -> N08 -> N02 -> N07 -> N03 -> N05 -> N12
605,0.05,bounded_blackout,923.123,2719.17,90.154,0,1,2060.434,N09 -> N04 -> N11 -> N14 -> N06 -> N10 -> N01 -> N13 -> N08 -> N02 -> N07 -> N03 -> N05 -> N12
605,0.1,distance_only,1494.099,2403.744,211.379,0,1,0.022,N05 -> N12 -> N09 -> N03 -> N02 -> N07 -> N14 -> N11 -> N04 -> N01 -> N06 -> N10 -> N13 -> N08
605,0.1,protocol_aware,917.893,2719.17,92.949,0,1,340.035,N09 -> N04 -> N11 -> N14 -> N06 -> N10 -> N01 -> N13 -> N08 -> N02 -> N07 -> N03 -> N05 -> N12
605,0.1,bounded_blackout,917.893,2719.17,92.949,0,1,2060.434,N09 -> N04 -> N11 -> N14 -> N06 -> N10 -> N01 -> N13 -> N08 -> N02 -> N07 -> N03 -> N05 -> N12
606,0.0,distance_only,1633.281,2319.934,225.047,0,0,0.028,N09 -> N06 -> N04 -> N02 -> N05 -> N13 -> N07 -> N08 -> N11 -> N10 -> N12 -> N01 -> N03 -> N14
606,0.0,protocol_aware,1034.744,3170.885,70.564,1,1,229.143,N13 -> N07 -> N02 -> N12 -> N14 -> N10 -> N11 -> N03 -> N01 -> N05 -> N06 -> N04 -> N08 -> N09
606,0.0,bounded_blackout,1034.744,3170.885,70.564,1,1,1563.963,N13 -> N07 -> N02 -> N12 -> N14 -> N10 -> N11 -> N03 -> N01 -> N05 -> N06 -> N04 -> N08 -> N09
606,0.02,distance_only,2109.923,2319.934,229.071,0,0,0.028,N09 -> N06 -> N04 -> N02 -> N05 -> N13 -> N07 -> N08 -> N11 -> N10 -> N12 -> N01 -> N03 -> N14
606,0.02,protocol_aware,1273.244,3170.885,223.984,0,1,229.143,N13 -> N07 -> N02 -> N12 -> N14 -> N10 -> N11 -> N03 -> N01 -> N05 -> N06 -> N04 -> N08 -> N09
606,0.02,bounded_blackout,1273.244,3170.885,223.984,0,1,1563.963,N13 -> N07 -> N02 -> N12 -> N14 -> N10 -> N11 -> N03 -> N01 -> N05 -> N06 -> N04 -> N08 -> N09
606,0.05,distance_only,1625.119,2319.934,221.259,0,0,0.028,N09 -> N06 -> N04 -> N02 -> N05 -> N13 -> N07 -> N08 -> N11 -> N10 -> N12 -> N01 -> N03 -> N14
606,0.05,protocol_aware,1273.082,3170.885,214.697,0,1,229.143,N13 -> N07 -> N02 -> N12 -> N14 -> N10 -> N11 -> N03 -> N01 -> N05 -> N06 -> N04 -> N08 -> N09
606,0.05,bounded_blackout,1273.082,3170.885,214.697,0,1,1563.963,N13 -> N07 -> N02 -> N12 -> N14 -> N10 -> N11 -> N03 -> N01 -> N05 -> N06 -> N04 -> N08 -> N09
606,0.1,distance_only,1617.684,2319.934,225.703,0,0,0.028,N09 -> N06 -> N04 -> N02 -> N05 -> N13 -> N07 -> N08 -> N11 -> N10 -> N12 -> N01 -> N03 -> N14
606,0.1,protocol_aware,1273.306,3170.885,198.845,0,1,229.143,N13 -> N07 -> N02 -> N12 -> N14 -> N10 -> N11 -> N03 -> N01 -> N05 -> N06 -> N04 -> N08 -> N09
606,0.1,bounded_blackout,1273.306,3170.885,198.845,0,1,1563.963,N13 -> N07 -> N02 -> N12 -> N14 -> N10 -> N11 -> N03 -> N01 -> N05 -> N06 -> N04 -> N08 -> N09
607,0.0,distance_only,1562.716,3533.345,182.435,0,0,0.022,N11 -> N09 -> N14 -> N13 -> N06 -> N07 -> N03 -> N08 -> N12 -> N05 -> N04 -> N10 -> N02 -> N01
607,0.0,protocol_aware,1165.364,3746.563,106.042,0,1,237.871,N03 -> N12 -> N02 -> N13 -> N04 -> N06 -> N07 -> N08 -> N05 -> N10 -> N09 -> N01 -> N14 -> N11
607,0.0,bounded_blackout,1043.942,3238.154,59.057,1,1,1546.288,N10 -> N14 -> N01 -> N05 -> N12 -> N11 -> N03 -> N02 -> N08 -> N09 -> N13 -> N06 -> N07 -> N04
607,0.02,distance_only,1559.961,3533.345,181.058,0,0,0.022,N11 -> N09 -> N14 -> N13 -> N06 -> N07 -> N03 -> N08 -> N12 -> N05 -> N04 -> N10 -> N02 -> N01
607,0.02,protocol_aware,1164.548,3746.563,104.113,0,1,237.871,N03 -> N12 -> N02 -> N13 -> N04 -> N06 -> N07 -> N08 -> N05 -> N10 -> N09 -> N01 -> N14 -> N11
607,0.02,bounded_blackout,1761.714,3238.154,257.633,0,0,1546.288,N10 -> N14 -> N01 -> N05 -> N12 -> N11 -> N03 -> N02 -> N08 -> N09 -> N13 -> N06 -> N07 -> N04
607,0.05,distance_only,1556.603,3533.345,178.991,0,0,0.022,N11 -> N09 -> N14 -> N13 -> N06 -> N07 -> N03 -> N08 -> N12 -> N05 -> N04 -> N10 -> N02 -> N01
607,0.05,protocol_aware,1163.325,3746.563,101.171,0,1,237.871,N03 -> N12 -> N02 -> N13 -> N04 -> N06 -> N07 -> N08 -> N05 -> N10 -> N09 -> N01 -> N14 -> N11
607,0.05,bounded_blackout,1518.375,3238.154,252.809,0,0,1546.288,N10 -> N14 -> N01 -> N05 -> N12 -> N11 -> N03 -> N02 -> N08 -> N09 -> N13 -> N06 -> N07 -> N04
607,0.1,distance_only,1547.399,3533.345,192.921,0,0,0.022,N11 -> N09 -> N14 -> N13 -> N06 -> N07 -> N03 -> N08 -> N12 -> N05 -> N04 -> N10 -> N02 -> N01
607,0.1,protocol_aware,1164.381,3746.563,96.128,0,1,237.871,N03 -> N12 -> N02 -> N13 -> N04 -> N06 -> N07 -> N08 -> N05 -> N10 -> N09 -> N01 -> N14 -> N11
607,0.1,bounded_blackout,1512.819,3238.154,244.838,0,0,1546.288,N10 -> N14 -> N01 -> N05 -> N12 -> N11 -> N03 -> N02 -> N08 -> N09 -> N13 -> N06 -> N07 -> N04
608,0.0,distance_only,2141.19,2503.341,224.331,0,0,0.022,N06 -> N03 -> N05 -> N07 -> N10 -> N01 -> N04 -> N12 -> N08 -> N13 -> N11 -> N09 -> N02 -> N14
608,0.0,protocol_aware,1419.378,3643.21,60.577,1,1,395.146,N01 -> N06 -> N05 -> N12 -> N14 -> N11 -> N13 -> N07 -> N08 -> N09 -> N04 -> N02 -> N10 -> N03
608,0.0,bounded_blackout,1419.378,3643.21,60.577,1,1,2054.254,N01 -> N06 -> N05 -> N12 -> N14 -> N11 -> N13 -> N07 -> N08 -> N09 -> N04 -> N02 -> N10 -> N03
608,0.02,distance_only,2143.174,2503.341,221.312,0,0,0.022,N06 -> N03 -> N05 -> N07 -> N10 -> N01 -> N04 -> N12 -> N08 -> N13 -> N11 -> N09 -> N02 -> N14
608,0.02,protocol_aware,1421.227,3643.21,61.487,1,1,395.146,N01 -> N06 -> N05 -> N12 -> N14 -> N11 -> N13 -> N07 -> N08 -> N09 -> N04 -> N02 -> N10 -> N03
608,0.02,bounded_blackout,1421.227,3643.21,61.487,1,1,2054.254,N01 -> N06 -> N05 -> N12 -> N14 -> N11 -> N13 -> N07 -> N08 -> N09 -> N04 -> N02 -> N10 -> N03
608,0.05,distance_only,1786.15,2503.341,176.855,0,0,0.022,N06 -> N03 -> N05 -> N07 -> N10 -> N01 -> N04 -> N12 -> N08 -> N13 -> N11 -> N09 -> N02 -> N14
608,0.05,protocol_aware,1424.0,3643.21,62.629,1,1,395.146,N01 -> N06 -> N05 -> N12 -> N14 -> N11 -> N13 -> N07 -> N08 -> N09 -> N04 -> N02 -> N10 -> N03
608,0.05,bounded_blackout,1424.0,3643.21,62.629,1,1,2054.254,N01 -> N06 -> N05 -> N12 -> N14 -> N11 -> N13 -> N07 -> N08 -> N09 -> N04 -> N02 -> N10 -> N03
608,0.1,distance_only,1551.115,2503.341,80.705,1,0,0.022,N06 -> N03 -> N05 -> N07 -> N10 -> N01 -> N04 -> N12 -> N08 -> N13 -> N11 -> N09 -> N02 -> N14
608,0.1,protocol_aware,1788.622,3643.21,228.037,0,0,395.146,N01 -> N06 -> N05 -> N12 -> N14 -> N11 -> N13 -> N07 -> N08 -> N09 -> N04 -> N02 -> N10 -> N03
608,0.1,bounded_blackout,1788.622,3643.21,228.037,0,0,2054.254,N01 -> N06 -> N05 -> N12 -> N14 -> N11 -> N13 -> N07 -> N08 -> N09 -> N04 -> N02 -> N10 -> N03
609,0.0,distance_only,887.209,2934.49,101.362,0,1,0.022,N06 -> N09 -> N01 -> N13 -> N10 -> N11 -> N07 -> N12 -> N14 -> N08 -> N04 -> N02 -> N05 -> N03
609,0.0,protocol_aware,782.87,3593.725,75.341,1,1,389.008,N06 -> N09 -> N01 -> N10 -> N11 -> N13 -> N14 -> N03 -> N12 -> N07 -> N04 -> N08 -> N02 -> N05
609,0.0,bounded_blackout,782.87,3593.725,75.341,1,1,2264.563,N06 -> N09 -> N01 -> N10 -> N11 -> N13 -> N14 -> N03 -> N12 -> N07 -> N04 -> N08 -> N02 -> N05
609,0.02,distance_only,888.322,2934.49,100.854,0,1,0.022,N06 -> N09 -> N01 -> N13 -> N10 -> N11 -> N07 -> N12 -> N14 -> N08 -> N04 -> N02 -> N05 -> N03
609,0.02,protocol_aware,784.282,3593.725,75.341,1,1,389.008,N06 -> N09 -> N01 -> N10 -> N11 -> N13 -> N14 -> N03 -> N12 -> N07 -> N04 -> N08 -> N02 -> N05
609,0.02,bounded_blackout,784.282,3593.725,75.341,1,1,2264.563,N06 -> N09 -> N01 -> N10 -> N11 -> N13 -> N14 -> N03 -> N12 -> N07 -> N04 -> N08 -> N02 -> N05
609,0.05,distance_only,890.006,2934.49,100.093,0,1,0.022,N06 -> N09 -> N01 -> N13 -> N10 -> N11 -> N07 -> N12 -> N14 -> N08 -> N04 -> N02 -> N05 -> N03
609,0.05,protocol_aware,786.4,3593.725,75.341,1,1,389.008,N06 -> N09 -> N01 -> N10 -> N11 -> N13 -> N14 -> N03 -> N12 -> N07 -> N04 -> N08 -> N02 -> N05
609,0.05,bounded_blackout,786.4,3593.725,75.341,1,1,2264.563,N06 -> N09 -> N01 -> N10 -> N11 -> N13 -> N14 -> N03 -> N12 -> N07 -> N04 -> N08 -> N02 -> N05
609,0.1,distance_only,892.86,2934.49,98.828,0,1,0.022,N06 -> N09 -> N01 -> N13 -> N10 -> N11 -> N07 -> N12 -> N14 -> N08 -> N04 -> N02 -> N05 -> N03
609,0.1,protocol_aware,1005.926,3593.725,221.664,0,1,389.008,N06 -> N09 -> N01 -> N10 -> N11 -> N13 -> N14 -> N03 -> N12 -> N07 -> N04 -> N08 -> N02 -> N05
609,0.1,bounded_blackout,1005.926,3593.725,221.664,0,1,2264.563,N06 -> N09 -> N01 -> N10 -> N11 -> N13 -> N14 -> N03 -> N12 -> N07 -> N04 -> N08 -> N02 -> N05
610,0.0,distance_only,1472.439,2482.867,200.996,0,1,0.021,N09 -> N04 -> N03 -> N11 -> N14 -> N08 -> N06 -> N10 -> N12 -> N07 -> N05 -> N13 -> N01 -> N02
610,0.0,protocol_aware,1057.393,2923.228,87.779,1,1,373.09,N06 -> N03 -> N08 -> N05 -> N10 -> N07 -> N01 -> N02 -> N13 -> N14 -> N11 -> N12 -> N04 -> N09
610,0.0,bounded_blackout,1057.393,2923.228,87.779,1,1,2102.718,N06 -> N03 -> N08 -> N05 -> N10 -> N07 -> N01 -> N02 -> N13 -> N14 -> N11 -> N12 -> N04 -> N09
610,0.02,distance_only,1474.323,2482.867,196.816,0,1,0.021,N09 -> N04 -> N03 -> N11 -> N14 -> N08 -> N06 -> N10 -> N12 -> N07 -> N05 -> N13 -> N01 -> N02
610,0.02,protocol_aware,1057.433,2923.228,82.041,1,1,373.09,N06 -> N03 -> N08 -> N05 -> N10 -> N07 -> N01 -> N02 -> N13 -> N14 -> N11 -> N12 -> N04 -> N09
610,0.02,bounded_blackout,1057.433,2923.228,82.041,1,1,2102.718,N06 -> N03 -> N08 -> N05 -> N10 -> N07 -> N01 -> N02 -> N13 -> N14 -> N11 -> N12 -> N04 -> N09
610,0.05,distance_only,1477.277,2482.867,190.543,0,1,0.021,N09 -> N04 -> N03 -> N11 -> N14 -> N08 -> N06 -> N10 -> N12 -> N07 -> N05 -> N13 -> N01 -> N02
610,0.05,protocol_aware,1057.493,2923.228,73.431,1,1,373.09,N06 -> N03 -> N08 -> N05 -> N10 -> N07 -> N01 -> N02 -> N13 -> N14 -> N11 -> N12 -> N04 -> N09
610,0.05,bounded_blackout,1057.493,2923.228,73.431,1,1,2102.718,N06 -> N03 -> N08 -> N05 -> N10 -> N07 -> N01 -> N02 -> N13 -> N14 -> N11 -> N12 -> N04 -> N09
610,0.1,distance_only,1482.522,2482.867,194.788,0,1,0.021,N09 -> N04 -> N03 -> N11 -> N14 -> N08 -> N06 -> N10 -> N12 -> N07 -> N05 -> N13 -> N01 -> N02
610,0.1,protocol_aware,1057.596,2923.228,74.899,1,1,373.09,N06 -> N03 -> N08 -> N05 -> N10 -> N07 -> N01 -> N02 -> N13 -> N14 -> N11 -> N12 -> N04 -> N09
610,0.1,bounded_blackout,1057.596,2923.228,74.899,1,1,2102.718,N06 -> N03 -> N08 -> N05 -> N10 -> N07 -> N01 -> N02 -> N13 -> N14 -> N11 -> N12 -> N04 -> N09
611,0.0,distance_only,1019.116,2612.388,101.494,0,1,0.024,N03 -> N14 -> N12 -> N13 -> N09 -> N02 -> N10 -> N04 -> N01 -> N11 -> N08 -> N07 -> N06 -> N05
611,0.0,protocol_aware,818.282,3800.87,114.604,0,1,501.571,N03 -> N07 -> N06 -> N01 -> N08 -> N02 -> N11 -> N09 -> N10 -> N04 -> N05 -> N12 -> N14 -> N13
611,0.0,bounded_blackout,734.774,3094.238,57.733,1,1,2753.114,N03 -> N09 -> N12 -> N13 -> N14 -> N10 -> N04 -> N08 -> N07 -> N11 -> N06 -> N01 -> N02 -> N05
611,0.02,distance_only,1017.977,2612.388,103.744,0,1,0.024,N03 -> N14 -> N12 -> N13 -> N09 -> N02 -> N10 -> N04 -> N01 -> N11 -> N08 -> N07 -> N06 -> N05
611,0.02,protocol_aware,820.155,3800.87,112.162,0,1,501.571,N03 -> N07 -> N06 -> N01 -> N08 -> N02 -> N11 -> N09 -> N10 -> N04 -> N05 -> N12 -> N14 -> N13
611,0.02,bounded_blackout,1115.041,3094.238,113.15,0,1,2753.114,N03 -> N09 -> N12 -> N13 -> N14 -> N10 -> N04 -> N08 -> N07 -> N11 -> N06 -> N01 -> N02 -> N05
611,0.05,distance_only,1016.286,2612.388,101.737,0,1,0.024,N03 -> N14 -> N12 -> N13 -> N09 -> N02 -> N10 -> N04 -> N01 -> N11 -> N08 -> N07 -> N06 -> N05
611,0.05,protocol_aware,822.978,3800.87,108.351,0,1,501.571,N03 -> N07 -> N06 -> N01 -> N08 -> N02 -> N11 -> N09 -> N10 -> N04 -> N05 -> N12 -> N14 -> N13
611,0.05,bounded_blackout,1113.351,3094.238,108.812,0,1,2753.114,N03 -> N09 -> N12 -> N13 -> N14 -> N10 -> N04 -> N08 -> N07 -> N11 -> N06 -> N01 -> N02 -> N05
611,0.1,distance_only,1015.769,2612.388,108.744,0,1,0.024,N03 -> N14 -> N12 -> N13 -> N09 -> N02 -> N10 -> N04 -> N01 -> N11 -> N08 -> N07 -> N06 -> N05
611,0.1,protocol_aware,827.718,3800.87,101.577,0,1,501.571,N03 -> N07 -> N06 -> N01 -> N08 -> N02 -> N11 -> N09 -> N10 -> N04 -> N05 -> N12 -> N14 -> N13
611,0.1,bounded_blackout,1112.834,3094.238,110.191,0,1,2753.114,N03 -> N09 -> N12 -> N13 -> N14 -> N10 -> N04 -> N08 -> N07 -> N11 -> N06 -> N01 -> N02 -> N05
612,0.0,distance_only,1689.58,2989.805,194.48,0,0,0.02,N07 -> N04 -> N11 -> N09 -> N02 -> N03 -> N06 -> N10 -> N12 -> N05 -> N01 -> N08 -> N13 -> N14
612,0.0,protocol_aware,1143.613,5184.97,87.47,1,1,260.6,N08 -> N13 -> N02 -> N03 -> N01 -> N11 -> N06 -> N07 -> N05 -> N14 -> N04 -> N12 -> N10 -> N09
612,0.0,bounded_blackout,1078.468,3235.72,64.459,1,1,1949.35,N09 -> N07 -> N11 -> N02 -> N03 -> N06 -> N12 -> N05 -> N10 -> N04 -> N08 -> N14 -> N13 -> N01
612,0.02,distance_only,1690.134,2989.805,196.869,0,0,0.02,N07 -> N04 -> N11 -> N09 -> N02 -> N03 -> N06 -> N10 -> N12 -> N05 -> N01 -> N08 -> N13 -> N14
612,0.02,protocol_aware,1138.412,5184.97,86.162,1,1,260.6,N08 -> N13 -> N02 -> N03 -> N01 -> N11 -> N06 -> N07 -> N05 -> N14 -> N04 -> N12 -> N10 -> N09
612,0.02,bounded_blackout,1077.087,3235.72,64.071,1,1,1949.35,N09 -> N07 -> N11 -> N02 -> N03 -> N06 -> N12 -> N05 -> N10 -> N04 -> N08 -> N14 -> N13 -> N01
612,0.05,distance_only,1402.962,2989.805,138.84,0,1,0.02,N07 -> N04 -> N11 -> N09 -> N02 -> N03 -> N06 -> N10 -> N12 -> N05 -> N01 -> N08 -> N13 -> N14
612,0.05,protocol_aware,1375.495,5184.97,152.577,0,1,260.6,N08 -> N13 -> N02 -> N03 -> N01 -> N11 -> N06 -> N07 -> N05 -> N14 -> N04 -> N12 -> N10 -> N09
612,0.05,bounded_blackout,1075.02,3235.72,68.038,1,1,1949.35,N09 -> N07 -> N11 -> N02 -> N03 -> N06 -> N12 -> N05 -> N10 -> N04 -> N08 -> N14 -> N13 -> N01
612,0.1,distance_only,1404.333,2989.805,144.187,0,1,0.02,N07 -> N04 -> N11 -> N09 -> N02 -> N03 -> N06 -> N10 -> N12 -> N05 -> N01 -> N08 -> N13 -> N14
612,0.1,protocol_aware,1594.327,5184.97,224.305,0,0,260.6,N08 -> N13 -> N02 -> N03 -> N01 -> N11 -> N06 -> N07 -> N05 -> N14 -> N04 -> N12 -> N10 -> N09
612,0.1,bounded_blackout,1071.592,3235.72,70.428,1,1,1949.35,N09 -> N07 -> N11 -> N02 -> N03 -> N06 -> N12 -> N05 -> N10 -> N04 -> N08 -> N14 -> N13 -> N01
613,0.0,distance_only,1945.361,2459.449,210.324,0,0,0.022,N01 -> N13 -> N04 -> N12 -> N02 -> N07 -> N08 -> N09 -> N14 -> N11 -> N03 -> N06 -> N10 -> N05
613,0.0,protocol_aware,1198.72,2671.617,55.224,1,1,235.183,N07 -> N04 -> N09 -> N11 -> N03 -> N10 -> N05 -> N06 -> N13 -> N08 -> N12 -> N02 -> N01 -> N14
613,0.0,bounded_blackout,1147.259,3251.063,65.597,1,1,1682.104,N14 -> N06 -> N13 -> N08 -> N11 -> N05 -> N04 -> N09 -> N07 -> N12 -> N03 -> N02 -> N01 -> N10
613,0.02,distance_only,1946.133,2459.449,210.481,0,0,0.022,N01 -> N13 -> N04 -> N12 -> N02 -> N07 -> N08 -> N09 -> N14 -> N11 -> N03 -> N06 -> N10 -> N05
613,0.02,protocol_aware,1202.807,2671.617,55.229,1,1,235.183,N07 -> N04 -> N09 -> N11 -> N03 -> N10 -> N05 -> N06 -> N13 -> N08 -> N12 -> N02 -> N01 -> N14
613,0.02,bounded_blackout,1152.645,3251.063,61.955,1,1,1682.104,N14 -> N06 -> N13 -> N08 -> N11 -> N05 -> N04 -> N09 -> N07 -> N12 -> N03 -> N02 -> N01 -> N10
613,0.05,distance_only,1947.291,2459.449,210.718,0,0,0.022,N01 -> N13 -> N04 -> N12 -> N02 -> N07 -> N08 -> N09 -> N14 -> N11 -> N03 -> N06 -> N10 -> N05
613,0.05,protocol_aware,1921.721,2671.617,226.424,0,0,235.183,N07 -> N04 -> N09 -> N11 -> N03 -> N10 -> N05 -> N06 -> N13 -> N08 -> N12 -> N02 -> N01 -> N14
613,0.05,bounded_blackout,1392.594,3251.063,193.312,0,1,1682.104,N14 -> N06 -> N13 -> N08 -> N11 -> N05 -> N04 -> N09 -> N07 -> N12 -> N03 -> N02 -> N01 -> N10
613,0.1,distance_only,1949.22,2459.449,211.111,0,0,0.022,N01 -> N13 -> N04 -> N12 -> N02 -> N07 -> N08 -> N09 -> N14 -> N11 -> N03 -> N06 -> N10 -> N05
613,0.1,protocol_aware,1934.384,2671.617,218.901,0,0,235.183,N07 -> N04 -> N09 -> N11 -> N03 -> N10 -> N05 -> N06 -> N13 -> N08 -> N12 -> N02 -> N01 -> N14
613,0.1,bounded_blackout,1878.171,3251.063,231.966,0,0,1682.104,N14 -> N06 -> N13 -> N08 -> N11 -> N05 -> N04 -> N09 -> N07 -> N12 -> N03 -> N02 -> N01 -> N10
614,0.0,distance_only,919.709,3108.649,114.768,0,1,0.028,N04 -> N07 -> N08 -> N03 -> N12 -> N01 -> N02 -> N11 -> N05 -> N13 -> N14 -> N10 -> N06 -> N09
614,0.0,protocol_aware,686.565,3662.516,74.135,1,1,286.37,N09 -> N03 -> N07 -> N10 -> N06 -> N12 -> N01 -> N11 -> N13 -> N05 -> N14 -> N02 -> N04 -> N08
614,0.0,bounded_blackout,686.565,3662.516,74.135,1,1,1453.084,N09 -> N03 -> N07 -> N10 -> N06 -> N12 -> N01 -> N11 -> N13 -> N05 -> N14 -> N02 -> N04 -> N08
614,0.02,distance_only,919.252,3108.649,114.152,0,1,0.028,N04 -> N07 -> N08 -> N03 -> N12 -> N01 -> N02 -> N11 -> N05 -> N13 -> N14 -> N10 -> N06 -> N09
614,0.02,protocol_aware,687.667,3662.516,72.652,1,1,286.37,N09 -> N03 -> N07 -> N10 -> N06 -> N12 -> N01 -> N11 -> N13 -> N05 -> N14 -> N02 -> N04 -> N08
614,0.02,bounded_blackout,687.667,3662.516,72.652,1,1,1453.084,N09 -> N03 -> N07 -> N10 -> N06 -> N12 -> N01 -> N11 -> N13 -> N05 -> N14 -> N02 -> N04 -> N08
614,0.05,distance_only,918.568,3108.649,112.682,0,1,0.028,N04 -> N07 -> N08 -> N03 -> N12 -> N01 -> N02 -> N11 -> N05 -> N13 -> N14 -> N10 -> N06 -> N09
614,0.05,protocol_aware,689.329,3662.516,65.804,1,1,286.37,N09 -> N03 -> N07 -> N10 -> N06 -> N12 -> N01 -> N11 -> N13 -> N05 -> N14 -> N02 -> N04 -> N08
614,0.05,bounded_blackout,689.329,3662.516,65.804,1,1,1453.084,N09 -> N03 -> N07 -> N10 -> N06 -> N12 -> N01 -> N11 -> N13 -> N05 -> N14 -> N02 -> N04 -> N08
614,0.1,distance_only,1013.432,3108.649,123.935,0,1,0.028,N04 -> N07 -> N08 -> N03 -> N12 -> N01 -> N02 -> N11 -> N05 -> N13 -> N14 -> N10 -> N06 -> N09
614,0.1,protocol_aware,951.316,3662.516,88.116,1,1,286.37,N09 -> N03 -> N07 -> N10 -> N06 -> N12 -> N01 -> N11 -> N13 -> N05 -> N14 -> N02 -> N04 -> N08
614,0.1,bounded_blackout,951.316,3662.516,88.116,1,1,1453.084,N09 -> N03 -> N07 -> N10 -> N06 -> N12 -> N01 -> N11 -> N13 -> N05 -> N14 -> N02 -> N04 -> N08
615,0.0,distance_only,981.014,3030.744,96.143,0,1,0.021,N14 -> N04 -> N06 -> N07 -> N08 -> N11 -> N12 -> N03 -> N13 -> N09 -> N01 -> N10 -> N02 -> N05
615,0.0,protocol_aware,728.401,4437.058,82.783,1,1,297.252,N04 -> N07 -> N06 -> N14 -> N02 -> N05 -> N08 -> N03 -> N13 -> N09 -> N11 -> N12 -> N10 -> N01
615,0.0,bounded_blackout,641.454,3335.283,48.22,1,1,2067.842,N04 -> N02 -> N10 -> N13 -> N05 -> N01 -> N11 -> N12 -> N09 -> N03 -> N07 -> N08 -> N06 -> N14
615,0.02,distance_only,981.315,3030.744,95.826,0,1,0.021,N14 -> N04 -> N06 -> N07 -> N08 -> N11 -> N12 -> N03 -> N13 -> N09 -> N01 -> N10 -> N02 -> N05
615,0.02,protocol_aware,728.112,4437.058,82.916,1,1,297.252,N04 -> N07 -> N06 -> N14 -> N02 -> N05 -> N08 -> N03 -> N13 -> N09 -> N11 -> N12 -> N10 -> N01
615,0.02,bounded_blackout,641.299,3335.283,48.286,1,1,2067.842,N04 -> N02 -> N10 -> N13 -> N05 -> N01 -> N11 -> N12 -> N09 -> N03 -> N07 -> N08 -> N06 -> N14
615,0.05,distance_only,981.8,3030.744,95.347,0,1,0.021,N14 -> N04 -> N06 -> N07 -> N08 -> N11 -> N12 -> N03 -> N13 -> N09 -> N01 -> N10 -> N02 -> N05
615,0.05,protocol_aware,730.982,4437.058,83.048,1,1,297.252,N04 -> N07 -> N06 -> N14 -> N02 -> N05 -> N08 -> N03 -> N13 -> N09 -> N11 -> N12 -> N10 -> N01
615,0.05,bounded_blackout,785.08,3335.283,87.932,1,1,2067.842,N04 -> N02 -> N10 -> N13 -> N05 -> N01 -> N11 -> N12 -> N09 -> N03 -> N07 -> N08 -> N06 -> N14
615,0.1,distance_only,982.691,3030.744,94.539,0,1,0.021,N14 -> N04 -> N06 -> N07 -> N08 -> N11 -> N12 -> N03 -> N13 -> N09 -> N01 -> N10 -> N02 -> N05
615,0.1,protocol_aware,1022.631,4437.058,113.112,0,1,297.252,N04 -> N07 -> N06 -> N14 -> N02 -> N05 -> N08 -> N03 -> N13 -> N09 -> N11 -> N12 -> N10 -> N01
615,0.1,bounded_blackout,784.748,3335.283,80.915,1,1,2067.842,N04 -> N02 -> N10 -> N13 -> N05 -> N01 -> N11 -> N12 -> N09 -> N03 -> N07 -> N08 -> N06 -> N14
616,0.0,distance_only,2382.21,2348.727,209.66,0,0,0.021,N12 -> N02 -> N11 -> N08 -> N03 -> N09 -> N01 -> N14 -> N04 -> N07 -> N13 -> N05 -> N10 -> N06
616,0.0,protocol_aware,1461.321,2814.64,70.849,1,1,766.549,N04 -> N13 -> N03 -> N08 -> N07 -> N05 -> N10 -> N06 -> N12 -> N14 -> N11 -> N09 -> N01 -> N02
616,0.0,bounded_blackout,1461.321,2814.64,70.849,1,1,2885.762,N04 -> N13 -> N03 -> N08 -> N07 -> N05 -> N10 -> N06 -> N12 -> N14 -> N11 -> N09 -> N01 -> N02
616,0.02,distance_only,2145.011,2348.727,199.366,0,0,0.021,N12 -> N02 -> N11 -> N08 -> N03 -> N09 -> N01 -> N14 -> N04 -> N07 -> N13 -> N05 -> N10 -> N06
616,0.02,protocol_aware,1739.257,2814.64,225.492,0,0,766.549,N04 -> N13 -> N03 -> N08 -> N07 -> N05 -> N10 -> N06 -> N12 -> N14 -> N11 -> N09 -> N01 -> N02
616,0.02,bounded_blackout,1739.257,2814.64,225.492,0,0,2885.762,N04 -> N13 -> N03 -> N08 -> N07 -> N05 -> N10 -> N06 -> N12 -> N14 -> N11 -> N09 -> N01 -> N02
616,0.05,distance_only,2149.187,2348.727,204.473,0,0,0.021,N12 -> N02 -> N11 -> N08 -> N03 -> N09 -> N01 -> N14 -> N04 -> N07 -> N13 -> N05 -> N10 -> N06
616,0.05,protocol_aware,2217.138,2814.64,217.273,0,0,766.549,N04 -> N13 -> N03 -> N08 -> N07 -> N05 -> N10 -> N06 -> N12 -> N14 -> N11 -> N09 -> N01 -> N02
616,0.05,bounded_blackout,2217.138,2814.64,217.273,0,0,2885.762,N04 -> N13 -> N03 -> N08 -> N07 -> N05 -> N10 -> N06 -> N12 -> N14 -> N11 -> N09 -> N01 -> N02
616,0.1,distance_only,2156.077,2348.727,212.946,0,0,0.021,N12 -> N02 -> N11 -> N08 -> N03 -> N09 -> N01 -> N14 -> N04 -> N07 -> N13 -> N05 -> N10 -> N06
616,0.1,protocol_aware,2213.629,2814.64,222.492,0,0,766.549,N04 -> N13 -> N03 -> N08 -> N07 -> N05 -> N10 -> N06 -> N12 -> N14 -> N11 -> N09 -> N01 -> N02
616,0.1,bounded_blackout,2213.629,2814.64,222.492,0,0,2885.762,N04 -> N13 -> N03 -> N08 -> N07 -> N05 -> N10 -> N06 -> N12 -> N14 -> N11 -> N09 -> N01 -> N02
617,0.0,distance_only,1340.735,2934.986,188.78,0,1,0.021,N01 -> N10 -> N08 -> N02 -> N11 -> N07 -> N14 -> N12 -> N04 -> N09 -> N13 -> N03 -> N06 -> N05
617,0.0,protocol_aware,1018.125,3632.247,99.79,0,1,204.263,N04 -> N12 -> N06 -> N11 -> N02 -> N08 -> N01 -> N14 -> N03 -> N10 -> N07 -> N05 -> N13 -> N09
617,0.0,bounded_blackout,812.803,3106.313,49.644,1,1,1565.711,N08 -> N01 -> N02 -> N05 -> N10 -> N06 -> N14 -> N12 -> N04 -> N09 -> N11 -> N03 -> N07 -> N13
617,0.02,distance_only,1340.539,2934.986,190.091,0,1,0.021,N01 -> N10 -> N08 -> N02 -> N11 -> N07 -> N14 -> N12 -> N04 -> N09 -> N13 -> N03 -> N06 -> N05
617,0.02,protocol_aware,1017.895,3632.247,98.93,0,1,204.263,N04 -> N12 -> N06 -> N11 -> N02 -> N08 -> N01 -> N14 -> N03 -> N10 -> N07 -> N05 -> N13 -> N09
617,0.02,bounded_blackout,816.109,3106.313,48.108,1,1,1565.711,N08 -> N01 -> N02 -> N05 -> N10 -> N06 -> N14 -> N12 -> N04 -> N09 -> N11 -> N03 -> N07 -> N13
617,0.05,distance_only,1340.243,2934.986,192.052,0,1,0.021,N01 -> N10 -> N08 -> N02 -> N11 -> N07 -> N14 -> N12 -> N04 -> N09 -> N13 -> N03 -> N06 -> N05
617,0.05,protocol_aware,1497.518,3632.247,220.164,0,1,204.263,N04 -> N12 -> N06 -> N11 -> N02 -> N08 -> N01 -> N14 -> N03 -> N10 -> N07 -> N05 -> N13 -> N09
617,0.05,bounded_blackout,1312.98,3106.313,194.354,0,1,1565.711,N08 -> N01 -> N02 -> N05 -> N10 -> N06 -> N14 -> N12 -> N04 -> N09 -> N11 -> N03 -> N07 -> N13
617,0.1,distance_only,1339.75,2934.986,194.639,0,1,0.021,N01 -> N10 -> N08 -> N02 -> N11 -> N07 -> N14 -> N12 -> N04 -> N09 -> N13 -> N03 -> N06 -> N05
617,0.1,protocol_aware,1496.8,3632.247,224.787,0,1,204.263,N04 -> N12 -> N06 -> N11 -> N02 -> N08 -> N01 -> N14 -> N03 -> N10 -> N07 -> N05 -> N13 -> N09
617,0.1,bounded_blackout,1309.825,3106.313,194.639,0,1,1565.711,N08 -> N01 -> N02 -> N05 -> N10 -> N06 -> N14 -> N12 -> N04 -> N09 -> N11 -> N03 -> N07 -> N13
618,0.0,distance_only,2148.988,2474.455,214.111,0,0,0.022,N14 -> N11 -> N02 -> N04 -> N13 -> N10 -> N08 -> N09 -> N12 -> N03 -> N07 -> N06 -> N01 -> N05
618,0.0,protocol_aware,1635.465,3302.009,74.945,1,0,548.863,N07 -> N03 -> N06 -> N05 -> N12 -> N09 -> N02 -> N01 -> N08 -> N04 -> N10 -> N13 -> N11 -> N14
618,0.0,bounded_blackout,1631.56,2411.397,83.425,1,0,2520.665,N14 -> N02 -> N04 -> N13 -> N10 -> N08 -> N09 -> N12 -> N03 -> N07 -> N06 -> N05 -> N01 -> N11
618,0.02,distance_only,2147.325,2474.455,210.459,0,0,0.022,N14 -> N11 -> N02 -> N04 -> N13 -> N10 -> N08 -> N09 -> N12 -> N03 -> N07 -> N06 -> N01 -> N05
618,0.02,protocol_aware,2139.615,3302.009,187.349,0,0,548.863,N07 -> N03 -> N06 -> N05 -> N12 -> N09 -> N02 -> N01 -> N08 -> N04 -> N10 -> N13 -> N11 -> N14
618,0.02,bounded_blackout,1631.647,2411.397,78.904,1,0,2520.665,N14 -> N02 -> N04 -> N13 -> N10 -> N08 -> N09 -> N12 -> N03 -> N07 -> N06 -> N05 -> N01 -> N11
618,0.05,distance_only,2348.566,2474.455,215.882,0,0,0.022,N14 -> N11 -> N02 -> N04 -> N13 -> N10 -> N08 -> N09 -> N12 -> N03 -> N07 -> N06 -> N01 -> N05
618,0.05,protocol_aware,2139.842,3302.009,184.429,0,0,548.863,N07 -> N03 -> N06 -> N05 -> N12 -> N09 -> N02 -> N01 -> N08 -> N04 -> N10 -> N13 -> N11 -> N14
618,0.05,bounded_blackout,1847.78,2411.397,213.828,0,0,2520.665,N14 -> N02 -> N04 -> N13 -> N10 -> N08 -> N09 -> N12 -> N03 -> N07 -> N06 -> N05 -> N01 -> N11
618,0.1,distance_only,2332.667,2474.455,224.919,0,0,0.022,N14 -> N11 -> N02 -> N04 -> N13 -> N10 -> N08 -> N09 -> N12 -> N03 -> N07 -> N06 -> N01 -> N05
618,0.1,protocol_aware,2356.223,3302.009,197.301,0,0,548.863,N07 -> N03 -> N06 -> N05 -> N12 -> N09 -> N02 -> N01 -> N08 -> N04 -> N10 -> N13 -> N11 -> N14
618,0.1,bounded_blackout,1849.639,2411.397,217.277,0,0,2520.665,N14 -> N02 -> N04 -> N13 -> N10 -> N08 -> N09 -> N12 -> N03 -> N07 -> N06 -> N05 -> N01 -> N11
619,0.0,distance_only,2161.352,2675.285,178.878,0,0,0.022,N02 -> N04 -> N12 -> N13 -> N07 -> N09 -> N08 -> N10 -> N11 -> N03 -> N01 -> N14 -> N05 -> N06
619,0.0,protocol_aware,1509.284,2665.312,71.935,1,0,414.961,N13 -> N06 -> N04 -> N14 -> N01 -> N05 -> N08 -> N12 -> N11 -> N10 -> N07 -> N03 -> N09 -> N02
619,0.0,bounded_blackout,1509.284,2665.312,71.935,1,0,2179.97,N13 -> N06 -> N04 -> N14 -> N01 -> N05 -> N08 -> N12 -> N11 -> N10 -> N07 -> N03 -> N09 -> N02
619,0.02,distance_only,2160.386,2675.285,176.425,0,0,0.022,N02 -> N04 -> N12 -> N13 -> N07 -> N09 -> N08 -> N10 -> N11 -> N03 -> N01 -> N14 -> N05 -> N06
619,0.02,protocol_aware,1511.125,2665.312,69.841,1,0,414.961,N13 -> N06 -> N04 -> N14 -> N01 -> N05 -> N08 -> N12 -> N11 -> N10 -> N07 -> N03 -> N09 -> N02
619,0.02,bounded_blackout,1511.125,2665.312,69.841,1,0,2179.97,N13 -> N06 -> N04 -> N14 -> N01 -> N05 -> N08 -> N12 -> N11 -> N10 -> N07 -> N03 -> N09 -> N02
619,0.05,distance_only,2158.936,2675.285,172.688,0,0,0.022,N02 -> N04 -> N12 -> N13 -> N07 -> N09 -> N08 -> N10 -> N11 -> N03 -> N01 -> N14 -> N05 -> N06
619,0.05,protocol_aware,2281.912,2665.312,220.901,0,0,414.961,N13 -> N06 -> N04 -> N14 -> N01 -> N05 -> N08 -> N12 -> N11 -> N10 -> N07 -> N03 -> N09 -> N02
619,0.05,bounded_blackout,2281.912,2665.312,220.901,0,0,2179.97,N13 -> N06 -> N04 -> N14 -> N01 -> N05 -> N08 -> N12 -> N11 -> N10 -> N07 -> N03 -> N09 -> N02
619,0.1,distance_only,2156.521,2675.285,166.288,0,0,0.022,N02 -> N04 -> N12 -> N13 -> N07 -> N09 -> N08 -> N10 -> N11 -> N03 -> N01 -> N14 -> N05 -> N06
619,0.1,protocol_aware,1998.632,2665.312,189.391,0,0,414.961,N13 -> N06 -> N04 -> N14 -> N01 -> N05 -> N08 -> N12 -> N11 -> N10 -> N07 -> N03 -> N09 -> N02
619,0.1,bounded_blackout,1998.632,2665.312,189.391,0,0,2179.97,N13 -> N06 -> N04 -> N14 -> N01 -> N05 -> N08 -> N12 -> N11 -> N10 -> N07 -> N03 -> N09 -> N02
620,0.0,distance_only,1104.691,2827.764,107.501,0,1,0.022,N03 -> N11 -> N01 -> N12 -> N06 -> N07 -> N13 -> N09 -> N04 -> N14 -> N08 -> N10 -> N02 -> N05
620,0.0,protocol_aware,741.661,3161.294,72.504,1,1,296.709,N03 -> N11 -> N13 -> N07 -> N14 -> N09 -> N08 -> N01 -> N12 -> N06 -> N02 -> N04 -> N10 -> N05
620,0.0,bounded_blackout,666.222,2860.356,58.561,1,1,1792.094,N03 -> N11 -> N06 -> N07 -> N12 -> N09 -> N13 -> N04 -> N10 -> N08 -> N14 -> N02 -> N01 -> N05
620,0.02,distance_only,1104.22,2827.764,111.925,0,1,0.022,N03 -> N11 -> N01 -> N12 -> N06 -> N07 -> N13 -> N09 -> N04 -> N14 -> N08 -> N10 -> N02 -> N05
620,0.02,protocol_aware,741.187,3161.294,73.194,1,1,296.709,N03 -> N11 -> N13 -> N07 -> N14 -> N09 -> N08 -> N01 -> N12 -> N06 -> N02 -> N04 -> N10 -> N05
620,0.02,bounded_blackout,665.748,2860.356,58.561,1,1,1792.094,N03 -> N11 -> N06 -> N07 -> N12 -> N09 -> N13 -> N04 -> N10 -> N08 -> N14 -> N02 -> N01 -> N05
620,0.05,distance_only,1241.779,2827.764,118.559,0,1,0.022,N03 -> N11 -> N01 -> N12 -> N06 -> N07 -> N13 -> N09 -> N04 -> N14 -> N08 -> N10 -> N02 -> N05
620,0.05,protocol_aware,740.477,3161.294,74.111,1,1,296.709,N03 -> N11 -> N13 -> N07 -> N14 -> N09 -> N08 -> N01 -> N12 -> N06 -> N02 -> N04 -> N10 -> N05
620,0.05,bounded_blackout,1097.038,2860.356,113.951,0,1,1792.094,N03 -> N11 -> N06 -> N07 -> N12 -> N09 -> N13 -> N04 -> N10 -> N08 -> N14 -> N02 -> N01 -> N05
620,0.1,distance_only,1240.596,2827.764,121.626,0,1,0.022,N03 -> N11 -> N01 -> N12 -> N06 -> N07 -> N13 -> N09 -> N04 -> N14 -> N08 -> N10 -> N02 -> N05
620,0.1,protocol_aware,1027.295,3161.294,121.844,0,1,296.709,N03 -> N11 -> N13 -> N07 -> N14 -> N09 -> N08 -> N01 -> N12 -> N06 -> N02 -> N04 -> N10 -> N05
620,0.1,bounded_blackout,951.856,2860.356,90.71,0,1,1792.094,N03 -> N11 -> N06 -> N07 -> N12 -> N09 -> N13 -> N04 -> N10 -> N08 -> N14 -> N02 -> N01 -> N05
621,0.0,distance_only,1425.001,2796.605,166.832,0,1,0.021,N09 -> N13 -> N12 -> N04 -> N01 -> N02 -> N14 -> N11 -> N10 -> N08 -> N03 -> N07 -> N06 -> N05
621,0.0,protocol_aware,1025.444,3996.239,101.947,0,1,181.108,N14 -> N06 -> N07 -> N05 -> N08 -> N02 -> N10 -> N11 -> N12 -> N09 -> N13 -> N01 -> N04 -> N03
621,0.0,bounded_blackout,940.413,4150.389,46.027,1,1,1349.855,N05 -> N01 -> N07 -> N14 -> N11 -> N08 -> N10 -> N12 -> N03 -> N02 -> N09 -> N04 -> N06 -> N13
621,0.02,distance_only,1423.025,2796.605,173.704,0,1,0.021,N09 -> N13 -> N12 -> N04 -> N01 -> N02 -> N14 -> N11 -> N10 -> N08 -> N03 -> N07 -> N06 -> N05
621,0.02,protocol_aware,1266.361,3996.239,102.311,0,1,181.108,N14 -> N06 -> N07 -> N05 -> N08 -> N02 -> N10 -> N11 -> N12 -> N09 -> N13 -> N01 -> N04 -> N03
621,0.02,bounded_blackout,939.658,4150.389,45.956,1,1,1349.855,N05 -> N01 -> N07 -> N14 -> N11 -> N08 -> N10 -> N12 -> N03 -> N02 -> N09 -> N04 -> N06 -> N13
621,0.05,distance_only,1420.067,2796.605,184.004,0,1,0.021,N09 -> N13 -> N12 -> N04 -> N01 -> N02 -> N14 -> N11 -> N10 -> N08 -> N03 -> N07 -> N06 -> N05
621,0.05,protocol_aware,1267.813,3996.239,102.855,0,1,181.108,N14 -> N06 -> N07 -> N05 -> N08 -> N02 -> N10 -> N11 -> N12 -> N09 -> N13 -> N01 -> N04 -> N03
621,0.05,bounded_blackout,938.529,4150.389,45.548,1,1,1349.855,N05 -> N01 -> N07 -> N14 -> N11 -> N08 -> N10 -> N12 -> N03 -> N02 -> N09 -> N04 -> N06 -> N13
621,0.1,distance_only,1417.759,2796.605,201.154,0,1,0.021,N09 -> N13 -> N12 -> N04 -> N01 -> N02 -> N14 -> N11 -> N10 -> N08 -> N03 -> N07 -> N06 -> N05
621,0.1,protocol_aware,1270.42,3996.239,177.56,0,1,181.108,N14 -> N06 -> N07 -> N05 -> N08 -> N02 -> N10 -> N11 -> N12 -> N09 -> N13 -> N01 -> N04 -> N03
621,0.1,bounded_blackout,936.656,4150.389,45.42,1,1,1349.855,N05 -> N01 -> N07 -> N14 -> N11 -> N08 -> N10 -> N12 -> N03 -> N02 -> N09 -> N04 -> N06 -> N13
622,0.0,distance_only,1863.743,3260.462,215.165,0,0,0.022,N08 -> N09 -> N10 -> N06 -> N01 -> N07 -> N02 -> N12 -> N03 -> N05 -> N13 -> N04 -> N14 -> N11
622,0.0,protocol_aware,1306.797,4042.731,104.065,0,1,341.636,N13 -> N11 -> N07 -> N03 -> N05 -> N14 -> N04 -> N12 -> N01 -> N02 -> N09 -> N10 -> N08 -> N06
622,0.0,bounded_blackout,1291.079,3668.307,73.557,1,1,2052.85,N08 -> N09 -> N01 -> N03 -> N02 -> N11 -> N07 -> N12 -> N10 -> N13 -> N06 -> N04 -> N05 -> N14
622,0.02,distance_only,1864.44,3260.462,212.904,0,0,0.022,N08 -> N09 -> N10 -> N06 -> N01 -> N07 -> N02 -> N12 -> N03 -> N05 -> N13 -> N04 -> N14 -> N11
622,0.02,protocol_aware,1552.434,4042.731,229.184,0,0,341.636,N13 -> N11 -> N07 -> N03 -> N05 -> N14 -> N04 -> N12 -> N01 -> N02 -> N09 -> N10 -> N08 -> N06
622,0.02,bounded_blackout,1291.968,3668.307,70.89,1,1,2052.85,N08 -> N09 -> N01 -> N03 -> N02 -> N11 -> N07 -> N12 -> N10 -> N13 -> N06 -> N04 -> N05 -> N14
622,0.05,distance_only,1865.49,3260.462,209.401,0,0,0.022,N08 -> N09 -> N10 -> N06 -> N01 -> N07 -> N02 -> N12 -> N03 -> N05 -> N13 -> N04 -> N14 -> N11
622,0.05,protocol_aware,1561.137,4042.731,120.597,0,0,341.636,N13 -> N11 -> N07 -> N03 -> N05 -> N14 -> N04 -> N12 -> N01 -> N02 -> N09 -> N10 -> N08 -> N06
622,0.05,bounded_blackout,1581.298,3668.307,229.588,0,0,2052.85,N08 -> N09 -> N01 -> N03 -> N02 -> N11 -> N07 -> N12 -> N10 -> N13 -> N06 -> N04 -> N05 -> N14
622,0.1,distance_only,2155.255,3260.462,227.631,0,0,0.022,N08 -> N09 -> N10 -> N06 -> N01 -> N07 -> N02 -> N12 -> N03 -> N05 -> N13 -> N04 -> N14 -> N11
622,0.1,protocol_aware,1576.372,4042.731,113.759,0,0,341.636,N13 -> N11 -> N07 -> N03 -> N05 -> N14 -> N04 -> N12 -> N01 -> N02 -> N09 -> N10 -> N08 -> N06
622,0.1,bounded_blackout,1782.592,3668.307,227.631,0,0,2052.85,N08 -> N09 -> N01 -> N03 -> N02 -> N11 -> N07 -> N12 -> N10 -> N13 -> N06 -> N04 -> N05 -> N14
623,0.0,distance_only,2305.906,2076.459,229.403,0,0,0.025,N04 -> N07 -> N01 -> N12 -> N03 -> N08 -> N11 -> N05 -> N09 -> N06 -> N14 -> N13 -> N10 -> N02
623,0.0,protocol_aware,1562.455,3105.977,89.209,1,0,229.831,N12 -> N01 -> N10 -> N07 -> N04 -> N02 -> N11 -> N03 -> N06 -> N09 -> N08 -> N05 -> N13 -> N14
623,0.0,bounded_blackout,1461.628,2202.147,54.477,1,1,1501.603,N04 -> N09 -> N10 -> N11 -> N12 -> N07 -> N01 -> N02 -> N13 -> N06 -> N14 -> N05 -> N08 -> N03
623,0.02,distance_only,2306.841,2076.459,227.905,0,0,0.025,N04 -> N07 -> N01 -> N12 -> N03 -> N08 -> N11 -> N05 -> N09 -> N06 -> N14 -> N13 -> N10 -> N02
623,0.02,protocol_aware,1560.678,3105.977,87.638,1,0,229.831,N12 -> N01 -> N10 -> N07 -> N04 -> N02 -> N11 -> N03 -> N06 -> N09 -> N08 -> N05 -> N13 -> N14
623,0.02,bounded_blackout,1459.932,2202.147,54.477,1,1,1501.603,N04 -> N09 -> N10 -> N11 -> N12 -> N07 -> N01 -> N02 -> N13 -> N06 -> N14 -> N05 -> N08 -> N03
623,0.05,distance_only,2308.21,2076.459,232.721,0,0,0.025,N04 -> N07 -> N01 -> N12 -> N03 -> N08 -> N11 -> N05 -> N09 -> N06 -> N14 -> N13 -> N10 -> N02
623,0.05,protocol_aware,1562.172,3105.977,85.281,1,0,229.831,N12 -> N01 -> N10 -> N07 -> N04 -> N02 -> N11 -> N03 -> N06 -> N09 -> N08 -> N05 -> N13 -> N14
623,0.05,bounded_blackout,1745.393,2202.147,138.36,0,0,1501.603,N04 -> N09 -> N10 -> N11 -> N12 -> N07 -> N01 -> N02 -> N13 -> N06 -> N14 -> N05 -> N08 -> N03
623,0.1,distance_only,2310.406,2076.459,218.377,0,0,0.025,N04 -> N07 -> N01 -> N12 -> N03 -> N08 -> N11 -> N05 -> N09 -> N06 -> N14 -> N13 -> N10 -> N02
623,0.1,protocol_aware,2069.654,3105.977,220.688,0,0,229.831,N12 -> N01 -> N10 -> N07 -> N04 -> N02 -> N11 -> N03 -> N06 -> N09 -> N08 -> N05 -> N13 -> N14
623,0.1,bounded_blackout,1962.583,2202.147,241.583,0,0,1501.603,N04 -> N09 -> N10 -> N11 -> N12 -> N07 -> N01 -> N02 -> N13 -> N06 -> N14 -> N05 -> N08 -> N03
624,0.0,distance_only,2263.792,2338.734,184.554,0,0,0.021,N07 -> N06 -> N09 -> N04 -> N05 -> N10 -> N13 -> N08 -> N14 -> N12 -> N02 -> N01 -> N11 -> N03
624,0.0,protocol_aware,1395.052,3188.468,77.799,1,1,263.599,N04 -> N08 -> N10 -> N01 -> N02 -> N12 -> N07 -> N06 -> N14 -> N05 -> N13 -> N11 -> N09 -> N03
624,0.0,bounded_blackout,1395.052,3188.468,77.799,1,1,2030.101,N04 -> N08 -> N10 -> N01 -> N02 -> N12 -> N07 -> N06 -> N14 -> N05 -> N13 -> N11 -> N09 -> N03
624,0.02,distance_only,1975.024,2338.734,230.088,0,0,0.021,N07 -> N06 -> N09 -> N04 -> N05 -> N10 -> N13 -> N08 -> N14 -> N12 -> N02 -> N01 -> N11 -> N03
624,0.02,protocol_aware,1395.922,3188.468,74.637,1,1,263.599,N04 -> N08 -> N10 -> N01 -> N02 -> N12 -> N07 -> N06 -> N14 -> N05 -> N13 -> N11 -> N09 -> N03
624,0.02,bounded_blackout,1395.922,3188.468,74.637,1,1,2030.101,N04 -> N08 -> N10 -> N01 -> N02 -> N12 -> N07 -> N06 -> N14 -> N05 -> N13 -> N11 -> N09 -> N03
624,0.05,distance_only,1973.881,2338.734,226.37,0,0,0.021,N07 -> N06 -> N09 -> N04 -> N05 -> N10 -> N13 -> N08 -> N14 -> N12 -> N02 -> N01 -> N11 -> N03
624,0.05,protocol_aware,1397.285,3188.468,83.687,1,1,263.599,N04 -> N08 -> N10 -> N01 -> N02 -> N12 -> N07 -> N06 -> N14 -> N05 -> N13 -> N11 -> N09 -> N03
624,0.05,bounded_blackout,1397.285,3188.468,83.687,1,1,2030.101,N04 -> N08 -> N10 -> N01 -> N02 -> N12 -> N07 -> N06 -> N14 -> N05 -> N13 -> N11 -> N09 -> N03
624,0.1,distance_only,1971.998,2338.734,226.451,0,0,0.021,N07 -> N06 -> N09 -> N04 -> N05 -> N10 -> N13 -> N08 -> N14 -> N12 -> N02 -> N01 -> N11 -> N03
624,0.1,protocol_aware,1683.001,3188.468,228.071,0,0,263.599,N04 -> N08 -> N10 -> N01 -> N02 -> N12 -> N07 -> N06 -> N14 -> N05 -> N13 -> N11 -> N09 -> N03
624,0.1,bounded_blackout,1683.001,3188.468,228.071,0,0,2030.101,N04 -> N08 -> N10 -> N01 -> N02 -> N12 -> N07 -> N06 -> N14 -> N05 -> N13 -> N11 -> N09 -> N03
625,0.0,distance_only,2011.462,2222.448,225.195,0,0,0.021,N13 -> N14 -> N07 -> N05 -> N02 -> N11 -> N04 -> N06 -> N09 -> N01 -> N08 -> N10 -> N12 -> N03
625,0.0,protocol_aware,1462.147,1921.127,79.271,1,1,405.161,N07 -> N03 -> N02 -> N11 -> N09 -> N04 -> N10 -> N08 -> N01 -> N12 -> N13 -> N05 -> N06 -> N14
625,0.0,bounded_blackout,1285.547,2078.183,53.295,1,1,2092.467,N13 -> N01 -> N08 -> N10 -> N12 -> N06 -> N14 -> N02 -> N04 -> N11 -> N09 -> N07 -> N05 -> N03
625,0.02,distance_only,2012.175,2222.448,219.063,0,0,0.021,N13 -> N14 -> N07 -> N05 -> N02 -> N11 -> N04 -> N06 -> N09 -> N01 -> N08 -> N10 -> N12 -> N03
625,0.02,protocol_aware,1942.922,1921.127,225.896,0,0,405.161,N07 -> N03 -> N02 -> N11 -> N09 -> N04 -> N10 -> N08 -> N01 -> N12 -> N13 -> N05 -> N06 -> N14
625,0.02,bounded_blackout,1286.277,2078.183,53.295,1,1,2092.467,N13 -> N01 -> N08 -> N10 -> N12 -> N06 -> N14 -> N02 -> N04 -> N11 -> N09 -> N07 -> N05 -> N03
625,0.05,distance_only,2013.633,2222.448,209.856,0,0,0.021,N13 -> N14 -> N07 -> N05 -> N02 -> N11 -> N04 -> N06 -> N09 -> N01 -> N08 -> N10 -> N12 -> N03
625,0.05,protocol_aware,1944.389,1921.127,218.844,0,0,405.161,N07 -> N03 -> N02 -> N11 -> N09 -> N04 -> N10 -> N08 -> N01 -> N12 -> N13 -> N05 -> N06 -> N14
625,0.05,bounded_blackout,1287.76,2078.183,53.295,1,1,2092.467,N13 -> N01 -> N08 -> N10 -> N12 -> N06 -> N14 -> N02 -> N04 -> N11 -> N09 -> N07 -> N05 -> N03
625,0.1,distance_only,2017.201,2222.448,195.475,0,0,0.021,N13 -> N14 -> N07 -> N05 -> N02 -> N11 -> N04 -> N06 -> N09 -> N01 -> N08 -> N10 -> N12 -> N03
625,0.1,protocol_aware,1958.062,1921.127,195.825,0,0,405.161,N07 -> N03 -> N02 -> N11 -> N09 -> N04 -> N10 -> N08 -> N01 -> N12 -> N13 -> N05 -> N06 -> N14
625,0.1,bounded_blackout,1771.371,2078.183,247.974,0,0,2092.467,N13 -> N01 -> N08 -> N10 -> N12 -> N06 -> N14 -> N02 -> N04 -> N11 -> N09 -> N07 -> N05 -> N03
626,0.0,distance_only,1108.32,2509.747,97.67,0,1,0.021,N10 -> N13 -> N09 -> N05 -> N08 -> N12 -> N04 -> N01 -> N06 -> N11 -> N02 -> N03 -> N14 -> N07
626,0.0,protocol_aware,918.169,4295.673,105.79,0,1,339.797,N07 -> N14 -> N13 -> N09 -> N03 -> N04 -> N08 -> N02 -> N11 -> N06 -> N12 -> N01 -> N10 -> N05
626,0.0,bounded_blackout,918.765,4379.749,64.34,1,1,2068.892,N04 -> N05 -> N13 -> N07 -> N02 -> N06 -> N01 -> N09 -> N11 -> N14 -> N03 -> N10 -> N12 -> N08
626,0.02,distance_only,1395.619,2509.747,227.511,0,1,0.021,N10 -> N13 -> N09 -> N05 -> N08 -> N12 -> N04 -> N01 -> N06 -> N11 -> N02 -> N03 -> N14 -> N07
626,0.02,protocol_aware,1515.996,4295.673,237.386,0,0,339.797,N07 -> N14 -> N13 -> N09 -> N03 -> N04 -> N08 -> N02 -> N11 -> N06 -> N12 -> N01 -> N10 -> N05
626,0.02,bounded_blackout,918.499,4379.749,63.896,1,1,2068.892,N04 -> N05 -> N13 -> N07 -> N02 -> N06 -> N01 -> N09 -> N11 -> N14 -> N03 -> N10 -> N12 -> N08
626,0.05,distance_only,1394.568,2509.747,221.635,0,1,0.021,N10 -> N13 -> N09 -> N05 -> N08 -> N12 -> N04 -> N01 -> N06 -> N11 -> N02 -> N03 -> N14 -> N07
626,0.05,protocol_aware,1274.246,4295.673,233.527,0,1,339.797,N07 -> N14 -> N13 -> N09 -> N03 -> N04 -> N08 -> N02 -> N11 -> N06 -> N12 -> N01 -> N10 -> N05
626,0.05,bounded_blackout,918.1,4379.749,63.231,1,1,2068.892,N04 -> N05 -> N13 -> N07 -> N02 -> N06 -> N01 -> N09 -> N11 -> N14 -> N03 -> N10 -> N12 -> N08
626,0.1,distance_only,1392.816,2509.747,211.842,0,1,0.021,N10 -> N13 -> N09 -> N05 -> N08 -> N12 -> N04 -> N01 -> N06 -> N11 -> N02 -> N03 -> N14 -> N07
626,0.1,protocol_aware,1271.331,4295.673,224.632,0,1,339.797,N07 -> N14 -> N13 -> N09 -> N03 -> N04 -> N08 -> N02 -> N11 -> N06 -> N12 -> N01 -> N10 -> N05
626,0.1,bounded_blackout,919.594,4379.749,62.126,1,1,2068.892,N04 -> N05 -> N13 -> N07 -> N02 -> N06 -> N01 -> N09 -> N11 -> N14 -> N03 -> N10 -> N12 -> N08
627,0.0,distance_only,1347.94,2806.497,206.307,0,1,0.024,N02 -> N08 -> N05 -> N10 -> N12 -> N04 -> N01 -> N03 -> N13 -> N14 -> N11 -> N07 -> N09 -> N06
627,0.0,protocol_aware,1014.263,3749.386,105.415,0,1,302.133,N13 -> N12 -> N02 -> N11 -> N14 -> N09 -> N06 -> N07 -> N03 -> N04 -> N01 -> N08 -> N05 -> N10
627,0.0,bounded_blackout,992.155,3886.959,61.814,1,1,1922.0,N08 -> N06 -> N05 -> N10 -> N03 -> N14 -> N11 -> N07 -> N13 -> N12 -> N04 -> N01 -> N09 -> N02
627,0.02,distance_only,1349.473,2806.497,201.659,0,1,0.024,N02 -> N08 -> N05 -> N10 -> N12 -> N04 -> N01 -> N03 -> N13 -> N14 -> N11 -> N07 -> N09 -> N06
627,0.02,protocol_aware,1202.43,3749.386,124.489,0,1,302.133,N13 -> N12 -> N02 -> N11 -> N14 -> N09 -> N06 -> N07 -> N03 -> N04 -> N01 -> N08 -> N05 -> N10
627,0.02,bounded_blackout,993.062,3886.959,61.812,1,1,1922.0,N08 -> N06 -> N05 -> N10 -> N03 -> N14 -> N11 -> N07 -> N13 -> N12 -> N04 -> N01 -> N09 -> N02
627,0.05,distance_only,1348.359,2806.497,194.687,0,1,0.024,N02 -> N08 -> N05 -> N10 -> N12 -> N04 -> N01 -> N03 -> N13 -> N14 -> N11 -> N07 -> N09 -> N06
627,0.05,protocol_aware,1201.544,3749.386,120.448,0,1,302.133,N13 -> N12 -> N02 -> N11 -> N14 -> N09 -> N06 -> N07 -> N03 -> N04 -> N01 -> N08 -> N05 -> N10
627,0.05,bounded_blackout,1378.423,3886.959,124.037,0,1,1922.0,N08 -> N06 -> N05 -> N10 -> N03 -> N14 -> N11 -> N07 -> N13 -> N12 -> N04 -> N01 -> N09 -> N02
627,0.1,distance_only,1348.372,2806.497,183.066,0,1,0.024,N02 -> N08 -> N05 -> N10 -> N12 -> N04 -> N01 -> N03 -> N13 -> N14 -> N11 -> N07 -> N09 -> N06
627,0.1,protocol_aware,1200.091,3749.386,111.099,0,1,302.133,N13 -> N12 -> N02 -> N11 -> N14 -> N09 -> N06 -> N07 -> N03 -> N04 -> N01 -> N08 -> N05 -> N10
627,0.1,bounded_blackout,1380.693,3886.959,120.856,0,1,1922.0,N08 -> N06 -> N05 -> N10 -> N03 -> N14 -> N11 -> N07 -> N13 -> N12 -> N04 -> N01 -> N09 -> N02
628,0.0,distance_only,1885.487,2180.288,213.356,0,0,0.021,N13 -> N14 -> N07 -> N04 -> N12 -> N11 -> N10 -> N02 -> N03 -> N09 -> N06 -> N08 -> N01 -> N05
628,0.0,protocol_aware,1232.896,2890.057,132.989,0,1,287.532,N07 -> N13 -> N01 -> N08 -> N09 -> N06 -> N03 -> N02 -> N05 -> N12 -> N10 -> N04 -> N14 -> N11
628,0.0,bounded_blackout,1266.412,4005.1,48.297,1,1,1999.715,N07 -> N03 -> N02 -> N08 -> N09 -> N14 -> N12 -> N04 -> N10 -> N13 -> N05 -> N01 -> N06 -> N11
628,0.02,distance_only,1884.671,2180.288,212.351,0,0,0.021,N13 -> N14 -> N07 -> N04 -> N12 -> N11 -> N10 -> N02 -> N03 -> N09 -> N06 -> N08 -> N01 -> N05
628,0.02,protocol_aware,1462.457,2890.057,140.783,0,1,287.532,N07 -> N13 -> N01 -> N08 -> N09 -> N06 -> N03 -> N02 -> N05 -> N12 -> N10 -> N04 -> N14 -> N11
628,0.02,bounded_blackout,1271.404,4005.1,48.372,1,1,1999.715,N07 -> N03 -> N02 -> N08 -> N09 -> N14 -> N12 -> N04 -> N10 -> N13 -> N05 -> N01 -> N06 -> N11
628,0.05,distance_only,1883.444,2180.288,210.842,0,0,0.021,N13 -> N14 -> N07 -> N04 -> N12 -> N11 -> N10 -> N02 -> N03 -> N09 -> N06 -> N08 -> N01 -> N05
628,0.05,protocol_aware,1468.273,2890.057,151.103,0,1,287.532,N07 -> N13 -> N01 -> N08 -> N09 -> N06 -> N03 -> N02 -> N05 -> N12 -> N10 -> N04 -> N14 -> N11
628,0.05,bounded_blackout,1984.595,4005.1,228.222,0,0,1999.715,N07 -> N03 -> N02 -> N08 -> N09 -> N14 -> N12 -> N04 -> N10 -> N13 -> N05 -> N01 -> N06 -> N11
628,0.1,distance_only,1881.394,2180.288,208.318,0,0,0.021,N13 -> N14 -> N07 -> N04 -> N12 -> N11 -> N10 -> N02 -> N03 -> N09 -> N06 -> N08 -> N01 -> N05
628,0.1,protocol_aware,1957.993,2890.057,203.499,0,0,287.532,N07 -> N13 -> N01 -> N08 -> N09 -> N06 -> N03 -> N02 -> N05 -> N12 -> N10 -> N04 -> N14 -> N11
628,0.1,bounded_blackout,1995.408,4005.1,213.017,0,0,1999.715,N07 -> N03 -> N02 -> N08 -> N09 -> N14 -> N12 -> N04 -> N10 -> N13 -> N05 -> N01 -> N06 -> N11
629,0.0,distance_only,1818.164,2643.698,160.868,0,0,0.023,N06 -> N12 -> N05 -> N03 -> N07 -> N04 -> N08 -> N02 -> N13 -> N11 -> N01 -> N09 -> N10 -> N14
629,0.0,protocol_aware,1467.496,3545.397,84.99,1,1,233.462,N02 -> N08 -> N05 -> N06 -> N04 -> N13 -> N11 -> N09 -> N10 -> N01 -> N12 -> N14 -> N03 -> N07
629,0.0,bounded_blackout,1409.659,3694.018,74.913,1,1,1686.966,N02 -> N07 -> N06 -> N12 -> N14 -> N03 -> N08 -> N01 -> N05 -> N04 -> N11 -> N09 -> N10 -> N13
629,0.02,distance_only,1823.586,2643.698,153.82,0,0,0.023,N06 -> N12 -> N05 -> N03 -> N07 -> N04 -> N08 -> N02 -> N13 -> N11 -> N01 -> N09 -> N10 -> N14
629,0.02,protocol_aware,1703.382,3545.397,227.741,0,0,233.462,N02 -> N08 -> N05 -> N06 -> N04 -> N13 -> N11 -> N09 -> N10 -> N01 -> N12 -> N14 -> N03 -> N07
629,0.02,bounded_blackout,1690.026,3694.018,188.111,0,0,1686.966,N02 -> N07 -> N06 -> N12 -> N14 -> N03 -> N08 -> N01 -> N05 -> N04 -> N11 -> N09 -> N10 -> N13
629,0.05,distance_only,1831.725,2643.698,143.227,0,0,0.023,N06 -> N12 -> N05 -> N03 -> N07 -> N04 -> N08 -> N02 -> N13 -> N11 -> N01 -> N09 -> N10 -> N14
629,0.05,protocol_aware,2177.201,3545.397,225.573,0,0,233.462,N02 -> N08 -> N05 -> N06 -> N04 -> N13 -> N11 -> N09 -> N10 -> N01 -> N12 -> N14 -> N03 -> N07
629,0.05,bounded_blackout,2192.903,3694.018,222.262,0,0,1686.966,N02 -> N07 -> N06 -> N12 -> N14 -> N03 -> N08 -> N01 -> N05 -> N04 -> N11 -> N09 -> N10 -> N13
629,0.1,distance_only,2068.127,2643.698,237.583,0,0,0.023,N06 -> N12 -> N05 -> N03 -> N07 -> N04 -> N08 -> N02 -> N13 -> N11 -> N01 -> N09 -> N10 -> N14
629,0.1,protocol_aware,2166.874,3545.397,221.956,0,0,233.462,N02 -> N08 -> N05 -> N06 -> N04 -> N13 -> N11 -> N09 -> N10 -> N01 -> N12 -> N14 -> N03 -> N07
629,0.1,bounded_blackout,2191.03,3694.018,225.08,0,0,1686.966,N02 -> N07 -> N06 -> N12 -> N14 -> N03 -> N08 -> N01 -> N05 -> N04 -> N11 -> N09 -> N10 -> N13
630,0.0,distance_only,1471.605,2497.902,149.291,0,1,0.021,N13 -> N10 -> N08 -> N01 -> N14 -> N03 -> N12 -> N11 -> N04 -> N09 -> N07 -> N02 -> N06 -> N05
630,0.0,protocol_aware,1132.234,3865.32,103.952,0,1,223.334,N02 -> N01 -> N08 -> N13 -> N10 -> N12 -> N14 -> N05 -> N06 -> N04 -> N07 -> N11 -> N09 -> N03
630,0.0,bounded_blackout,1135.59,3919.756,57.873,1,1,1629.993,N01 -> N05 -> N10 -> N11 -> N07 -> N09 -> N14 -> N04 -> N06 -> N03 -> N12 -> N02 -> N08 -> N13
630,0.02,distance_only,1472.068,2497.902,212.054,0,1,0.021,N13 -> N10 -> N08 -> N01 -> N14 -> N03 -> N12 -> N11 -> N04 -> N09 -> N07 -> N02 -> N06 -> N05
630,0.02,protocol_aware,1132.465,3865.32,105.474,0,1,223.334,N02 -> N01 -> N08 -> N13 -> N10 -> N12 -> N14 -> N05 -> N06 -> N04 -> N07 -> N11 -> N09 -> N03
630,0.02,bounded_blackout,1640.139,3919.756,181.866,0,0,1629.993,N01 -> N05 -> N10 -> N11 -> N07 -> N09 -> N14 -> N04 -> N06 -> N03 -> N12 -> N02 -> N08 -> N13
630,0.05,distance_only,1472.839,2497.902,211.171,0,1,0.021,N13 -> N10 -> N08 -> N01 -> N14 -> N03 -> N12 -> N11 -> N04 -> N09 -> N07 -> N02 -> N06 -> N05
630,0.05,protocol_aware,1132.844,3865.32,107.756,0,1,223.334,N02 -> N01 -> N08 -> N13 -> N10 -> N12 -> N14 -> N05 -> N06 -> N04 -> N07 -> N11 -> N09 -> N03
630,0.05,bounded_blackout,1640.967,3919.756,229.446,0,0,1629.993,N01 -> N05 -> N10 -> N11 -> N07 -> N09 -> N14 -> N04 -> N06 -> N03 -> N12 -> N02 -> N08 -> N13
630,0.1,distance_only,1474.343,2497.902,210.382,0,1,0.021,N13 -> N10 -> N08 -> N01 -> N14 -> N03 -> N12 -> N11 -> N04 -> N09 -> N07 -> N02 -> N06 -> N05
630,0.1,protocol_aware,1621.548,3865.32,214.564,0,0,223.334,N02 -> N01 -> N08 -> N13 -> N10 -> N12 -> N14 -> N05 -> N06 -> N04 -> N07 -> N11 -> N09 -> N03
630,0.1,bounded_blackout,1642.354,3919.756,222.578,0,0,1629.993,N01 -> N05 -> N10 -> N11 -> N07 -> N09 -> N14 -> N04 -> N06 -> N03 -> N12 -> N02 -> N08 -> N13
631,0.0,distance_only,1407.391,2782.04,201.013,0,1,0.022,N09 -> N01 -> N04 -> N10 -> N13 -> N11 -> N07 -> N03 -> N08 -> N12 -> N06 -> N14 -> N05 -> N02
631,0.0,protocol_aware,953.598,2946.475,54.165,1,1,158.391,N09 -> N01 -> N04 -> N02 -> N10 -> N05 -> N07 -> N08 -> N06 -> N12 -> N13 -> N03 -> N14 -> N11
631,0.0,bounded_blackout,953.598,2946.475,54.165,1,1,1108.445,N09 -> N01 -> N04 -> N02 -> N10 -> N05 -> N07 -> N08 -> N06 -> N12 -> N13 -> N03 -> N14 -> N11
631,0.02,distance_only,1406.816,2782.04,203.667,0,1,0.022,N09 -> N01 -> N04 -> N10 -> N13 -> N11 -> N07 -> N03 -> N08 -> N12 -> N06 -> N14 -> N05 -> N02
631,0.02,protocol_aware,952.833,2946.475,53.385,1,1,158.391,N09 -> N01 -> N04 -> N02 -> N10 -> N05 -> N07 -> N08 -> N06 -> N12 -> N13 -> N03 -> N14 -> N11
631,0.02,bounded_blackout,952.833,2946.475,53.385,1,1,1108.445,N09 -> N01 -> N04 -> N02 -> N10 -> N05 -> N07 -> N08 -> N06 -> N12 -> N13 -> N03 -> N14 -> N11
631,0.05,distance_only,1405.952,2782.04,206.991,0,1,0.022,N09 -> N01 -> N04 -> N10 -> N13 -> N11 -> N07 -> N03 -> N08 -> N12 -> N06 -> N14 -> N05 -> N02
631,0.05,protocol_aware,951.645,2946.475,52.606,1,1,158.391,N09 -> N01 -> N04 -> N02 -> N10 -> N05 -> N07 -> N08 -> N06 -> N12 -> N13 -> N03 -> N14 -> N11
631,0.05,bounded_blackout,951.645,2946.475,52.606,1,1,1108.445,N09 -> N01 -> N04 -> N02 -> N10 -> N05 -> N07 -> N08 -> N06 -> N12 -> N13 -> N03 -> N14 -> N11
631,0.1,distance_only,1404.502,2782.04,211.873,0,1,0.022,N09 -> N01 -> N04 -> N10 -> N13 -> N11 -> N07 -> N03 -> N08 -> N12 -> N06 -> N14 -> N05 -> N02
631,0.1,protocol_aware,949.561,2946.475,57.366,1,1,158.391,N09 -> N01 -> N04 -> N02 -> N10 -> N05 -> N07 -> N08 -> N06 -> N12 -> N13 -> N03 -> N14 -> N11
631,0.1,bounded_blackout,949.561,2946.475,57.366,1,1,1108.445,N09 -> N01 -> N04 -> N02 -> N10 -> N05 -> N07 -> N08 -> N06 -> N12 -> N13 -> N03 -> N14 -> N11
632,0.0,distance_only,1294.399,3026.799,199.124,0,1,0.029,N03 -> N14 -> N10 -> N13 -> N05 -> N02 -> N01 -> N06 -> N12 -> N07 -> N09 -> N11 -> N04 -> N08
632,0.0,protocol_aware,909.834,3735.578,70.058,1,1,371.993,N06 -> N01 -> N14 -> N13 -> N02 -> N05 -> N12 -> N07 -> N03 -> N10 -> N09 -> N11 -> N04 -> N08
632,0.0,bounded_blackout,834.865,3708.031,61.169,1,1,1958.804,N03 -> N05 -> N13 -> N06 -> N10 -> N11 -> N07 -> N12 -> N04 -> N08 -> N09 -> N01 -> N02 -> N14
632,0.02,distance_only,1295.43,3026.799,198.082,0,1,0.029,N03 -> N14 -> N10 -> N13 -> N05 -> N02 -> N01 -> N06 -> N12 -> N07 -> N09 -> N11 -> N04 -> N08
632,0.02,protocol_aware,910.865,3735.578,72.628,1,1,371.993,N06 -> N01 -> N14 -> N13 -> N02 -> N05 -> N12 -> N07 -> N03 -> N10 -> N09 -> N11 -> N04 -> N08
632,0.02,bounded_blackout,838.724,3708.031,61.295,1,1,1958.804,N03 -> N05 -> N13 -> N06 -> N10 -> N11 -> N07 -> N12 -> N04 -> N08 -> N09 -> N01 -> N02 -> N14
632,0.05,distance_only,1296.997,3026.799,196.515,0,1,0.029,N03 -> N14 -> N10 -> N13 -> N05 -> N02 -> N01 -> N06 -> N12 -> N07 -> N09 -> N11 -> N04 -> N08
632,0.05,protocol_aware,1104.432,3735.578,140.14,0,1,371.993,N06 -> N01 -> N14 -> N13 -> N02 -> N05 -> N12 -> N07 -> N03 -> N10 -> N09 -> N11 -> N04 -> N08
632,0.05,bounded_blackout,844.496,3708.031,61.483,1,1,1958.804,N03 -> N05 -> N13 -> N06 -> N10 -> N11 -> N07 -> N12 -> N04 -> N08 -> N09 -> N01 -> N02 -> N14
632,0.1,distance_only,1299.665,3026.799,193.896,0,1,0.029,N03 -> N14 -> N10 -> N13 -> N05 -> N02 -> N01 -> N06 -> N12 -> N07 -> N09 -> N11 -> N04 -> N08
632,0.1,protocol_aware,1107.1,3735.578,131.864,0,1,371.993,N06 -> N01 -> N14 -> N13 -> N02 -> N05 -> N12 -> N07 -> N03 -> N10 -> N09 -> N11 -> N04 -> N08
632,0.1,bounded_blackout,1094.075,3708.031,106.283,0,1,1958.804,N03 -> N05 -> N13 -> N06 -> N10 -> N11 -> N07 -> N12 -> N04 -> N08 -> N09 -> N01 -> N02 -> N14
633,0.0,distance_only,1929.558,2809.964,206.396,0,0,0.021,N13 -> N12 -> N03 -> N02 -> N09 -> N10 -> N07 -> N14 -> N11 -> N05 -> N04 -> N01 -> N06 -> N08
633,0.0,protocol_aware,1097.204,3084.073,99.66,0,1,301.912,N04 -> N02 -> N08 -> N10 -> N13 -> N03 -> N01 -> N06 -> N11 -> N09 -> N12 -> N07 -> N14 -> N05
633,0.0,bounded_blackout,1102.007,3489.011,50.053,1,1,1738.781,N04 -> N13 -> N03 -> N01 -> N14 -> N02 -> N06 -> N07 -> N10 -> N08 -> N12 -> N11 -> N09 -> N05
633,0.02,distance_only,1931.891,2809.964,216.76,0,0,0.021,N13 -> N12 -> N03 -> N02 -> N09 -> N10 -> N07 -> N14 -> N11 -> N05 -> N04 -> N01 -> N06 -> N08
633,0.02,protocol_aware,1324.511,3084.073,121.414,0,1,301.912,N04 -> N02 -> N08 -> N10 -> N13 -> N03 -> N01 -> N06 -> N11 -> N09 -> N12 -> N07 -> N14 -> N05
633,0.02,bounded_blackout,1561.166,3489.011,120.752,0,0,1738.781,N04 -> N13 -> N03 -> N01 -> N14 -> N02 -> N06 -> N07 -> N10 -> N08 -> N12 -> N11 -> N09 -> N05
633,0.05,distance_only,1935.39,2809.964,222.752,0,0,0.021,N13 -> N12 -> N03 -> N02 -> N09 -> N10 -> N07 -> N14 -> N11 -> N05 -> N04 -> N01 -> N06 -> N08
633,0.05,protocol_aware,1565.202,3084.073,226.148,0,0,301.912,N04 -> N02 -> N08 -> N10 -> N13 -> N03 -> N01 -> N06 -> N11 -> N09 -> N12 -> N07 -> N14 -> N05
633,0.05,bounded_blackout,1561.857,3489.011,123.855,0,0,1738.781,N04 -> N13 -> N03 -> N01 -> N14 -> N02 -> N06 -> N07 -> N10 -> N08 -> N12 -> N11 -> N09 -> N05
633,0.1,distance_only,1821.225,2809.964,160.027,0,0,0.021,N13 -> N12 -> N03 -> N02 -> N09 -> N10 -> N07 -> N14 -> N11 -> N05 -> N04 -> N01 -> N06 -> N08
633,0.1,protocol_aware,1566.357,3084.073,210.271,0,0,301.912,N04 -> N02 -> N08 -> N10 -> N13 -> N03 -> N01 -> N06 -> N11 -> N09 -> N12 -> N07 -> N14 -> N05
633,0.1,bounded_blackout,1803.012,3489.011,222.406,0,0,1738.781,N04 -> N13 -> N03 -> N01 -> N14 -> N02 -> N06 -> N07 -> N10 -> N08 -> N12 -> N11 -> N09 -> N05
634,0.0,distance_only,1018.903,3022.917,99.872,0,1,0.022,N04 -> N10 -> N01 -> N09 -> N14 -> N12 -> N07 -> N08 -> N11 -> N02 -> N05 -> N06 -> N03 -> N13
634,0.0,protocol_aware,727.801,4316.337,54.125,1,1,314.545,N04 -> N11 -> N12 -> N14 -> N07 -> N02 -> N08 -> N09 -> N06 -> N05 -> N13 -> N10 -> N01 -> N03
634,0.0,bounded_blackout,727.801,4316.337,54.125,1,1,1766.504,N04 -> N11 -> N12 -> N14 -> N07 -> N02 -> N08 -> N09 -> N06 -> N05 -> N13 -> N10 -> N01 -> N03
634,0.02,distance_only,995.765,3022.917,97.214,0,1,0.022,N04 -> N10 -> N01 -> N09 -> N14 -> N12 -> N07 -> N08 -> N11 -> N02 -> N05 -> N06 -> N03 -> N13
634,0.02,protocol_aware,1078.224,4316.337,127.654,0,1,314.545,N04 -> N11 -> N12 -> N14 -> N07 -> N02 -> N08 -> N09 -> N06 -> N05 -> N13 -> N10 -> N01 -> N03
634,0.02,bounded_blackout,1078.224,4316.337,127.654,0,1,1766.504,N04 -> N11 -> N12 -> N14 -> N07 -> N02 -> N08 -> N09 -> N06 -> N05 -> N13 -> N10 -> N01 -> N03
634,0.05,distance_only,994.254,3022.917,97.193,0,1,0.022,N04 -> N10 -> N01 -> N09 -> N14 -> N12 -> N07 -> N08 -> N11 -> N02 -> N05 -> N06 -> N03 -> N13
634,0.05,protocol_aware,1077.244,4316.337,124.165,0,1,314.545,N04 -> N11 -> N12 -> N14 -> N07 -> N02 -> N08 -> N09 -> N06 -> N05 -> N13 -> N10 -> N01 -> N03
634,0.05,bounded_blackout,1077.244,4316.337,124.165,0,1,1766.504,N04 -> N11 -> N12 -> N14 -> N07 -> N02 -> N08 -> N09 -> N06 -> N05 -> N13 -> N10 -> N01 -> N03
634,0.1,distance_only,1111.739,3022.917,111.131,0,1,0.022,N04 -> N10 -> N01 -> N09 -> N14 -> N12 -> N07 -> N08 -> N11 -> N02 -> N05 -> N06 -> N03 -> N13
634,0.1,protocol_aware,1147.605,4316.337,116.112,0,1,314.545,N04 -> N11 -> N12 -> N14 -> N07 -> N02 -> N08 -> N09 -> N06 -> N05 -> N13 -> N10 -> N01 -> N03
634,0.1,bounded_blackout,1147.605,4316.337,116.112,0,1,1766.504,N04 -> N11 -> N12 -> N14 -> N07 -> N02 -> N08 -> N09 -> N06 -> N05 -> N13 -> N10 -> N01 -> N03
635,0.0,distance_only,1501.117,2709.3,203.524,0,0,0.022,N05 -> N08 -> N11 -> N12 -> N14 -> N02 -> N01 -> N07 -> N06 -> N10 -> N09 -> N13 -> N03 -> N04
635,0.0,protocol_aware,914.648,3727.197,80.713,1,1,300.373,N11 -> N12 -> N14 -> N02 -> N03 -> N13 -> N04 -> N09 -> N06 -> N01 -> N07 -> N05 -> N10 -> N08
635,0.0,bounded_blackout,885.671,3325.724,58.303,1,1,1723.358,N11 -> N12 -> N05 -> N10 -> N09 -> N13 -> N03 -> N06 -> N04 -> N08 -> N07 -> N01 -> N02 -> N14
635,0.02,distance_only,1500.99,2709.3,205.359,0,0,0.022,N05 -> N08 -> N11 -> N12 -> N14 -> N02 -> N01 -> N07 -> N06 -> N10 -> N09 -> N13 -> N03 -> N04
635,0.02,protocol_aware,1154.716,3727.197,170.658,0,1,300.373,N11 -> N12 -> N14 -> N02 -> N03 -> N13 -> N04 -> N09 -> N06 -> N01 -> N07 -> N05 -> N10 -> N08
635,0.02,bounded_blackout,886.282,3325.724,61.837,1,1,1723.358,N11 -> N12 -> N05 -> N10 -> N09 -> N13 -> N03 -> N06 -> N04 -> N08 -> N07 -> N01 -> N02 -> N14
635,0.05,distance_only,1500.802,2709.3,208.113,0,0,0.022,N05 -> N08 -> N11 -> N12 -> N14 -> N02 -> N01 -> N07 -> N06 -> N10 -> N09 -> N13 -> N03 -> N04
635,0.05,protocol_aware,1155.014,3727.197,173.482,0,1,300.373,N11 -> N12 -> N14 -> N02 -> N03 -> N13 -> N04 -> N09 -> N06 -> N01 -> N07 -> N05 -> N10 -> N08
635,0.05,bounded_blackout,887.586,3325.724,67.135,1,1,1723.358,N11 -> N12 -> N05 -> N10 -> N09 -> N13 -> N03 -> N06 -> N04 -> N08 -> N07 -> N01 -> N02 -> N14
635,0.1,distance_only,1404.501,2709.3,212.702,0,1,0.022,N05 -> N08 -> N11 -> N12 -> N14 -> N02 -> N01 -> N07 -> N06 -> N10 -> N09 -> N13 -> N03 -> N04
635,0.1,protocol_aware,1155.994,3727.197,178.19,0,1,300.373,N11 -> N12 -> N14 -> N02 -> N03 -> N13 -> N04 -> N09 -> N06 -> N01 -> N07 -> N05 -> N10 -> N08
635,0.1,bounded_blackout,889.765,3325.724,75.953,1,1,1723.358,N11 -> N12 -> N05 -> N10 -> N09 -> N13 -> N03 -> N06 -> N04 -> N08 -> N07 -> N01 -> N02 -> N14
636,0.0,distance_only,1590.365,2490.882,154.805,0,0,0.023,N05 -> N04 -> N09 -> N12 -> N06 -> N08 -> N14 -> N10 -> N07 -> N03 -> N02 -> N13 -> N11 -> N01
636,0.0,protocol_aware,1278.37,3686.913,114.81,0,1,258.984,N12 -> N05 -> N01 -> N08 -> N04 -> N09 -> N11 -> N10 -> N07 -> N03 -> N06 -> N13 -> N14 -> N02
636,0.0,bounded_blackout,1276.943,2737.588,80.703,1,1,1977.681,N06 -> N11 -> N01 -> N13 -> N02 -> N12 -> N09 -> N08 -> N14 -> N07 -> N03 -> N05 -> N10 -> N04
636,0.02,distance_only,1591.694,2490.882,151.565,0,0,0.023,N05 -> N04 -> N09 -> N12 -> N06 -> N08 -> N14 -> N10 -> N07 -> N03 -> N02 -> N13 -> N11 -> N01
636,0.02,protocol_aware,1279.663,3686.913,114.281,0,1,258.984,N12 -> N05 -> N01 -> N08 -> N04 -> N09 -> N11 -> N10 -> N07 -> N03 -> N06 -> N13 -> N14 -> N02
636,0.02,bounded_blackout,1284.265,2737.588,79.61,1,1,1977.681,N06 -> N11 -> N01 -> N13 -> N02 -> N12 -> N09 -> N08 -> N14 -> N07 -> N03 -> N05 -> N10 -> N04
636,0.05,distance_only,1593.692,2490.882,146.675,0,0,0.023,N05 -> N04 -> N09 -> N12 -> N06 -> N08 -> N14 -> N10 -> N07 -> N03 -> N02 -> N13 -> N11 -> N01
636,0.05,protocol_aware,1569.599,3686.913,146.675,0,0,258.984,N12 -> N05 -> N01 -> N08 -> N04 -> N09 -> N11 -> N10 -> N07 -> N03 -> N06 -> N13 -> N14 -> N02
636,0.05,bounded_blackout,1775.304,2737.588,193.672,0,0,1977.681,N06 -> N11 -> N01 -> N13 -> N02 -> N12 -> N09 -> N08 -> N14 -> N07 -> N03 -> N05 -> N10 -> N04
636,0.1,distance_only,1789.035,2490.882,225.701,0,0,0.023,N05 -> N04 -> N09 -> N12 -> N06 -> N08 -> N14 -> N10 -> N07 -> N03 -> N02 -> N13 -> N11 -> N01
636,0.1,protocol_aware,1860.822,3686.913,225.648,0,0,258.984,N12 -> N05 -> N01 -> N08 -> N04 -> N09 -> N11 -> N10 -> N07 -> N03 -> N06 -> N13 -> N14 -> N02
636,0.1,bounded_blackout,2273.854,2737.588,226.98,0,0,1977.681,N06 -> N11 -> N01 -> N13 -> N02 -> N12 -> N09 -> N08 -> N14 -> N07 -> N03 -> N05 -> N10 -> N04
637,0.0,distance_only,1303.191,2499.388,95.689,0,1,0.021,N07 -> N09 -> N11 -> N05 -> N10 -> N13 -> N12 -> N08 -> N14 -> N06 -> N03 -> N04 -> N01 -> N02
637,0.0,protocol_aware,1176.551,3812.405,85.617,1,1,332.925,N01 -> N02 -> N06 -> N11 -> N10 -> N12 -> N13 -> N14 -> N04 -> N03 -> N08 -> N09 -> N07 -> N05
637,0.0,bounded_blackout,1123.668,3688.606,58.699,1,1,2238.701,N07 -> N09 -> N11 -> N08 -> N12 -> N05 -> N10 -> N06 -> N03 -> N14 -> N02 -> N01 -> N13 -> N04
637,0.02,distance_only,1304.823,2499.388,97.852,0,1,0.021,N07 -> N09 -> N11 -> N05 -> N10 -> N13 -> N12 -> N08 -> N14 -> N06 -> N03 -> N04 -> N01 -> N02
637,0.02,protocol_aware,1170.701,3812.405,92.625,0,1,332.925,N01 -> N02 -> N06 -> N11 -> N10 -> N12 -> N13 -> N14 -> N04 -> N03 -> N08 -> N09 -> N07 -> N05
637,0.02,bounded_blackout,1594.894,3688.606,231.218,0,0,2238.701,N07 -> N09 -> N11 -> N08 -> N12 -> N05 -> N10 -> N06 -> N03 -> N14 -> N02 -> N01 -> N13 -> N04
637,0.05,distance_only,1499.278,2499.388,147.803,0,1,0.021,N07 -> N09 -> N11 -> N05 -> N10 -> N13 -> N12 -> N08 -> N14 -> N06 -> N03 -> N04 -> N01 -> N02
637,0.05,protocol_aware,1162.024,3812.405,122.811,0,1,332.925,N01 -> N02 -> N06 -> N11 -> N10 -> N12 -> N13 -> N14 -> N04 -> N03 -> N08 -> N09 -> N07 -> N05
637,0.05,bounded_blackout,1581.843,3688.606,230.126,0,0,2238.701,N07 -> N09 -> N11 -> N08 -> N12 -> N05 -> N10 -> N06 -> N03 -> N14 -> N02 -> N01 -> N13 -> N04
637,0.1,distance_only,1503.384,2499.388,225.392,0,0,0.021,N07 -> N09 -> N11 -> N05 -> N10 -> N13 -> N12 -> N08 -> N14 -> N06 -> N03 -> N04 -> N01 -> N02
637,0.1,protocol_aware,1387.811,3812.405,229.731,0,1,332.925,N01 -> N02 -> N06 -> N11 -> N10 -> N12 -> N13 -> N14 -> N04 -> N03 -> N08 -> N09 -> N07 -> N05
637,0.1,bounded_blackout,1800.374,3688.606,225.392,0,0,2238.701,N07 -> N09 -> N11 -> N08 -> N12 -> N05 -> N10 -> N06 -> N03 -> N14 -> N02 -> N01 -> N13 -> N04
638,0.0,distance_only,1190.138,2266.463,143.294,0,1,0.022,N05 -> N02 -> N13 -> N11 -> N03 -> N10 -> N04 -> N01 -> N14 -> N07 -> N08 -> N06 -> N12 -> N09
638,0.0,protocol_aware,944.545,3055.254,89.972,1,1,264.248,N02 -> N13 -> N11 -> N03 -> N04 -> N14 -> N10 -> N01 -> N07 -> N08 -> N06 -> N05 -> N12 -> N09
638,0.0,bounded_blackout,944.545,3055.254,89.972,1,1,1903.039,N02 -> N13 -> N11 -> N03 -> N04 -> N14 -> N10 -> N01 -> N07 -> N08 -> N06 -> N05 -> N12 -> N09
638,0.02,distance_only,1188.448,2266.463,142.823,0,1,0.022,N05 -> N02 -> N13 -> N11 -> N03 -> N10 -> N04 -> N01 -> N14 -> N07 -> N08 -> N06 -> N12 -> N09
638,0.02,protocol_aware,942.766,3055.254,89.328,1,1,264.248,N02 -> N13 -> N11 -> N03 -> N04 -> N14 -> N10 -> N01 -> N07 -> N08 -> N06 -> N05 -> N12 -> N09
638,0.02,bounded_blackout,942.766,3055.254,89.328,1,1,1903.039,N02 -> N13 -> N11 -> N03 -> N04 -> N14 -> N10 -> N01 -> N07 -> N08 -> N06 -> N05 -> N12 -> N09
638,0.05,distance_only,1185.91,2266.463,142.102,0,1,0.022,N05 -> N02 -> N13 -> N11 -> N03 -> N10 -> N04 -> N01 -> N14 -> N07 -> N08 -> N06 -> N12 -> N09
638,0.05,protocol_aware,940.094,3055.254,88.352,1,1,264.248,N02 -> N13 -> N11 -> N03 -> N04 -> N14 -> N10 -> N01 -> N07 -> N08 -> N06 -> N05 -> N12 -> N09
638,0.05,bounded_blackout,940.094,3055.254,88.352,1,1,1903.039,N02 -> N13 -> N11 -> N03 -> N04 -> N14 -> N10 -> N01 -> N07 -> N08 -> N06 -> N05 -> N12 -> N09
638,0.1,distance_only,1181.673,2266.463,140.861,0,1,0.022,N05 -> N02 -> N13 -> N11 -> N03 -> N10 -> N04 -> N01 -> N14 -> N07 -> N08 -> N06 -> N12 -> N09
638,0.1,protocol_aware,936.155,3055.254,86.697,1,1,264.248,N02 -> N13 -> N11 -> N03 -> N04 -> N14 -> N10 -> N01 -> N07 -> N08 -> N06 -> N05 -> N12 -> N09
638,0.1,bounded_blackout,936.155,3055.254,86.697,1,1,1903.039,N02 -> N13 -> N11 -> N03 -> N04 -> N14 -> N10 -> N01 -> N07 -> N08 -> N06 -> N05 -> N12 -> N09
639,0.0,distance_only,1270.579,2541.35,160.748,0,1,0.021,N05 -> N03 -> N02 -> N07 -> N01 -> N09 -> N04 -> N08 -> N06 -> N13 -> N14 -> N10 -> N11 -> N12
639,0.0,protocol_aware,848.767,2535.679,73.41,1,1,486.392,N07 -> N05 -> N13 -> N01 -> N09 -> N04 -> N11 -> N10 -> N12 -> N14 -> N08 -> N06 -> N03 -> N02
639,0.0,bounded_blackout,848.767,2535.679,73.41,1,1,2275.968,N07 -> N05 -> N13 -> N01 -> N09 -> N04 -> N11 -> N10 -> N12 -> N14 -> N08 -> N06 -> N03 -> N02
639,0.02,distance_only,1559.486,2541.35,224.957,0,0,0.021,N05 -> N03 -> N02 -> N07 -> N01 -> N09 -> N04 -> N08 -> N06 -> N13 -> N14 -> N10 -> N11 -> N12
639,0.02,protocol_aware,1328.033,2535.679,189.186,0,1,486.392,N07 -> N05 -> N13 -> N01 -> N09 -> N04 -> N11 -> N10 -> N12 -> N14 -> N08 -> N06 -> N03 -> N02
639,0.02,bounded_blackout,1328.033,2535.679,189.186,0,1,2275.968,N07 -> N05 -> N13 -> N01 -> N09 -> N04 -> N11 -> N10 -> N12 -> N14 -> N08 -> N06 -> N03 -> N02
639,0.05,distance_only,1560.847,2541.35,225.384,0,0,0.021,N05 -> N03 -> N02 -> N07 -> N01 -> N09 -> N04 -> N08 -> N06 -> N13 -> N14 -> N10 -> N11 -> N12
639,0.05,protocol_aware,1327.125,2535.679,175.274,0,1,486.392,N07 -> N05 -> N13 -> N01 -> N09 -> N04 -> N11 -> N10 -> N12 -> N14 -> N08 -> N06 -> N03 -> N02
639,0.05,bounded_blackout,1327.125,2535.679,175.274,0,1,2275.968,N07 -> N05 -> N13 -> N01 -> N09 -> N04 -> N11 -> N10 -> N12 -> N14 -> N08 -> N06 -> N03 -> N02
639,0.1,distance_only,1476.309,2541.35,226.09,0,1,0.021,N05 -> N03 -> N02 -> N07 -> N01 -> N09 -> N04 -> N08 -> N06 -> N13 -> N14 -> N10 -> N11 -> N12
639,0.1,protocol_aware,1329.106,2535.679,184.862,0,1,486.392,N07 -> N05 -> N13 -> N01 -> N09 -> N04 -> N11 -> N10 -> N12 -> N14 -> N08 -> N06 -> N03 -> N02
639,0.1,bounded_blackout,1329.106,2535.679,184.862,0,1,2275.968,N07 -> N05 -> N13 -> N01 -> N09 -> N04 -> N11 -> N10 -> N12 -> N14 -> N08 -> N06 -> N03 -> N02
640,0.0,distance_only,1261.453,2686.718,125.756,0,1,0.022,N12 -> N11 -> N10 -> N03 -> N01 -> N09 -> N08 -> N02 -> N07 -> N06 -> N13 -> N05 -> N04 -> N14
640,0.0,protocol_aware,877.491,3363.927,76.823,1,1,274.771,N01 -> N14 -> N06 -> N04 -> N07 -> N02 -> N13 -> N11 -> N10 -> N03 -> N12 -> N08 -> N05 -> N09
640,0.0,bounded_blackout,877.491,3363.927,76.823,1,1,1898.284,N01 -> N14 -> N06 -> N04 -> N07 -> N02 -> N13 -> N11 -> N10 -> N03 -> N12 -> N08 -> N05 -> N09
640,0.02,distance_only,1261.953,2686.718,123.729,0,1,0.022,N12 -> N11 -> N10 -> N03 -> N01 -> N09 -> N08 -> N02 -> N07 -> N06 -> N13 -> N05 -> N04 -> N14
640,0.02,protocol_aware,1158.978,3363.927,93.041,0,1,274.771,N01 -> N14 -> N06 -> N04 -> N07 -> N02 -> N13 -> N11 -> N10 -> N03 -> N12 -> N08 -> N05 -> N09
640,0.02,bounded_blackout,1158.978,3363.927,93.041,0,1,1898.284,N01 -> N14 -> N06 -> N04 -> N07 -> N02 -> N13 -> N11 -> N10 -> N03 -> N12 -> N08 -> N05 -> N09
640,0.05,distance_only,1262.701,2686.718,125.381,0,1,0.022,N12 -> N11 -> N10 -> N03 -> N01 -> N09 -> N08 -> N02 -> N07 -> N06 -> N13 -> N05 -> N04 -> N14
640,0.05,protocol_aware,1159.336,3363.927,93.756,0,1,274.771,N01 -> N14 -> N06 -> N04 -> N07 -> N02 -> N13 -> N11 -> N10 -> N03 -> N12 -> N08 -> N05 -> N09
640,0.05,bounded_blackout,1159.336,3363.927,93.756,0,1,1898.284,N01 -> N14 -> N06 -> N04 -> N07 -> N02 -> N13 -> N11 -> N10 -> N03 -> N12 -> N08 -> N05 -> N09
640,0.1,distance_only,975.947,2686.718,134.253,0,1,0.022,N12 -> N11 -> N10 -> N03 -> N01 -> N09 -> N08 -> N02 -> N07 -> N06 -> N13 -> N05 -> N04 -> N14
640,0.1,protocol_aware,1375.935,3363.927,191.917,0,1,274.771,N01 -> N14 -> N06 -> N04 -> N07 -> N02 -> N13 -> N11 -> N10 -> N03 -> N12 -> N08 -> N05 -> N09
640,0.1,bounded_blackout,1375.935,3363.927,191.917,0,1,1898.284,N01 -> N14 -> N06 -> N04 -> N07 -> N02 -> N13 -> N11 -> N10 -> N03 -> N12 -> N08 -> N05 -> N09
641,0.0,distance_only,1656.432,2902.911,152.144,0,0,0.022,N06 -> N09 -> N04 -> N08 -> N05 -> N03 -> N01 -> N13 -> N12 -> N10 -> N11 -> N14 -> N07 -> N02
641,0.0,protocol_aware,1203.364,3905.051,90.246,0,1,316.891,N02 -> N05 -> N10 -> N06 -> N11 -> N08 -> N04 -> N13 -> N14 -> N01 -> N03 -> N07 -> N12 -> N09
641,0.0,bounded_blackout,1094.234,2826.491,53.293,1,1,1883.224,N09 -> N05 -> N08 -> N04 -> N02 -> N13 -> N01 -> N03 -> N14 -> N07 -> N11 -> N12 -> N10 -> N06
641,0.02,distance_only,1658.028,2902.911,150.691,0,0,0.022,N06 -> N09 -> N04 -> N08 -> N05 -> N03 -> N01 -> N13 -> N12 -> N10 -> N11 -> N14 -> N07 -> N02
641,0.02,protocol_aware,1203.499,3905.051,91.66,0,1,316.891,N02 -> N05 -> N10 -> N06 -> N11 -> N08 -> N04 -> N13 -> N14 -> N01 -> N03 -> N07 -> N12 -> N09
641,0.02,bounded_blackout,1098.483,2826.491,54.773,1,1,1883.224,N09 -> N05 -> N08 -> N04 -> N02 -> N13 -> N01 -> N03 -> N14 -> N07 -> N11 -> N12 -> N10 -> N06
641,0.05,distance_only,1660.42,2902.911,148.511,0,0,0.022,N06 -> N09 -> N04 -> N08 -> N05 -> N03 -> N01 -> N13 -> N12 -> N10 -> N11 -> N14 -> N07 -> N02
641,0.05,protocol_aware,1419.713,3905.051,224.214,0,1,316.891,N02 -> N05 -> N10 -> N06 -> N11 -> N08 -> N04 -> N13 -> N14 -> N01 -> N03 -> N07 -> N12 -> N09
641,0.05,bounded_blackout,1105.244,2826.491,52.524,1,1,1883.224,N09 -> N05 -> N08 -> N04 -> N02 -> N13 -> N01 -> N03 -> N14 -> N07 -> N11 -> N12 -> N10 -> N06
641,0.1,distance_only,1664.406,2902.911,144.877,0,0,0.022,N06 -> N09 -> N04 -> N08 -> N05 -> N03 -> N01 -> N13 -> N12 -> N10 -> N11 -> N14 -> N07 -> N02
641,0.1,protocol_aware,1708.098,3905.051,203.561,0,0,316.891,N02 -> N05 -> N10 -> N06 -> N11 -> N08 -> N04 -> N13 -> N14 -> N01 -> N03 -> N07 -> N12 -> N09
641,0.1,bounded_blackout,1597.641,2826.491,244.238,0,0,1883.224,N09 -> N05 -> N08 -> N04 -> N02 -> N13 -> N01 -> N03 -> N14 -> N07 -> N11 -> N12 -> N10 -> N06
642,0.0,distance_only,2019.978,2566.383,153.409,0,0,0.024,N13 -> N07 -> N03 -> N12 -> N14 -> N08 -> N06 -> N10 -> N11 -> N02 -> N05 -> N04 -> N09 -> N01
642,0.0,protocol_aware,1489.643,3148.444,122.39,0,1,478.51,N01 -> N14 -> N07 -> N11 -> N04 -> N05 -> N13 -> N02 -> N03 -> N12 -> N08 -> N10 -> N06 -> N09
642,0.0,bounded_blackout,1460.529,2387.39,65.545,1,1,2632.943,N03 -> N02 -> N14 -> N07 -> N06 -> N08 -> N12 -> N01 -> N04 -> N13 -> N11 -> N10 -> N05 -> N09
642,0.02,distance_only,2017.215,2566.383,154.235,0,0,0.024,N13 -> N07 -> N03 -> N12 -> N14 -> N08 -> N06 -> N10 -> N11 -> N02 -> N05 -> N04 -> N09 -> N01
642,0.02,protocol_aware,2447.115,3148.444,229.247,0,0,478.51,N01 -> N14 -> N07 -> N11 -> N04 -> N05 -> N13 -> N02 -> N03 -> N12 -> N08 -> N10 -> N06 -> N09
642,0.02,bounded_blackout,2177.873,2387.39,229.221,0,0,2632.943,N03 -> N02 -> N14 -> N07 -> N06 -> N08 -> N12 -> N01 -> N04 -> N13 -> N11 -> N10 -> N05 -> N09
642,0.05,distance_only,2013.737,2566.383,157.837,0,0,0.024,N13 -> N07 -> N03 -> N12 -> N14 -> N08 -> N06 -> N10 -> N11 -> N02 -> N05 -> N04 -> N09 -> N01
642,0.05,protocol_aware,2443.323,3148.444,224.918,0,0,478.51,N01 -> N14 -> N07 -> N11 -> N04 -> N05 -> N13 -> N02 -> N03 -> N12 -> N08 -> N10 -> N06 -> N09
642,0.05,bounded_blackout,2173.888,2387.39,222.798,0,0,2632.943,N03 -> N02 -> N14 -> N07 -> N06 -> N08 -> N12 -> N01 -> N04 -> N13 -> N11 -> N10 -> N05 -> N09
642,0.1,distance_only,2015.576,2566.383,163.848,0,0,0.024,N13 -> N07 -> N03 -> N12 -> N14 -> N08 -> N06 -> N10 -> N11 -> N02 -> N05 -> N04 -> N09 -> N01
642,0.1,protocol_aware,2437.005,3148.444,217.691,0,0,478.51,N01 -> N14 -> N07 -> N11 -> N04 -> N05 -> N13 -> N02 -> N03 -> N12 -> N08 -> N10 -> N06 -> N09
642,0.1,bounded_blackout,2167.246,2387.39,225.824,0,0,2632.943,N03 -> N02 -> N14 -> N07 -> N06 -> N08 -> N12 -> N01 -> N04 -> N13 -> N11 -> N10 -> N05 -> N09
643,0.0,distance_only,2190.306,2227.15,158.461,0,0,0.022,N09 -> N02 -> N03 -> N14 -> N13 -> N05 -> N01 -> N11 -> N07 -> N08 -> N04 -> N06 -> N10 -> N12
643,0.0,protocol_aware,1676.386,2404.429,110.474,0,0,428.567,N12 -> N01 -> N11 -> N05 -> N08 -> N04 -> N03 -> N06 -> N02 -> N10 -> N13 -> N09 -> N14 -> N07
643,0.0,bounded_blackout,1676.117,2608.093,115.696,0,0,2705.205,N11 -> N02 -> N01 -> N06 -> N13 -> N12 -> N04 -> N08 -> N05 -> N10 -> N09 -> N03 -> N14 -> N07
643,0.02,distance_only,2199.979,2227.15,157.128,0,0,0.022,N09 -> N02 -> N03 -> N14 -> N13 -> N05 -> N01 -> N11 -> N07 -> N08 -> N04 -> N06 -> N10 -> N12
643,0.02,protocol_aware,1676.331,2404.429,132.552,0,0,428.567,N12 -> N01 -> N11 -> N05 -> N08 -> N04 -> N03 -> N06 -> N02 -> N10 -> N13 -> N09 -> N14 -> N07
643,0.02,bounded_blackout,1916.062,2608.093,136.469,0,0,2705.205,N11 -> N02 -> N01 -> N06 -> N13 -> N12 -> N04 -> N08 -> N05 -> N10 -> N09 -> N03 -> N14 -> N07
643,0.05,distance_only,2214.771,2227.15,158.965,0,0,0.022,N09 -> N02 -> N03 -> N14 -> N13 -> N05 -> N01 -> N11 -> N07 -> N08 -> N04 -> N06 -> N10 -> N12
643,0.05,protocol_aware,1676.242,2404.429,136.965,0,0,428.567,N12 -> N01 -> N11 -> N05 -> N08 -> N04 -> N03 -> N06 -> N02 -> N10 -> N13 -> N09 -> N14 -> N07
643,0.05,bounded_blackout,1915.973,2608.093,128.159,0,0,2705.205,N11 -> N02 -> N01 -> N06 -> N13 -> N12 -> N04 -> N08 -> N05 -> N10 -> N09 -> N03 -> N14 -> N07
643,0.1,distance_only,2000.23,2227.15,194.485,0,0,0.022,N09 -> N02 -> N03 -> N14 -> N13 -> N05 -> N01 -> N11 -> N07 -> N08 -> N04 -> N06 -> N10 -> N12
643,0.1,protocol_aware,2156.07,2404.429,205.226,0,0,428.567,N12 -> N01 -> N11 -> N05 -> N08 -> N04 -> N03 -> N06 -> N02 -> N10 -> N13 -> N09 -> N14 -> N07
643,0.1,bounded_blackout,1915.801,2608.093,125.492,0,0,2705.205,N11 -> N02 -> N01 -> N06 -> N13 -> N12 -> N04 -> N08 -> N05 -> N10 -> N09 -> N03 -> N14 -> N07
644,0.0,distance_only,1715.951,2409.445,182.873,0,0,0.022,N06 -> N11 -> N05 -> N02 -> N08 -> N13 -> N10 -> N01 -> N09 -> N04 -> N14 -> N03 -> N07 -> N12
644,0.0,protocol_aware,1192.126,2839.718,96.992,0,1,208.967,N12 -> N07 -> N14 -> N01 -> N03 -> N04 -> N09 -> N10 -> N13 -> N11 -> N06 -> N02 -> N05 -> N08
644,0.0,bounded_blackout,906.554,2943.422,53.674,1,1,1467.27,N11 -> N02 -> N12 -> N13 -> N10 -> N05 -> N08 -> N06 -> N01 -> N04 -> N03 -> N14 -> N09 -> N07
644,0.02,distance_only,1715.974,2409.445,184.205,0,0,0.022,N06 -> N11 -> N05 -> N02 -> N08 -> N13 -> N10 -> N01 -> N09 -> N04 -> N14 -> N03 -> N07 -> N12
644,0.02,protocol_aware,1668.254,2839.718,192.117,0,0,208.967,N12 -> N07 -> N14 -> N01 -> N03 -> N04 -> N09 -> N10 -> N13 -> N11 -> N06 -> N02 -> N05 -> N08
644,0.02,bounded_blackout,907.832,2943.422,53.674,1,1,1467.27,N11 -> N02 -> N12 -> N13 -> N10 -> N05 -> N08 -> N06 -> N01 -> N04 -> N03 -> N14 -> N09 -> N07
644,0.05,distance_only,1716.092,2409.445,190.138,0,0,0.022,N06 -> N11 -> N05 -> N02 -> N08 -> N13 -> N10 -> N01 -> N09 -> N04 -> N14 -> N03 -> N07 -> N12
644,0.05,protocol_aware,1672.89,2839.718,195.975,0,0,208.967,N12 -> N07 -> N14 -> N01 -> N03 -> N04 -> N09 -> N10 -> N13 -> N11 -> N06 -> N02 -> N05 -> N08
644,0.05,bounded_blackout,1389.754,2943.422,195.308,0,1,1467.27,N11 -> N02 -> N12 -> N13 -> N10 -> N05 -> N08 -> N06 -> N01 -> N04 -> N03 -> N14 -> N09 -> N07
644,0.1,distance_only,1716.526,2409.445,200.026,0,0,0.022,N06 -> N11 -> N05 -> N02 -> N08 -> N13 -> N10 -> N01 -> N09 -> N04 -> N14 -> N03 -> N07 -> N12
644,0.1,protocol_aware,1680.65,2839.718,202.409,0,0,208.967,N12 -> N07 -> N14 -> N01 -> N03 -> N04 -> N09 -> N10 -> N13 -> N11 -> N06 -> N02 -> N05 -> N08
644,0.1,bounded_blackout,1394.395,2943.422,197.497,0,1,1467.27,N11 -> N02 -> N12 -> N13 -> N10 -> N05 -> N08 -> N06 -> N01 -> N04 -> N03 -> N14 -> N09 -> N07
645,0.0,distance_only,1619.778,2226.517,180.487,0,0,0.021,N05 -> N08 -> N09 -> N13 -> N04 -> N12 -> N06 -> N07 -> N01 -> N03 -> N02 -> N10 -> N11 -> N14
645,0.0,protocol_aware,1167.227,2718.751,94.317,0,1,470.158,N03 -> N10 -> N14 -> N13 -> N05 -> N04 -> N09 -> N07 -> N12 -> N06 -> N01 -> N02 -> N11 -> N08
645,0.0,bounded_blackout,1080.085,2848.738,45.822,1,1,2173.4,N03 -> N11 -> N02 -> N07 -> N12 -> N13 -> N06 -> N01 -> N09 -> N10 -> N04 -> N08 -> N14 -> N05
645,0.02,distance_only,1621.457,2226.517,178.456,0,0,0.021,N05 -> N08 -> N09 -> N13 -> N04 -> N12 -> N06 -> N07 -> N01 -> N03 -> N02 -> N10 -> N11 -> N14
645,0.02,protocol_aware,1167.607,2718.751,94.294,0,1,470.158,N03 -> N10 -> N14 -> N13 -> N05 -> N04 -> N09 -> N07 -> N12 -> N06 -> N01 -> N02 -> N11 -> N08
645,0.02,bounded_blackout,1794.354,2848.738,217.78,0,0,2173.4,N03 -> N11 -> N02 -> N07 -> N12 -> N13 -> N06 -> N01 -> N09 -> N10 -> N04 -> N08 -> N14 -> N05
645,0.05,distance_only,1623.975,2226.517,175.401,0,0,0.021,N05 -> N08 -> N09 -> N13 -> N04 -> N12 -> N06 -> N07 -> N01 -> N03 -> N02 -> N10 -> N11 -> N14
645,0.05,protocol_aware,1672.18,2718.751,251.039,0,0,470.158,N03 -> N10 -> N14 -> N13 -> N05 -> N04 -> N09 -> N07 -> N12 -> N06 -> N01 -> N02 -> N11 -> N08
645,0.05,bounded_blackout,1785.764,2848.738,251.039,0,0,2173.4,N03 -> N11 -> N02 -> N07 -> N12 -> N13 -> N06 -> N01 -> N09 -> N10 -> N04 -> N08 -> N14 -> N05
645,0.1,distance_only,1628.173,2226.517,170.28,0,0,0.021,N05 -> N08 -> N09 -> N13 -> N04 -> N12 -> N06 -> N07 -> N01 -> N03 -> N02 -> N10 -> N11 -> N14
645,0.1,protocol_aware,1961.145,2718.751,245.86,0,0,470.158,N03 -> N10 -> N14 -> N13 -> N05 -> N04 -> N09 -> N07 -> N12 -> N06 -> N01 -> N02 -> N11 -> N08
645,0.1,bounded_blackout,1771.465,2848.738,245.86,0,0,2173.4,N03 -> N11 -> N02 -> N07 -> N12 -> N13 -> N06 -> N01 -> N09 -> N10 -> N04 -> N08 -> N14 -> N05
646,0.0,distance_only,998.381,3232.092,130.159,0,1,0.023,N04 -> N02 -> N08 -> N01 -> N14 -> N11 -> N07 -> N13 -> N05 -> N03 -> N06 -> N09 -> N12 -> N10
646,0.0,protocol_aware,645.822,3670.541,78.081,1,1,214.296,N12 -> N04 -> N10 -> N09 -> N05 -> N06 -> N03 -> N13 -> N11 -> N07 -> N14 -> N02 -> N01 -> N08
646,0.0,bounded_blackout,645.822,3670.541,78.081,1,1,1620.606,N12 -> N04 -> N10 -> N09 -> N05 -> N06 -> N03 -> N13 -> N11 -> N07 -> N14 -> N02 -> N01 -> N08
646,0.02,distance_only,999.762,3232.092,129.311,0,1,0.023,N04 -> N02 -> N08 -> N01 -> N14 -> N11 -> N07 -> N13 -> N05 -> N03 -> N06 -> N09 -> N12 -> N10
646,0.02,protocol_aware,645.805,3670.541,77.534,1,1,214.296,N12 -> N04 -> N10 -> N09 -> N05 -> N06 -> N03 -> N13 -> N11 -> N07 -> N14 -> N02 -> N01 -> N08
646,0.02,bounded_blackout,645.805,3670.541,77.534,1,1,1620.606,N12 -> N04 -> N10 -> N09 -> N05 -> N06 -> N03 -> N13 -> N11 -> N07 -> N14 -> N02 -> N01 -> N08
646,0.05,distance_only,1121.84,3232.092,104.043,0,1,0.023,N04 -> N02 -> N08 -> N01 -> N14 -> N11 -> N07 -> N13 -> N05 -> N03 -> N06 -> N09 -> N12 -> N10
646,0.05,protocol_aware,647.844,3670.541,76.698,1,1,214.296,N12 -> N04 -> N10 -> N09 -> N05 -> N06 -> N03 -> N13 -> N11 -> N07 -> N14 -> N02 -> N01 -> N08
646,0.05,bounded_blackout,647.844,3670.541,76.698,1,1,1620.606,N12 -> N04 -> N10 -> N09 -> N05 -> N06 -> N03 -> N13 -> N11 -> N07 -> N14 -> N02 -> N01 -> N08
646,0.1,distance_only,1125.319,3232.092,101.935,0,1,0.023,N04 -> N02 -> N08 -> N01 -> N14 -> N11 -> N07 -> N13 -> N05 -> N03 -> N06 -> N09 -> N12 -> N10
646,0.1,protocol_aware,651.48,3670.541,75.259,1,1,214.296,N12 -> N04 -> N10 -> N09 -> N05 -> N06 -> N03 -> N13 -> N11 -> N07 -> N14 -> N02 -> N01 -> N08
646,0.1,bounded_blackout,651.48,3670.541,75.259,1,1,1620.606,N12 -> N04 -> N10 -> N09 -> N05 -> N06 -> N03 -> N13 -> N11 -> N07 -> N14 -> N02 -> N01 -> N08
647,0.0,distance_only,1464.79,2458.701,107.052,0,1,0.023,N08 -> N12 -> N11 -> N06 -> N14 -> N05 -> N03 -> N09 -> N13 -> N10 -> N01 -> N07 -> N02 -> N04
647,0.0,protocol_aware,1043.051,3022.165,77.395,1,1,493.663,N04 -> N08 -> N12 -> N06 -> N03 -> N14 -> N09 -> N05 -> N13 -> N10 -> N01 -> N07 -> N02 -> N11
647,0.0,bounded_blackout,983.455,3469.101,55.821,1,1,2155.949,N04 -> N08 -> N02 -> N01 -> N07 -> N10 -> N05 -> N13 -> N11 -> N09 -> N14 -> N12 -> N03 -> N06
647,0.02,distance_only,1378.904,2458.701,106.111,0,1,0.023,N08 -> N12 -> N11 -> N06 -> N14 -> N05 -> N03 -> N09 -> N13 -> N10 -> N01 -> N07 -> N02 -> N04
647,0.02,protocol_aware,1278.44,3022.165,171.651,0,1,493.663,N04 -> N08 -> N12 -> N06 -> N03 -> N14 -> N09 -> N05 -> N13 -> N10 -> N01 -> N07 -> N02 -> N11
647,0.02,bounded_blackout,984.396,3469.101,55.679,1,1,2155.949,N04 -> N08 -> N02 -> N01 -> N07 -> N10 -> N05 -> N13 -> N11 -> N09 -> N14 -> N12 -> N03 -> N06
647,0.05,distance_only,1375.943,2458.701,104.71,0,1,0.023,N08 -> N12 -> N11 -> N06 -> N14 -> N05 -> N03 -> N09 -> N13 -> N10 -> N01 -> N07 -> N02 -> N04
647,0.05,protocol_aware,1511.499,3022.165,217.192,0,0,493.663,N04 -> N08 -> N12 -> N06 -> N03 -> N14 -> N09 -> N05 -> N13 -> N10 -> N01 -> N07 -> N02 -> N11
647,0.05,bounded_blackout,985.833,3469.101,55.466,1,1,2155.949,N04 -> N08 -> N02 -> N01 -> N07 -> N10 -> N05 -> N13 -> N11 -> N09 -> N14 -> N12 -> N03 -> N06
647,0.1,distance_only,1374.022,2458.701,102.403,0,1,0.023,N08 -> N12 -> N11 -> N06 -> N14 -> N05 -> N03 -> N09 -> N13 -> N10 -> N01 -> N07 -> N02 -> N04
647,0.1,protocol_aware,1259.858,3022.165,176.825,0,1,493.663,N04 -> N08 -> N12 -> N06 -> N03 -> N14 -> N09 -> N05 -> N13 -> N10 -> N01 -> N07 -> N02 -> N11
647,0.1,bounded_blackout,988.291,3469.101,55.111,1,1,2155.949,N04 -> N08 -> N02 -> N01 -> N07 -> N10 -> N05 -> N13 -> N11 -> N09 -> N14 -> N12 -> N03 -> N06
648,0.0,distance_only,1548.085,2702.683,108.867,0,0,0.031,N05 -> N11 -> N02 -> N01 -> N06 -> N13 -> N12 -> N04 -> N07 -> N10 -> N03 -> N08 -> N09 -> N14
648,0.0,protocol_aware,1354.961,3682.451,90.474,0,1,213.516,N09 -> N11 -> N02 -> N06 -> N01 -> N13 -> N12 -> N04 -> N10 -> N05 -> N08 -> N07 -> N14 -> N03
648,0.0,bounded_blackout,1304.683,3908.166,61.853,1,1,1567.533,N07 -> N11 -> N12 -> N04 -> N06 -> N08 -> N01 -> N03 -> N05 -> N13 -> N10 -> N09 -> N02 -> N14
648,0.02,distance_only,1546.955,2702.683,108.116,0,0,0.031,N05 -> N11 -> N02 -> N01 -> N06 -> N13 -> N12 -> N04 -> N07 -> N10 -> N03 -> N08 -> N09 -> N14
648,0.02,protocol_aware,1354.136,3682.451,90.474,0,1,213.516,N09 -> N11 -> N02 -> N06 -> N01 -> N13 -> N12 -> N04 -> N10 -> N05 -> N08 -> N07 -> N14 -> N03
648,0.02,bounded_blackout,1308.724,3908.166,61.853,1,1,1567.533,N07 -> N11 -> N12 -> N04 -> N06 -> N08 -> N01 -> N03 -> N05 -> N13 -> N10 -> N09 -> N02 -> N14
648,0.05,distance_only,1545.377,2702.683,106.91,0,0,0.031,N05 -> N11 -> N02 -> N01 -> N06 -> N13 -> N12 -> N04 -> N07 -> N10 -> N03 -> N08 -> N09 -> N14
648,0.05,protocol_aware,1637.568,3682.451,147.344,0,0,213.516,N09 -> N11 -> N02 -> N06 -> N01 -> N13 -> N12 -> N04 -> N10 -> N05 -> N08 -> N07 -> N14 -> N03
648,0.05,bounded_blackout,1533.837,3908.166,223.371,0,0,1567.533,N07 -> N11 -> N12 -> N04 -> N06 -> N08 -> N01 -> N03 -> N05 -> N13 -> N10 -> N09 -> N02 -> N14
648,0.1,distance_only,1543.073,2702.683,104.672,0,0,0.031,N05 -> N11 -> N02 -> N01 -> N06 -> N13 -> N12 -> N04 -> N07 -> N10 -> N03 -> N08 -> N09 -> N14
648,0.1,protocol_aware,1634.905,3682.451,144.202,0,0,213.516,N09 -> N11 -> N02 -> N06 -> N01 -> N13 -> N12 -> N04 -> N10 -> N05 -> N08 -> N07 -> N14 -> N03
648,0.1,bounded_blackout,1531.767,3908.166,138.456,0,0,1567.533,N07 -> N11 -> N12 -> N04 -> N06 -> N08 -> N01 -> N03 -> N05 -> N13 -> N10 -> N09 -> N02 -> N14
649,0.0,distance_only,1481.351,2488.289,216.603,0,1,0.022,N13 -> N09 -> N06 -> N05 -> N04 -> N08 -> N14 -> N01 -> N11 -> N10 -> N03 -> N07 -> N12 -> N02
649,0.0,protocol_aware,1169.867,3576.949,105.342,0,1,311.982,N06 -> N14 -> N01 -> N10 -> N04 -> N08 -> N11 -> N05 -> N03 -> N13 -> N12 -> N07 -> N02 -> N09
649,0.0,bounded_blackout,1132.673,3621.577,57.94,1,1,1950.399,N06 -> N04 -> N05 -> N14 -> N13 -> N01 -> N10 -> N08 -> N03 -> N11 -> N09 -> N07 -> N02 -> N12
649,0.02,distance_only,1481.053,2488.289,217.691,0,1,0.022,N13 -> N09 -> N06 -> N05 -> N04 -> N08 -> N14 -> N01 -> N11 -> N10 -> N03 -> N07 -> N12 -> N02
649,0.02,protocol_aware,1457.075,3576.949,251.812,0,1,311.982,N06 -> N14 -> N01 -> N10 -> N04 -> N08 -> N11 -> N05 -> N03 -> N13 -> N12 -> N07 -> N02 -> N09
649,0.02,bounded_blackout,1132.194,3621.577,58.609,1,1,1950.399,N06 -> N04 -> N05 -> N14 -> N13 -> N01 -> N10 -> N08 -> N03 -> N11 -> N09 -> N07 -> N02 -> N12
649,0.05,distance_only,1480.632,2488.289,219.303,0,1,0.022,N13 -> N09 -> N06 -> N05 -> N04 -> N08 -> N14 -> N01 -> N11 -> N10 -> N03 -> N07 -> N12 -> N02
649,0.05,protocol_aware,1455.905,3576.949,245.809,0,1,311.982,N06 -> N14 -> N01 -> N10 -> N04 -> N08 -> N11 -> N05 -> N03 -> N13 -> N12 -> N07 -> N02 -> N09
649,0.05,bounded_blackout,1131.515,3621.577,59.594,1,1,1950.399,N06 -> N04 -> N05 -> N14 -> N13 -> N01 -> N10 -> N08 -> N03 -> N11 -> N09 -> N07 -> N02 -> N12
649,0.1,distance_only,1479.994,2488.289,221.934,0,1,0.022,N13 -> N09 -> N06 -> N05 -> N04 -> N08 -> N14 -> N01 -> N11 -> N10 -> N03 -> N07 -> N12 -> N02
649,0.1,protocol_aware,1454.014,3576.949,235.794,0,1,311.982,N06 -> N14 -> N01 -> N10 -> N04 -> N08 -> N11 -> N05 -> N03 -> N13 -> N12 -> N07 -> N02 -> N09
649,0.1,bounded_blackout,1130.48,3621.577,60.339,1,1,1950.399,N06 -> N04 -> N05 -> N14 -> N13 -> N01 -> N10 -> N08 -> N03 -> N11 -> N09 -> N07 -> N02 -> N12
650,0.0,distance_only,1965.636,2523.757,216.632,0,0,0.021,N06 -> N04 -> N11 -> N14 -> N01 -> N12 -> N10 -> N09 -> N08 -> N07 -> N05 -> N03 -> N13 -> N02
650,0.0,protocol_aware,1761.518,3537.385,96.821,0,0,281.853,N02 -> N13 -> N07 -> N05 -> N09 -> N04 -> N11 -> N03 -> N08 -> N14 -> N10 -> N12 -> N01 -> N06
650,0.0,bounded_blackout,1661.593,3596.132,55.261,1,0,1693.471,N12 -> N01 -> N06 -> N13 -> N02 -> N14 -> N09 -> N07 -> N03 -> N08 -> N10 -> N05 -> N04 -> N11
650,0.02,distance_only,1968.666,2523.757,216.265,0,0,0.021,N06 -> N04 -> N11 -> N14 -> N01 -> N12 -> N10 -> N09 -> N08 -> N07 -> N05 -> N03 -> N13 -> N02
650,0.02,protocol_aware,1762.262,3537.385,95.492,0,0,281.853,N02 -> N13 -> N07 -> N05 -> N09 -> N04 -> N11 -> N03 -> N08 -> N14 -> N10 -> N12 -> N01 -> N06
650,0.02,bounded_blackout,1659.259,3596.132,53.554,1,0,1693.471,N12 -> N01 -> N06 -> N13 -> N02 -> N14 -> N09 -> N07 -> N03 -> N08 -> N10 -> N05 -> N04 -> N11
650,0.05,distance_only,2259.964,2523.757,226.251,0,0,0.021,N06 -> N04 -> N11 -> N14 -> N01 -> N12 -> N10 -> N09 -> N08 -> N07 -> N05 -> N03 -> N13 -> N02
650,0.05,protocol_aware,1763.39,3537.385,91.713,0,0,281.853,N02 -> N13 -> N07 -> N05 -> N09 -> N04 -> N11 -> N03 -> N08 -> N14 -> N10 -> N12 -> N01 -> N06
650,0.05,bounded_blackout,1655.775,3596.132,53.763,1,0,1693.471,N12 -> N01 -> N06 -> N13 -> N02 -> N14 -> N09 -> N07 -> N03 -> N08 -> N10 -> N05 -> N04 -> N11
650,0.1,distance_only,2073.685,2523.757,139.438,0,0,0.021,N06 -> N04 -> N11 -> N14 -> N01 -> N12 -> N10 -> N09 -> N08 -> N07 -> N05 -> N03 -> N13 -> N02
650,0.1,protocol_aware,1765.311,3537.385,91.438,0,0,281.853,N02 -> N13 -> N07 -> N05 -> N09 -> N04 -> N11 -> N03 -> N08 -> N14 -> N10 -> N12 -> N01 -> N06
650,0.1,bounded_blackout,1890.008,3596.132,188.778,0,0,1693.471,N12 -> N01 -> N06 -> N13 -> N02 -> N14 -> N09 -> N07 -> N03 -> N08 -> N10 -> N05 -> N04 -> N11
